tx_frequency,wallet_age,interaction_count,avg_val,is_fraud
0.12877397515126382,2.64480872228883,26,3.5082081781694012,0
0.8198650030767728,0.07320475396596937,1,22.8643336025474,1
0.26293112272805574,4.591868658827222,15,1.350870253762524,0
0.5397739482758297,1.8118261766803656,21,3.629892564952192,0
0.4961397028434277,1.5446026076007027,19,1.9942258484100954,0
0.008541390438287976,1.9252270491134724,17,0.7522959331992772,0
0.0673359035159015,3.56544166019697,24,1.6636739073733655,0
0.4701718748221818,4.903225091023058,21,0.24913007155314912,0
0.12737206862492684,3.722782446303938,19,0.4908279899289932,0
0.11229774393554637,2.222708935835767,21,0.6838362119212105,0
0.20767155120509256,4.916370748251487,18,0.48252169636521897,0
0.8835326829924565,0.01679219494851428,2,2.6959284481567756,1
0.13905343284636643,1.6221910459815145,26,3.35090563203761,0
0.21105596224567857,0.6775337881521115,22,0.26755820698090627,0
0.18912508205449066,2.28916341189791,22,1.107076999780833,0
0.3928556357909251,1.7609738314575698,19,0.7794714273624572,0
0.33189519004088003,3.272498601870745,20,0.16332889709422163,0
0.08272118555775755,2.809136756809747,16,0.05980830189310811,0
0.6772142656077721,2.6172532359035703,18,0.9196307024657572,0
0.5926299569689514,3.336804167161998,17,1.0719630703122534,0
0.19698125110149167,3.931940704601679,16,0.2744126591118572,0
0.3746548616295395,4.048483289037154,15,0.6209652663282733,0
0.2914509867831532,3.0667429641538884,27,0.22245134857887391,0
0.3855762601817011,4.842642303094634,17,0.5389613423657148,0
0.4853886819774772,1.6778879106666065,20,0.9206293699841845,0
0.29743058634925534,4.2413747986864,17,1.5294346386683613,0
0.41357504048517535,4.8514325811261685,15,0.34978463979430935,0
0.32564228785029015,3.1454856136840177,20,0.8629831312267757,0
0.3620470195227661,4.740505227207667,25,0.09107405717435746,0
0.40450738164970457,4.906678395238891,13,0.4022656772034507,0
0.6357621733048404,2.436898586395851,19,0.41112429140087153,0
0.23335365277990106,1.9246835678569103,22,0.3139619239120506,0
0.2113762607647761,4.192823270385666,17,0.8334674882440574,0
0.8248041427438936,0.10079664465331882,2,4.816700459240049,1
0.6501191077183132,0.047948373221134946,1,6.67006969380416,1
0.05308860825920822,3.6229644877517404,15,5.28378037672226,0
0.3437868850399363,1.0694500642103366,21,1.742097242915716,0
0.2377351471651259,2.6941929712230244,21,0.978210817347504,0
0.16446720091967335,0.9516537279277427,26,3.193787995593169,0
0.11401309098230164,4.570132672765794,20,4.610478111653353,0
0.25065058284390856,4.1630753098396855,23,0.7307172280084159,0
0.2163186371842328,2.9541328346013875,20,2.7134412301621174,0
0.49803833536593517,1.189010505974893,17,0.6397722362588348,0
0.7015044837335166,0.05509036379873931,4,144.16446105482257,1
0.015496362345667782,4.014251685277192,25,0.3293404469940676,0
0.206372099964111,2.6237181458988243,27,1.0064019463787535,0
0.02859779450428737,4.338427860635615,34,0.3509365546701969,0
0.08985359099049063,4.971978962455692,25,0.49405396831209697,0
0.0672689933682256,4.883140512374287,27,29.908039314846448,0
0.27024798260082544,2.8581695144041412,21,0.7238524789585732,0
0.9685479751625186,0.10257741646563569,1,2.4562351405501,1
0.343794707592019,4.319387152543557,22,0.5873444169940985,0
0.7857545584829723,0.06662792268591376,0,0.5915262675947287,1
0.0935055489057235,2.5384914537348373,20,0.5444423075321733,0
0.26561230696069565,2.7235658351357177,22,0.14863871929759656,0
0.7545468279043082,0.17597632443179642,3,9.553447981288198,1
0.22897650090283309,2.655683265535761,13,0.76715608559674,0
0.3182142680979291,4.7888274587996165,26,0.798200641916833,0
0.05378909132585059,2.794504766925246,13,5.162539593610861,0
0.28337721711882397,4.678349337690934,21,0.6206389802701545,0
0.3711164980998355,4.95860610175672,20,0.8426055819168016,0
0.03412243878816832,4.11204115636829,22,1.8442680922209085,0
0.09558620052636864,2.632638924100364,15,2.6005006160139947,0
0.3368466760260066,3.419361217564944,26,0.5546337357693765,0
0.30166482164401665,4.434334520999784,14,0.08709951052973804,0
0.13367464593228,4.83031193752664,22,0.23274976138717568,0
0.1670452759022318,2.1573967193902925,19,1.44822731527374,0
0.10443655618211217,2.6383897375562726,29,1.557825481304566,0
0.26930974113209205,4.7055113264447685,19,3.205893653539109,0
0.9807420691009666,0.17758915534146275,2,2.324664676695066,1
0.37808842577192014,0.5629177083711414,21,0.5396510235732656,0
0.449497066598194,3.792406567639496,19,0.4647049414723626,0
0.19055215875382983,4.7979435027455875,20,0.3955373002028457,0
0.13525534745986947,4.919200802538728,13,1.945141129337745,0
0.5644088328474535,4.730792284854755,15,0.3685079261634145,0
0.5225861423642045,4.495181517342494,23,0.47217286182908874,0
0.05997953670248742,3.9044869702601734,21,3.968904937046761,0
0.44258501626167795,1.378285767680028,15,1.1647726093946584,0
0.04765864121384041,2.5298423232118683,21,1.234523651385407,0
0.11046638140695328,3.8773579131353704,18,0.893009111905539,0
0.1424322260812924,3.1440279746740925,18,0.5307556984359652,0
0.07092030304143881,1.4102293178391365,16,2.852523290532755,0
0.10603795372317097,3.750950403600859,12,1.0049226351157035,0
0.5133207689547002,1.0881421418674084,15,0.17468684108478216,0
0.13511887681050666,0.800586847679774,13,0.4815636910832577,0
0.5282487210196286,3.9087942026832767,14,1.8937203194737997,0
0.6315231599513972,2.7231929012108,14,1.898166318257185,0
0.19618615020438687,2.85916067556726,16,0.26473984895874203,0
0.15410339502969422,3.4289547687309976,20,1.6009527383591369,0
0.4396127816789042,4.3489150896332225,21,0.09494258650106681,0
0.33412728376002626,3.6892786095720482,18,2.4419194215284077,0
0.14226278864979655,3.890767554982886,20,1.189992742556485,0
0.14636909247810584,2.5237643476644775,21,0.7760307203922212,0
0.19019799216996636,3.200911461916613,20,0.9084634149075066,0
0.15122495946058556,0.7977592477633138,16,0.20617290633335736,0
0.5432281616169,3.4530795196176136,21,0.08135303171246168,0
0.2465990503366577,4.365708483679953,12,1.7794416815309735,0
0.6220236197707895,3.177122094134922,18,0.45383703604808706,0
0.22495199585355688,4.38630350413979,18,0.17127429048386678,0
0.12666647276946816,1.3914688740848933,22,0.3287928145259055,0
0.1284329099517978,1.501344698798509,24,1.1772650859828426,0
0.15331801911858728,4.33830251153187,17,0.11048081939733478,0
0.25291767792376496,3.458724034932239,15,0.781122669982293,0
0.35726668316608595,3.8149553084845573,19,2.217610725733662,0
0.9671826511750641,0.017178763932273078,0,1.0413463965997314,1
0.25087817894897935,4.321486151123472,20,1.8615143749450735,0
0.20062136491835503,1.1205446977865028,21,0.20094882410213813,0
0.36159147616905,2.8070963254796513,28,0.8521078277823403,0
0.3702776683029797,3.0490997269083544,14,2.4737064192484377,0
0.5716557041415302,3.2382707583685395,24,1.6043985858213918,0
0.1888093684589531,2.2388700282376153,19,0.4171959472727039,0
0.3713503337226324,3.197206500174958,29,2.616418695306264,0
0.8321855143533546,0.027306038827209785,0,14.018469495432436,1
0.5584781236073905,4.602185989521233,18,1.3402133846841076,0
0.06257216093856653,4.982653589558863,18,0.6715237307590075,0
0.3987980873216831,3.0200179515301326,19,0.9054580436032958,0
0.1499288317707551,3.791052928333722,18,0.3472523579901809,0
0.3102883063671743,3.4509978580288108,22,0.9376883380639585,0
0.1113278539020294,3.8573697045780184,16,1.2030256570971076,0
0.32939141594503535,4.330769954974389,24,3.265944831302815,0
0.13419683758700235,3.5967849652501855,29,0.414932703258866,0
0.105107936033062,4.344204616958888,18,0.5980452826712326,0
0.346139095439149,1.6348782264256319,18,0.35881457391447125,0
0.103069235599335,1.4393564707938316,20,1.6277817438689766,0
0.3430726573652272,3.200983749778862,27,1.1714366126554296,0
0.5510109900011245,3.2343060914777246,15,2.582991498569025,0
0.11869571701032622,1.9719117770073737,20,0.5792842859849826,0
0.07701517973847412,3.9948803346768034,16,1.2690325434655638,0
0.14404084611442153,0.6978723872965468,25,6.4822424245848085,0
0.20972241443300296,3.941815519489926,27,0.9073711827878872,0
0.5946520075289932,2.480648929420716,24,1.3204630099641383,0
0.09595496604127507,1.757490900061524,15,1.7621611591278914,0
0.28668512184945505,2.9919827943249713,27,0.25006146268766527,0
0.41883744157141983,1.8618002828684992,21,1.6995149752383476,0
0.901741976307235,0.11704291072657146,0,2.945281253819968,1
0.26891038171089077,4.175353757627066,24,0.4781861214625881,0
0.09899462860814981,3.788180979632988,9,2.283989245210376,0
0.12338135797473954,2.4478299805805195,15,1.5487133442497532,0
0.15627851672439574,4.782111392479413,29,0.3728201945438375,0
0.5527022731629201,0.018872585398171483,2,294.0151271109052,1
0.7042859782650116,0.04386428879320086,3,49.70069895219296,1
0.24190466486656534,2.2674241351612365,21,0.7404886760222654,0
0.26307109547191165,2.429844625879873,24,2.264756226103245,0
0.10344807252029531,4.628861272536566,19,0.5286352865462248,0
0.07863030266515963,3.8997259565639673,21,0.8567152266510479,0
0.05399553315182197,3.436370949876885,21,0.9755919489639246,0
0.485305823321759,2.954696666256329,14,0.8166001038540414,0
0.5758355876757243,2.7769249812067853,19,1.45378796700596,0
0.16934024732414574,1.8742166688580868,28,1.2075953661064633,0
0.37164149239614974,0.9509510707273604,22,1.1223822839725415,0
0.7437865531986075,0.09823655220092273,5,16.553527288580764,1
0.0724458725926672,4.532127643962469,19,0.059449090279329195,0
0.21171353287182895,2.2977791386725395,19,0.8323183143084928,0
0.16119366344691208,1.1002965582987023,23,0.3044574359822277,0
0.929841523535856,0.14796015299018953,3,449.9019988932211,1
0.7083025188867383,3.924997648183661,20,0.34843449031075296,0
0.3277398041057805,2.961626658910015,10,2.0081984896877985,0
0.1738516067792542,4.475157341139104,15,0.13113193689508984,0
0.2266782290966275,2.21708474521483,23,0.37134518788833226,0
0.1818150929627592,1.4730480247594606,12,2.3054123800650292,0
0.1788568234142363,3.604860554637762,34,2.892633831848337,0
0.09148188083856164,4.247414008037214,14,1.190636692179227,0
0.11656524451320598,1.3113055877703825,23,1.9371745827803868,0
0.26302014633227927,4.197409687240251,14,0.21801913077955565,0
0.1160792757469185,0.5176819463999801,20,0.7468590094487073,0
0.10412588202849091,1.789966618012637,24,1.932147256856021,0
0.3025104133083956,4.52542483508266,23,1.0340946271090756,0
0.07093171933841814,3.5542095629690924,20,0.28535460261017626,0
0.12368752730660111,1.467821621592736,22,4.220276116496337,0
0.12599008660891947,1.2519503949453525,27,0.8426704102950446,0
0.23966041990161244,0.7933676098311097,10,0.32787513386692935,0
0.03395953158524765,4.5983831573216625,17,4.652462878548567,0
0.45665311624654237,2.4574108904962033,23,0.9657483842482355,0
0.29252612351389035,4.166564007361532,18,1.2805266672680844,0
0.32104878152933364,3.3333855540460577,24,0.6481947855832951,0
0.6617891403124742,0.5952371629191722,18,1.3316073467725997,0
0.30242915509000895,2.9034576053863947,16,0.35629164487649384,0
0.45862252370966256,2.587393496429814,18,1.7098219099237932,0
0.7232403204147053,0.09821061985432854,2,12.09223638915456,1
0.3826501704273498,1.1677342019786494,21,1.4232895112120854,0
0.1929727363902944,3.629332168651876,16,0.2685069007075102,0
0.6697424146261156,1.3663846194716276,23,1.3624473481018315,0
0.8183752160812087,0.14463003376234987,3,0.15692996799276526,1
0.20119694266932148,0.6925247071127054,16,1.4883044243999664,0
0.4249796304798958,2.2968466521160362,20,6.967148344461674,0
0.4679117158162938,3.3532272873802373,16,1.5024398951495643,0
0.20806178701546574,1.073393525117296,21,0.3072741662985468,0
0.3207166733051495,4.418646911490281,26,2.553250910942592,0
0.6586435730821777,4.96398654056683,15,0.7179171520587918,0
0.36212478016825544,2.1363248694702066,23,0.36888698411367665,0
0.23057635509190597,3.0636708441593443,16,1.656572466525133,0
0.14157879074904514,1.8071672252402464,18,0.7336590910965064,0
0.8965773935840758,0.11130812623011764,0,120.72561848027152,1
0.24876630243899964,4.919180394159419,25,1.2522611590793384,0
0.19940635350034852,2.1055831504472056,24,0.6736484766168291,0
0.305688832835798,4.941111713981956,19,0.8438167134089053,0
0.38733736021808607,2.4200329127711213,22,0.22183256234947582,0
0.28301158354070866,3.0217093706154574,19,0.6406014393084414,0
0.0323531017045897,4.530736286366007,23,0.4512572678072906,0
0.4374391001477443,2.434472411561816,21,2.0318291593703677,0
0.28089936600992255,4.907392311549199,17,0.20449984331641907,0
0.3081051648888546,2.2462217152628643,15,1.1289852633596962,0
0.1563158226728785,1.0802178743891773,18,5.663499313379887,0
0.2443347899659167,3.553085970847223,30,1.6762464617519075,0
0.14410535621579967,2.538566376710848,26,2.369679210941389,0
0.22144661350331796,1.2115969057371405,26,0.20833400904930371,0
0.19046577593329558,0.5168529262007817,20,4.1961902760725085,0
0.045236990743195586,0.951981880378847,17,0.5412525853364429,0
0.2626474034892767,4.675860778041701,19,1.4641057626281215,0
0.19925766137187528,1.4480617879740327,22,0.7165444510368268,0
0.18475692586120332,3.0961496236983956,19,1.5103719863829022,0
0.49582032557886435,3.9065534048631214,21,0.14041219813214184,0
0.062492074666717044,1.4307846716460255,22,0.8503883920491306,0
0.4692085329100669,4.138071302647168,15,0.43958669081864865,0
0.6120871874970085,2.7944332533788128,25,1.1919302894474213,0
0.10748122632091453,4.687529121660077,19,3.9168436412112997,0
0.4331921274202022,4.810186957159666,19,1.2306497659343099,0
0.0749264989199017,0.7327439714959405,16,4.360689777354861,0
0.5820892418272667,2.9716307212005244,17,0.30454356908237806,0
0.29461063522241154,2.330888483926849,24,1.771729737079344,0
0.27548206080856363,1.33679050425962,17,4.090304812027717,0
0.3149164589086918,3.177357608036616,28,3.4328538188791935,0
0.6725482033592058,1.0109954472957223,14,1.7704331076420758,0
0.4381623305700235,3.515834603350434,15,2.9183560819561984,0
0.22841100837890377,1.6324899577046184,19,1.4993555550973972,0
0.1568011892893915,2.195688227665869,22,0.4882760920510649,0
0.9143910449303554,0.15311055336038668,2,5.347190953720849,1
0.3791970432613827,4.50641505296143,21,0.9631332477962855,0
0.3307736286705314,2.7961819079929215,19,0.18415799530426472,0
0.4370911201321351,3.557786102314499,17,1.5020752247440352,0
0.3739285690754604,4.54200583474473,21,1.7999848134416179,0
0.13236093913767485,3.571155798065879,13,7.691638932690434,0
0.4136695450777487,2.0096447475239136,12,2.0849577593500466,0
0.2565876533709764,3.97314399321498,27,0.850713451192526,0
0.15647527334476485,2.9078318740064657,24,1.9679533564829024,0
0.6011473779890357,4.917772478217466,19,1.2058491740275705,0
0.2325652441486521,1.0366257545665996,28,0.6820966997346823,0
0.25679337220434534,3.8336421412973487,21,0.7650905118232382,0
0.3467104430532751,3.9380568154957434,17,0.968040503674604,0
0.23225537486238063,4.510532484641603,20,1.3408241054665824,0
0.8940424532009227,0.07545535247706771,3,34.78941840708243,1
0.9644161194855159,0.05095322416986362,1,0.8605306060312764,1
0.8503862731409689,0.04818506623033553,2,9.080746864786889,1
0.2780135292743145,1.3475609298025255,20,1.4224092805310655,0
0.4375593593139183,3.4786297857106683,19,1.5197024500617564,0
0.7186798180045447,0.05800912927047632,2,0.8327196749916169,1
0.28839429174976594,3.9867249499457964,18,1.139675241463257,0
0.8457013000006474,0.16976890557518215,0,59.944877256258735,1
0.8908770206503348,0.15267639476817724,0,11.725064557134656,1
0.45378599468165,2.703024078024226,19,0.16969117150899773,0
0.12669323395831505,3.572347278321685,29,1.1408677513099224,0
0.4127534643139535,1.5368988731645175,23,1.381606824683207,0
0.13079732488837617,4.874189423794806,14,1.3983839611126576,0
0.39789587648547914,4.900531945037569,19,7.198686497254471,0
0.09548532014270959,3.4066243688248132,26,0.36219179766903725,0
0.0380330804030728,4.247820687161491,21,0.6403427123333157,0
0.7896278796028952,0.06859497247337776,2,7.4157566438687725,1
0.12962796809496435,2.6086091196881256,19,1.6862729970700097,0
0.2263085747095662,1.479496442296722,14,2.6725956364873005,0
0.41044940735889535,1.9863995242858095,22,0.5785722843106639,0
0.11824840620376646,3.824723468080308,16,1.6555815906317297,0
0.7893498610049993,0.03550529962781128,0,166.03670444908872,1
0.25340908575596666,4.921171929774982,16,0.3419159699304166,0
0.4123147174913395,2.6063782708444103,21,1.5377877200318852,0
0.409624716750012,0.5054162625905806,21,0.7845985947174512,0
0.47999736385415465,1.1724435596390859,21,0.38401215345739487,0
0.41065901696335355,1.4797806541116107,16,0.45918203689290316,0
0.40271043726574773,2.688916257617323,14,3.0049928245435638,0
0.38735150613503155,3.1370736986523347,24,4.112491855080485,0
0.33346431259699133,3.761551855379459,11,0.9427571737181701,0
0.48281040201816744,2.937386785248739,18,2.8489614786819613,0
0.3138209514320197,1.4383739313463448,22,0.4683695520319201,0
0.2975003251653696,3.0094756143008734,17,6.058900862661346,0
0.7407319631799089,0.12469245965613768,4,1.2464636452809856,1
0.17240403199296145,1.2005425649388894,22,1.2603157998247578,0
0.2561236744703177,4.615992983406873,21,0.6146936974393876,0
0.1463016037553456,3.7485930829653684,25,1.3603408166467001,0
0.10569476371827931,4.963669782386498,18,0.6403148222397065,0
0.20451517190310395,1.7829477472234734,19,2.121516045956761,0
0.487612734914404,4.071950631633893,17,3.300963788700448,0
0.3562310142282795,1.9456482803626063,13,0.6329542913744116,0
0.38325346212605194,3.889398658614032,17,0.42843030090890216,0
0.4598243216201836,2.845718631013411,28,4.300182754907562,0
0.45513505545386385,3.8032881576039856,20,2.1499347532962565,0
0.48924697650652654,3.895354883415041,23,0.3230189886283553,0
0.22792942494599078,1.9772253210116806,15,1.8562463495191417,0
0.4589052596846442,3.0212153401863784,27,2.712519250484633,0
0.2048413037352405,1.9724000991751813,22,0.8004550286293449,0
0.0445494775954825,3.4989197636701084,21,1.1692095421913193,0
0.22972995721194808,2.1735319979352923,15,2.685485638100235,0
0.3648374109652253,1.1783164686402579,22,1.4674884522688723,0
0.40573939451514135,4.708626414774498,17,2.159874480045658,0
0.559871566866577,1.3022366374491836,28,0.10436077761588279,0
0.5792588843279106,1.6266787281813997,20,0.12213837057363357,0
0.13930599985950748,2.361401396804292,20,0.5790732696148607,0
0.7647285103788559,0.7377109001786152,16,12.221195628610337,0
0.3643560072051002,0.5113739742435903,31,2.1145059274812197,0
0.10560329282282402,3.2504644903947355,28,0.4250779581552542,0
0.2606555708686867,1.8526600525141328,19,0.3286688418033758,0
0.4204319504947182,1.17336524679017,19,1.034796391874279,0
0.09961439371057276,2.0039688201684194,16,0.7922247061753345,0
0.0822469062416877,4.819295420323334,20,4.56919184952766,0
0.2519710434881741,3.707231013313473,26,0.29060468344600693,0
0.6796072015606169,1.4236588838132154,21,0.2788490836489454,0
0.09131093554526601,1.2531538882699311,13,3.129801219087062,0
0.6948131172664443,0.1791200399541138,3,7.3800693482894575,1
0.5139018743427041,4.41900756512,16,1.156985710918117,0
0.19598488052173257,2.8375374493290035,22,3.7291341730768,0
0.15248907142733653,3.011220390332694,11,0.27956488297405124,0
0.19327038782484643,3.9005679967228395,17,0.22531687745969664,0
0.29611450718863774,3.271297524895561,17,0.4329988978165872,0
0.16725119383413642,0.6243339011378679,25,5.062567409420283,0
0.18675330998320486,4.16753499642691,23,0.20073074220811546,0
0.6894289586256415,0.18496836998773708,3,3.0912586412213425,1
0.34109473461450823,2.2257906102173255,29,1.0353805233852005,0
0.15357448580454305,0.5772784579806629,30,0.6927939775242773,0
0.12884462636545096,4.815531890439955,22,2.153270677097745,0
0.37183398965957776,0.6800883833255269,16,6.932892488613236,0
0.22571369567608215,0.944898523052066,20,2.963823396674655,0
0.2897607866897452,2.4170036472608425,22,1.1439825868932647,0
0.3113788768868935,2.333007142264673,17,0.5673304630393371,0
0.4965719311611563,2.127403974897588,21,0.5380780490971562,0
0.37713332225068996,4.3807117303592324,15,1.1487047790168856,0
0.2511318025803017,1.7281477738973157,15,1.5641547141263699,0
0.649308007957882,0.19408327373887982,2,0.9046500103887256,1
0.23313970118059066,1.856412103093513,16,0.13510459784067694,0
0.26960261498452076,4.86289643690759,15,0.4099767667549287,0
0.2155226562921169,2.9410061273474306,31,13.101836212067374,0
0.20108583762125615,0.9722263114757725,21,1.8352927209612824,0
0.21561212299517163,4.977737386156613,29,5.840555334199446,0
0.16891066296121485,4.7494950608673125,21,0.4534969598241452,0
0.4160663276260022,1.1312024605662603,20,0.8636119232011588,0
0.13112682435281103,2.280514613433422,15,1.3750724196959698,0
0.4274752506596303,3.80398252787991,24,0.6981751305622681,0
0.44357027104352237,1.0022143975335132,15,0.6443234966009033,0
0.39919249771618825,3.059684292949227,21,2.843558171400978,0
0.2481321191676491,0.5215992116781683,20,1.0186620585458863,0
0.3527491974902858,4.349012586360416,22,1.4881410990908472,0
0.30596447922377995,4.278332244060464,18,0.8672562945621204,0
0.25808502899160585,1.7171109752742897,10,0.5172007744078982,0
0.3176823380610365,4.8879585549509015,32,2.8716661820441365,0
0.5303312169528825,2.6765620059103994,23,0.6120918690593349,0
0.15177888402361203,0.9267369747984562,18,1.7992922379107072,0
0.10057700509643425,4.814139836144293,15,2.5838912480721845,0
0.4597151824198203,2.92777958292933,23,1.5080719235710176,0
0.5131265534761532,4.805997991848348,26,1.8444324566869876,0
0.1780908575391145,2.971737536577119,23,1.0379982302913981,0
0.08667689236504963,3.35204788795251,20,1.1450993162376402,0
0.2064462585302168,1.3395106048802705,22,0.9419744665067182,0
0.2374627318471817,2.025628473847594,21,2.627780729455331,0
0.1926228311573108,1.9678327757505916,31,1.1087593180378337,0
0.02185703926338279,1.8950736011983202,18,0.5906791190496605,0
0.5786540599583424,2.92976702249623,15,2.5559624809172456,0
0.23393524162205895,3.760841016047271,26,2.468277857552566,0
0.292911482884641,1.9322444575376618,22,1.425983348214511,0
0.37062651338431984,3.2864356626342035,19,1.8433813245580584,0
0.3876762625213467,3.7994216222883948,19,2.4300183747119273,0
0.11500129820581724,1.9866095991457746,11,1.54197482181304,0
0.3709561029017993,0.1977329089726185,2,1.371359550727161,1
0.10271623491366674,1.0470048328322108,16,1.1420885900129594,0
0.1552136263796822,3.8960713439066357,28,1.6479941937138771,0
0.46758828108246764,1.6810533634320064,18,3.0877861169639353,0
0.2123025897341321,4.819676542625757,18,0.8160184733071311,0
0.3973524916677652,1.5220686451633951,26,1.221031748240379,0
0.8488801722779536,0.12327093160302872,2,2.798594317874764,1
0.07981683957207238,4.295481996491331,16,6.1136408433281115,0
0.9343170733050958,0.09953763615847035,0,12.771666495234532,1
0.7308156336792759,0.12717534284575563,0,34.40442968188604,1
0.5123593069981472,4.352428995063727,15,5.807885734763964,0
0.11901145510203676,3.4538591040335285,15,0.4120382190689224,0
0.446980554835605,2.727284601672462,29,0.19905455721651932,0
0.20812464152938792,1.0813276301393726,26,1.2101335514378428,0
0.38695808791573033,2.319182217793189,18,1.100044104865475,0
0.07197898661370566,4.254149766133273,17,0.7888777528957871,0
0.20364664291642698,0.9570746464009757,18,8.573759294855918,0
0.1458403712916393,1.3501123539516293,24,0.47833981501995126,0
0.18092256435726126,2.4307159728745207,16,8.297979544794018,0
0.2104667099377071,1.9161003824209695,22,0.736353140352081,0
0.2440541157015483,4.45633213000594,19,0.2280929049201629,0
0.06057097799136987,1.3401454319472772,15,0.679231451850117,0
0.15941952540492357,2.403565008087932,21,0.3677799348634615,0
0.17331620583955,0.9943689067373005,19,0.9810218979646651,0
0.16617454744844654,2.3357091697443337,20,3.002917945126475,0
0.2521358998199387,3.476483773028486,25,8.66890350400504,0
0.4984393539630986,3.0086354703904417,22,4.849836983417321,0
0.2722191385988028,2.522668843334426,16,7.851377025941747,0
0.6261818889423154,0.8174043285679486,24,0.19572050639997468,0
0.40134516921216157,2.4970767844087796,17,0.856373506318401,0
0.31414072588840747,3.013322689223713,18,0.6083210541260295,0
0.19011277934933793,1.3070901166904834,17,3.3967120585521493,0
0.789183947600401,0.12997997775522252,0,6.047557445018392,1
0.2145124628837897,2.636275033717175,13,2.4025736387865813,0
0.12911407064361446,1.049241951865922,15,4.203243394635634,0
0.3136445066569821,1.4974872938932473,24,0.4274541478879637,0
0.2719984442922603,4.050832922967621,23,0.683015799433314,0
0.8865043348738363,0.19863474782855234,2,12.64593538632908,1
0.267359711685993,1.367394448491678,21,0.6338881654003207,0
0.33497689168284295,4.899755803426896,24,0.7201318615558208,0
0.3769300881312833,3.056937533543709,29,4.043095271700156,0
0.4775736131296141,1.501384021244986,23,0.4124384963809473,0
0.2916552692418564,3.32987263405026,21,4.165499272382289,0
0.9508721348407294,0.033418567790667535,1,1.8671839940548651,1
0.16908488814863465,1.6654930453764485,20,0.9357880019782733,0
0.25817182001218075,1.5869426572219005,20,1.410011041454508,0
0.3094475415872865,3.5942064301433017,25,0.5509911399811463,0
0.4089651177289651,1.089565494951265,23,0.6047684327307036,0
0.10420744194387795,4.932543865232509,13,1.0710379231397071,0
0.5658541850047472,4.481613864320881,23,0.35071724634095175,0
0.6736207330510863,0.15866391068803676,3,7.813467796630263,1
0.13743369605616407,2.5978560356999023,22,1.1428206022262832,0
0.32440005528764365,1.4208146265155894,22,0.6081254113307683,0
0.6558873610081347,0.033320610388177886,1,19.814051881618514,1
0.9072321310729494,0.10798987579106853,2,3.2803223374311288,1
0.32116449892110194,2.6309284110450073,23,0.34192661367893806,0
0.29154087350930313,0.715149786661159,16,0.26914939270108384,0
0.5242688203042878,0.8158847513347112,15,3.092045193677175,0
0.12070277057410704,1.7547691260992375,13,1.229586124407319,0
0.16742616515640876,4.9896329839754605,23,0.08402158439779665,0
0.6543237276037862,3.098296702098909,28,2.1450058951752573,0
0.5906689268947855,3.9440839726384422,15,1.1046820959450587,0
0.2440717929767772,1.7811408599939997,31,1.1781248491283691,0
0.11151224857747001,4.620611075232369,20,0.6969646982756835,0
0.22862384735943592,2.691233209576617,18,1.4727749112485782,0
0.28284178305631363,1.6946295124894202,17,1.4216461360124526,0
0.5001871542332978,0.5704129307392969,11,3.5645224844221803,0
0.1834036321982735,1.799732434638239,19,0.21734289879428528,0
0.44270759438356416,2.0203424856288668,12,0.3081922102334332,0
0.6724976418609669,2.7137317217421053,25,1.568812285133782,0
0.22226920248424545,4.461310683560436,32,0.5503070213611109,0
0.4149862583686334,1.1574081489788874,22,0.34713717544830375,0
0.2815629306442458,4.102806453857669,34,0.8246418671608455,0
0.07156462754490639,2.390605493823952,23,1.054388617970019,0
0.2552384019590394,1.8656541410621854,24,0.20673675773659023,0
0.47285576288249404,1.771244765813032,18,1.495768253801639,0
0.28850545106033215,2.103117138894127,22,0.49969038243422736,0
0.5070469275692657,3.6717087442582232,17,0.14202154840038078,0
0.32877153086751626,3.673350405128096,20,9.669645138729758,0
0.37162789590392276,3.377258986563507,26,0.6488356973467442,0
0.4188489707151806,3.2307414301117996,26,0.6964794521218047,0
0.5432115927926214,1.266949408459982,18,0.7559408355655569,0
0.1592057388481888,1.6604150159660387,13,0.707438717366206,0
0.9896080719797397,0.12919164920940257,1,113.42260849473979,1
0.19655695330604253,2.607018818416846,26,2.519375509840627,0
0.29149640078628786,4.391049886635427,28,1.9000478336823226,0
0.2471703802717803,3.656740552546026,20,0.5208638982595067,0
0.5746990744393135,0.028556600443963354,0,1.117223467109883,1
0.8615201420552986,0.043336444337418796,5,10.621944818439818,1
0.4685558559961074,1.8403250507874624,30,0.8767864542453399,0
0.09368159616014606,1.442427737625201,30,0.9015967737289029,0
0.17512695829395855,1.2732555061261228,18,0.5708923764222708,0
0.16597632294331155,3.364450198595259,23,3.920482704818845,0
0.5969529742797995,4.000154645497628,16,2.0387467214077835,0
0.201384157798301,3.424058273806811,12,1.0114347918832867,0
0.9230909398853208,0.04884480974247597,1,197.41992038506154,1
0.08501069147501904,0.7197873049433476,26,2.524149506118781,0
0.2726835383694232,2.3487942986640937,18,0.4546555556333921,0
0.11040621122984712,2.5593198466524845,18,1.0359256664634724,0
0.3423653943029418,1.0809335743683501,19,0.48722288267654856,0
0.16341599587035072,2.582737957394635,26,1.5005778491517392,0
0.17017309837494266,4.297482345495345,22,0.18838066868293463,0
0.3360987164240943,3.4028721138505382,18,1.4079003506671566,0
0.3772388295259249,4.6702078038849795,10,0.5015563645393675,0
0.29197917578329624,3.257008383827657,24,1.0305994892380548,0
0.44344502698287214,3.2587341164126538,22,1.4091856159864338,0
0.8200564590381791,0.02889770351591607,3,25.950890880232446,1
0.13834163546623318,0.5948629719284163,18,7.16670059995672,0
0.21691181616403665,4.240125339959222,18,0.16596427334801164,0
0.18894378189908487,4.490268724152451,15,0.9226176986209355,0
0.32913148641563666,3.9651371091568244,16,0.851587276847627,0
0.8767895901458651,0.17892828611608552,1,4.011730769700333,1
0.5198132312901051,3.028090336979621,12,0.50104749730354,0
0.9061029451537915,0.051617288711991116,0,1.5821174368575455,1
0.74390620654729,3.868515435518045,27,0.49264848539013084,0
0.18688865378805827,2.1271561988913934,28,0.793050397323525,0
0.2145422735699433,4.803166391123216,19,0.2754430579689375,0
0.9502771928567981,0.07855329698669272,4,163.39144046002107,1
0.41065063459889145,1.971948494300357,18,1.8095063084009293,0
0.2510490104047071,2.861947481025121,21,0.26916689196644683,0
0.8114730309206801,0.08734747167002374,3,17.725644041207097,1
0.2175387444461586,2.5304689097527833,26,0.28674251687630625,0
0.14042106698590126,2.0087974268576176,14,1.1135186988457262,0
0.17988199760410706,4.007013193937691,15,1.2668948333229333,0
0.18652410617342713,4.257634825700811,15,3.6616596673693222,0
0.2661103632022632,4.0050169029615725,22,0.447414845156097,0
0.37042234639823335,4.483530428950276,16,2.8907302653475746,0
0.6250668459601401,0.0801727320757325,3,44.024850992688876,1
0.08609775483386668,3.623089756210544,21,1.4828865682138022,0
0.325214907096741,2.8950568145451405,22,2.1991488554146663,0
0.7788388529245627,0.11305792444887863,2,98.74229935210244,1
0.2549449489445414,4.9291239492108065,18,1.1256157495956125,0
0.0539526260672452,2.7434519524908194,26,2.05704004932767,0
0.15600480925979324,3.9426943548672035,19,0.6571473584087821,0
0.24857446550802856,2.0545087361248107,18,0.7588264809237245,0
0.40220453776598014,1.861267821581352,14,1.7585651204225108,0
0.2942400230616854,2.777024006451219,21,0.5542083321009386,0
0.21845731342776706,4.6968348458271185,27,0.14827483815592757,0
0.6420299221182524,1.6300052906855274,27,1.9411360243736704,0
0.18452661377260854,4.496361720164623,26,1.2429324702481095,0
0.9367087271401479,0.0968869616194106,1,5.147727831933217,1
0.9493539678722405,0.15665950780179835,3,52.1709976862879,1
0.2298739709444811,2.564279708901084,26,0.8522649163194507,0
0.4477921156915194,0.576020097821833,20,1.231114759392463,0
0.33783847638490044,0.892973176513111,28,2.3308861299788917,0
0.6510126073390348,4.266224801644803,17,4.702095313801267,0
0.3519270299896332,3.5239454213104673,34,1.622759215798333,0
0.5582407707059253,0.5761820859149078,20,0.13694791349384,0
0.9395459635347851,0.1415636669784447,3,4.019204340142911,1
0.7150663609634154,1.2867661195979503,18,0.21132076657788124,0
0.8307391336136875,0.15945648163140136,3,20.63974506077504,1
0.39397646197643993,2.768171034329408,22,0.24753746961557885,0
0.14474478783228686,3.6059484951476053,23,0.4289571254271903,0
0.6820739972892307,2.2295256258133747,23,0.7095005208566413,0
0.7974003448259991,0.01649713548502588,2,0.05578963142049828,1
0.17330514192585628,4.642408540578324,22,0.8922610316439782,0
0.09685515272092558,1.1174775422452967,15,1.93718589058676,0
0.11754296494922058,0.8119231761709258,16,0.048123273509486544,0
0.23476312814688105,4.013479556992353,18,5.560567063392088,0
0.270988540181983,1.6955530947627677,29,2.2659454731084017,0
0.9163864977533882,0.1166423478226803,1,3.2422165021539304,1
0.6076958202835959,2.0527289119492558,10,0.9323660566075042,0
0.06032521517429967,4.0276057126425515,18,1.8189343610147741,0
0.5093719143858878,3.9593065702046117,26,4.505036525871488,0
0.9191166543470611,0.08815131239642122,3,208.86770453551094,1
0.4656742320881583,2.0484489381338142,24,2.3858907117197794,0
0.2939119883234061,4.726483226949584,21,4.173030639969133,0
0.28281496819938756,3.860360476306674,21,2.2748667571815973,0
0.2333332064700859,2.7678460092142707,16,3.003815378786849,0
0.13401784340244627,3.597785172171087,17,1.1101709762008554,0
0.28414643193176525,1.8689203316075167,22,4.132438174498478,0
0.05821154752794056,2.623293386769262,26,1.5486331050999858,0
0.20377382628164617,3.726396054787447,21,0.13182453626661494,0
0.7284166832572175,0.17915874757716724,2,18.257003417086043,1
0.635527229219495,0.03880602120679044,0,3.581057408426572,1
0.22161484868270945,4.753226557300536,28,0.7164978333834002,0
0.2083287295570986,0.6945041813800055,18,5.033430403800153,0
0.8743491362809392,0.029027224670286712,1,4.232053483022491,1
0.03831545257674265,2.556510392196233,19,0.14517593708339896,0
0.31881033096244726,3.022289303350879,12,0.9481785635653608,0
0.1039750294715718,4.565034561680576,25,4.01401737819977,0
0.31778730456391885,1.729983124060983,22,1.351537022629104,0
0.6785522708125844,0.18311579632471586,0,3.48386917848972,1
0.4104851001341963,3.698002606742758,19,0.3963509399847407,0
0.38709618065672474,1.4493618037026472,20,1.7811556001098752,0
0.10839222722781754,2.522146422313178,20,0.14579753231229375,0
0.47802695161741404,0.988499109976918,23,1.017992198486546,0
0.2506454172752058,1.0295443069038455,15,0.1584951671591595,0
0.21986960936977457,2.7988356423370906,16,0.38061347329142725,0
0.0971711243043503,1.4099678935653799,21,0.6429124494531621,0
0.007284603637094322,2.30546672470098,24,1.0804349918571778,0
0.39440517316633067,4.373159146439675,13,0.49814403620283826,0
0.45012941499052045,4.816370689063347,14,1.5704269858041076,0
0.16176863735151062,2.1910770602962577,21,0.9166990066531272,0
0.5684506782564406,4.096521978311872,17,0.5951944215202334,0
0.08140518571362393,4.65621200590063,24,1.7273522170190914,0
0.40922975466202166,3.364884659114276,17,3.356093829093044,0
0.07064266241871876,3.237437306300302,18,0.7695533430339034,0
0.04169638991186399,4.7126614396933855,19,3.8703886276768062,0
0.2927168205395902,4.990481187028072,18,2.931137445690101,0
0.40885912855956297,3.3147357670251685,20,1.1610605326977328,0
0.6416837939429667,4.690511416305041,25,1.4144263128098504,0
0.16312606590554232,4.022310696620863,23,0.45495740992936073,0
0.2010695857994638,1.2588269489829291,21,3.5214970790560383,0
0.29936006729304837,3.6765800119699623,18,0.1773011291342452,0
0.14100585287965903,3.299889408260599,18,2.0321907323023614,0
0.2276236828347443,1.1137342682015456,19,0.7149405453148979,0
0.1192892597119994,2.693874066822499,25,0.633707145117162,0
0.4869867616749078,2.5996679304602877,27,1.998176241845921,0
0.13518733822730322,2.423722423974441,18,7.097083904161297,0
0.814621930203959,0.18713360737344836,2,4.8629202457241565,1
0.17794224110510262,4.473286051313737,17,0.5349854885380148,0
0.6346759769172542,3.5888895229893887,16,0.7688645218361412,0
0.22105694590821212,4.390146066280227,17,1.061348146377913,0
0.3848927015019071,0.6574947856879355,23,0.9177191235616796,0
0.24490997498255346,2.5589543331803544,18,0.5491715107263375,0
0.04244144027521411,1.3737293483652935,20,0.2843226944499326,0
0.9512614661576065,0.13131975877641627,4,1.2018548340517745,1
0.2328119383234242,0.8710613509277925,23,0.2698923847684223,0
0.7368565578346021,0.17217454331208018,0,50.729558732060696,1
0.5959795583187314,2.987193065750141,19,0.6855069919377591,0
0.44887159474013805,4.7237014210762736,22,1.1356145057673748,0
0.10881173738360057,1.8140634519833032,23,0.5269083720545111,0
0.47459003932033844,0.03478349636133583,4,3.368265644156038,1
0.33933389978162876,4.560385880489444,17,10.679591058543856,0
0.4171816240063401,3.8574205798740206,22,0.9133948455550539,0
0.1621005788360801,0.7822471590562479,18,0.22159092011959788,0
0.3594246488085327,2.817420816631126,17,0.4251356452273586,0
0.43908806793177196,1.3814248328561183,15,7.819227939410825,0
0.3219316052292467,0.9983440408603352,17,0.6365921542258225,0
0.15302454965936,3.246120402304122,23,0.7084790165551761,0
0.1440545625102519,2.0358915822045205,32,1.9457548327169363,0
0.127205294219572,3.5864260485414805,22,5.129494753477186,0
0.2520118705363033,2.958393071206846,19,0.7057577720622104,0
0.28133273964319716,1.957726040723221,21,0.3022456903496223,0
0.07567012808701722,0.9323418903726026,25,0.09480634657841472,0
0.14495361532717996,4.141606265390672,25,0.43335625122379645,0
0.46551858456865064,1.6335871941533968,16,0.5232725846260914,0
0.12778773767953927,2.9491237152303733,11,0.39356974413712875,0
0.09997551852699685,4.158891338512189,17,0.776970044603981,0
0.27868903444180865,4.685120770496731,14,2.1783613008508604,0
0.17070500366444427,2.8416749739843556,25,0.9256257927923932,0
0.6255412340786168,1.4497515017008276,19,0.382001490922352,0
0.33362097587683986,4.744233736071977,18,0.4986705555286734,0
0.24200501052693554,2.2696090915641696,16,0.5210550430947092,0
0.6031652644817828,3.8796483269192388,18,4.90323697821704,0
0.18537480662684885,3.384370958549619,11,7.787258939202487,0
0.30865455344036463,2.2287208239161673,27,0.29484738820974576,0
0.3486028108003631,1.1130250024330206,15,0.16718400318614385,0
0.22523256598777427,0.9351037235198436,27,1.3425580685955099,0
0.09565733521290887,1.6274572651900772,18,0.3019188103114996,0
0.09221521365692378,1.4470799771390155,18,0.16643448966447813,0
0.5380102811585747,1.1347236061242807,16,0.1999330536267855,0
0.34256743671691847,3.558541403707878,11,1.42061701050143,0
0.5872452749022673,1.6611975231652196,12,0.34879417031962556,0
0.4035958093382186,3.0448934461582593,27,2.014952047355733,0
0.32677520700650015,3.7486578646802,24,0.8771239963811538,0
0.7686040382447293,0.18179109995165424,1,5.60129575680866,1
0.5473061289983614,3.1465020670502106,16,0.9888496430566729,0
0.161992306838915,2.907071528854077,19,1.0032031096426888,0
0.15231390512075246,3.5942229544720696,18,0.48685595772124074,0
0.44122642445268867,2.2895651081526545,22,0.32621493617683056,0
0.20682585788452948,4.702793593078571,14,0.55300929986395,0
0.3127564429384184,2.3368688681783807,17,1.6883095556578942,0
0.3845752388211978,1.195574681636454,26,0.9597832601956928,0
0.21426671350870774,0.6149633050472186,19,0.3319481908763177,0
0.21316157658853024,3.152022700777465,14,2.7683132815412406,0
0.06274408873435787,3.973950816146109,30,0.2875399423334356,0
0.08792612174080518,2.919968500075743,11,2.023579720313801,0
0.20586105894049556,2.1266979348436146,21,4.337837657391735,0
0.07629264961187708,2.6019666154142147,25,1.1155270490522577,0
0.4469014506382965,3.3968320626976096,20,1.2442947317373634,0
0.46382084447982835,4.720044337064555,23,0.907354951443348,0
0.41425436775379304,2.209802563163338,16,6.884482711107612,0
0.1580056848670154,3.6621456476775434,23,0.7751444027380258,0
0.17227454098329026,2.3801846274781413,23,3.3117890439608644,0
0.2754487327081851,0.6596131340374995,26,0.7810222367382025,0
0.34041701963838755,3.9399478806658643,24,3.836978366923757,0
0.44470279450097955,2.4552621217368698,14,3.4882543673638393,0
0.24876235886995224,1.4148029994618028,13,1.6524098215833138,0
0.24660993823106075,0.8141733566850288,21,1.9109604757861087,0
0.30436309118243016,1.7660236372053655,21,2.427402395207204,0
0.43665930913339207,2.257882946619526,20,0.6669694264984745,0
0.3156399589459952,0.709019677785927,15,0.13156252822366482,0
0.26260627351133997,4.477558167320488,29,0.3649433207147704,0
0.24391303252039892,2.780202937697592,20,2.1255148840311873,0
0.40630313041932875,4.686144439932752,27,0.8926311152895592,0
0.06553833925710996,2.533363993104082,32,1.172439388599461,0
0.3158517550938085,4.4933336328603355,21,0.23286432583136787,0
0.5659596640713874,2.93918893049277,21,0.9086211205602749,0
0.22202189834613484,4.944979994617051,19,1.1572084657079549,0
0.16296906319768473,3.0371786625882695,15,0.18952497304959998,0
0.18370855630464292,3.57694171150012,22,0.5561346928571208,0
0.15287996466535173,3.342812795705349,24,1.381322845597476,0
0.558402911349424,0.9567673623659096,20,3.129571133616299,0
0.07598048864543691,1.9619897291654842,20,1.3669640106605776,0
0.19130184577234788,1.7611938507849274,23,5.379780607210537,0
0.38603639477982676,2.941565915336305,19,2.3168693585117492,0
0.3355967963634106,2.352940476018698,13,0.6781334096596596,0
0.34661680733463013,4.655642170182727,21,5.528641089116318,0
0.4387986120846159,3.8059452403387874,28,0.5794857791712297,0
0.4993074453271957,1.8124393342761453,19,1.1381047037474785,0
0.19866714204798885,1.3810271308718218,17,1.3252265223440873,0
0.910783484818531,0.08331252157712986,2,264.91207518932424,1
0.184636430085985,3.329079500410722,27,0.4833865680188445,0
0.09805363613424947,3.1752426458739134,27,0.6044981084485995,0
0.2979357892608024,3.859068916497999,28,0.9407446572408237,0
0.5901212497816065,3.792974112891443,18,2.2649088376464435,0
0.11593188811328117,0.5427779108814753,31,0.164381019862148,0
0.5864912361103948,2.185938912439674,22,0.4625507432935069,0
0.17712842737444628,2.3599065263049965,19,0.6321678806373534,0
0.16257631332891953,3.199405879197712,20,1.0431688638392622,0
0.19580947929678813,2.053208588611911,17,0.7259448509212763,0
0.08721487728932877,4.779356839035797,21,0.9624614337403636,0
0.23015905916345375,1.5740999664408393,16,0.744247242110114,0
0.27480074650058794,2.3110483022553634,23,2.056466365688161,0
0.07665697829165505,2.846276313183208,22,0.30042157395379,0
0.8180132249197865,0.0593841300329675,3,1.010511425055546,1
0.07426241629342831,1.2057516495336333,23,3.0503321712073395,0
0.14740291844574213,3.5323942726385966,15,2.2049089378654982,0
0.746394715014341,0.07506978568480747,2,2.9292354394611584,1
0.4251138782089385,2.1759066327875316,24,0.16327901725853317,0
0.07010162667431936,2.7966893298298796,19,0.8622771558419505,0
0.16354000768935012,1.8592198947020309,23,0.5020955916255266,0
0.0904723847204221,2.078389466372097,16,0.8528243170721714,0
0.3107668290841687,2.66351638077101,28,0.9724886313659401,0
0.798758937261533,0.13006726294177445,2,0.4053370900884576,1
0.2629221840452877,2.2218851977950718,21,0.3771550677592068,0
0.2983755029630131,3.431642395680815,13,0.34367327752646043,0
0.22220587140221007,2.9018899426720375,25,1.5179022783844294,0
0.15847211787486712,2.8576025451697875,17,0.6283317909302035,0
0.2457479209611037,2.7723241352397543,23,1.5843871576414685,0
0.3621211086117991,1.2331224714438083,17,0.262797553105508,0
0.10778903552280455,0.7375250773206102,15,6.976708045684255,0
0.38217812521706734,3.5779114965208523,32,8.735195973296305,0
0.45037111703859994,1.5445787094639767,18,0.7137942300195864,0
0.15834411652727148,4.564916004047836,20,1.387670188268964,0
0.5285928928936193,1.1549278909519083,21,0.8083662705265877,0
0.09989135311830317,1.8048124481170404,25,0.6098770046814224,0
0.3301451412382937,1.1326060789838703,18,0.9426692203947515,0
0.22052967283136868,0.5267007353572541,16,2.9724301071564123,0
0.15093134338411882,1.5323840443207102,15,1.3348321496288422,0
0.2714149377410107,3.2647173789053916,19,0.864198948140282,0
0.24003538282034312,4.482471260277617,17,1.8811820686169707,0
0.5873177206120146,3.7289158858068214,17,1.6622619395722262,0
0.19378246319817535,0.8590867095175583,25,7.307378848146544,0
0.43165481779495135,4.643441663550439,20,0.9221366445694451,0
0.8063951124948007,0.09384911135380744,1,1.589611042927547,1
0.3993193659858783,0.6448298144693098,20,2.597578282335634,0
0.1268374509424426,2.919310703363096,20,1.028977677039657,0
0.46550249974307556,4.075979694322828,21,7.238286241582026,0
0.16077614561745585,2.7764028433790977,15,0.8490529977735817,0
0.14203987969906195,3.918627490099603,21,1.3380577494013925,0
0.6757050301740558,4.5872988056929795,19,2.511934386015177,0
0.2713276029590178,2.7244141162252684,21,2.5382600501034798,0
0.36233379347172595,3.6763792740331533,18,1.101747853015648,0
0.2510351482094891,2.9334570477230133,30,1.2290102962658527,0
0.8230339820318725,0.012315634692231077,1,34.31859684575333,1
0.4551327792574853,1.4180388642984518,14,1.171251572428481,0
0.758580022732269,0.015507516717814036,3,1.0925247305109635,1
0.41805991913163665,4.578203287804236,25,2.076808281603942,0
0.40401516433030726,2.191824959726093,27,2.91142374093825,0
0.8219375619315576,0.14063353205038287,0,2.489743997578193,1
0.5293446161557508,2.204381517983032,22,0.403932584296837,0
0.17383438681653002,4.555090576787773,20,0.8682793180757691,0
0.14277990232592336,3.8470141856518527,21,0.18543351007946757,0
0.3333141108992758,1.535408564180178,21,2.727303283674221,0
0.3927207317498905,1.7849432204129005,15,0.8337853925817528,0
0.6061388447294455,0.780008776935089,27,1.140823203046332,0
0.7415539865695696,4.809454134749139,25,0.4953386099241438,0
0.4248806999892067,4.661536593713062,15,0.22146318375629953,0
0.6242095648703031,4.440093650004714,20,0.7435108695503242,0
0.2804368921827401,1.040861936504924,12,1.242889711262336,0
0.41605273737819476,4.503206278059776,27,0.8992369651846207,0
0.2980641902373471,3.584329803681445,20,0.833002644780004,0
0.4437304105041148,1.2444873800849499,22,2.6089559116528656,0
0.3709570085194025,4.328288080637168,17,0.34939661885230155,0
0.05238750829373699,2.1987396911188517,17,0.22095440554870605,0
0.3516261967190172,3.553439134058415,26,0.13023086422482102,0
0.10427122375671449,3.2418384768113646,14,1.2029948639464714,0
0.3622900094860791,1.8395239070583669,20,0.5179386455744635,0
0.3608025273197656,2.823424527475265,19,2.954830542966444,0
0.17027413675526867,1.134611548701511,20,2.016031954868902,0
0.07217968173765987,2.8678226454718714,14,6.140547669488588,0
0.31537428454309707,4.698252658958649,23,2.008087187171222,0
0.062124763105692093,3.8644007566854786,25,8.954914073351476,0
0.46218070866279726,1.5649492076587121,14,1.4185706173554973,0
0.37863343947939987,3.058718961064705,16,1.3219258955530462,0
0.2791192262402017,4.701458954337222,23,0.7993635548990786,0
0.22022522233264977,0.8456496243796424,27,2.7394661773972953,0
0.7697065663992866,0.18140228864203278,2,15.704815763567497,1
0.04837189910749442,4.101845284962966,20,0.2197829223712051,0
0.27844317073761504,3.9657178538876865,16,1.0871801930594953,0
0.7819370642949733,0.19212526151041034,5,42.10306049186821,1
0.1472229550946683,4.987232664257556,21,2.6589603706290226,0
0.2919014534368653,3.353166380361239,21,2.824654446121262,0
0.14191395137887539,0.5188872237375435,15,0.5700143117427214,0
0.43949290426926296,3.389061131038585,19,1.657637467384053,0
0.21613043555614772,0.5038416384683146,15,0.40565595688287925,0
0.49854268755692366,2.898694795498624,13,0.33694433250698047,0
0.45642182340196513,0.9419400007198862,20,5.397503619297571,0
0.2864233338895497,0.8614539756029003,23,1.5336902676849786,0
0.04263073877851136,4.654516453188046,14,1.130123237107479,0
0.303757947614386,3.9254518182446327,24,3.84847930867384,0
0.33131514731383876,0.855261341764799,20,1.0332897531156338,0
0.06162510562813907,2.006725331999078,21,0.29453341848294134,0
0.28450115241677676,3.882292478801662,18,0.5732205283157581,0
0.19466732593663383,4.353590069660789,20,0.16780737532058743,0
0.332364609077066,1.0447194927755241,16,0.2864793921468184,0
0.06570336222628634,1.544803475826223,23,0.1294668420982621,0
0.4930526541709252,3.024719309150167,21,1.4737073156496225,0
0.29754375032381875,0.9043606310002108,25,0.11150922832514579,0
0.3909187140496323,3.128173960219798,21,27.139002349081984,0
0.3298152513083884,2.3065295342556738,18,0.9691448903059025,0
0.20485098266831114,2.974644817338484,17,2.5217620780840795,0
0.0970550650562104,1.6551434590905436,19,2.9750007278649924,0
0.5941240750046315,4.014694044846356,23,0.6189431233234352,0
0.23574307095077318,3.3720451086209104,21,0.4719414413848741,0
0.08363146634142267,0.5320850909945273,22,0.6086085738829051,0
0.33587014680313,2.75448576475488,18,2.2725635720305455,0
0.08961150411269939,3.891298462629616,24,0.9608813799657759,0
0.2062795068133747,3.935380163993023,24,2.275824259581023,0
0.47962465187740255,1.5972073367018218,18,1.0617414523876176,0
0.20871221939418022,1.30411828528841,18,1.83351922428786,0
0.19525330525419116,2.327774058101687,21,1.0611070664422921,0
0.41752708653955517,2.8066278512040492,17,0.7805884673455513,0
0.13130936341674526,4.75984285684402,18,0.3536227274855454,0
0.8747860539590567,0.12579770134204524,1,10.460926711830494,1
0.11052638291679617,2.041426532793235,26,1.3204984578304804,0
0.1657610963914831,1.8569480597998942,19,1.578071164241505,0
0.4976071242830672,2.657508029316526,28,1.4584356171193888,0
0.6040605362661214,0.14190405697639608,2,49.99265628577797,1
0.17256096502033838,4.735497357928807,23,0.9629845125984778,0
0.58510093442783,1.333291724802766,21,5.397914006578618,0
0.5677427624375012,4.578196066578723,28,0.8618021251867748,0
0.30463439749335247,2.5507101432057278,23,4.303971387182552,0
0.44165014550051085,0.9852065323337615,18,0.8595906084434303,0
0.25990555571879226,3.38428498931679,22,0.42746978502530647,0
0.8764839226676453,0.1807741076752101,5,136.77291398207788,1
0.23168846081196148,0.9752767036778119,23,5.796615525070583,0
0.5527618190243329,3.3866936186251464,17,0.5586304797022554,0
0.8934660214365542,0.16929582681247152,3,23.373278508835465,1
0.20573190025890414,2.6381623107059715,19,0.877059754102235,0
0.12178519213368877,2.404577486705839,13,0.4225621940790946,0
0.33331246670110204,2.606367294882943,22,2.4661991078398704,0
0.7772026634134622,2.5506782798913386,19,0.7697699429003506,0
0.40370456719318554,2.8518954490901707,18,1.2310142010970322,0
0.17757030553308314,1.3663349231890909,23,0.21876265963320315,0
0.7136521685424075,0.19817299376266165,1,5278.764891984609,1
0.8843853809792381,0.14535491737106773,0,8.128683194516833,1
0.3450681089335244,3.319264882697434,17,2.0978324249083715,0
0.36882396351820895,4.3380818947643665,23,1.084526874855542,0
0.8864792124726489,0.02197292423163399,1,22.57784332545969,1
0.47778433126095604,3.9855211246156426,23,1.2605129887639073,0
0.4021653945573848,1.8007237982560063,18,0.31779377627668787,0
0.8135428795136617,0.16932975661057073,2,25.44651011855362,1
0.4150247241891296,3.1953498634574395,15,0.4450508195548218,0
0.7788959280473796,2.3490592654486457,25,0.5603027743125427,0
0.20588748183149594,1.8226246860075457,21,0.7096423093053446,0
0.2252625648844072,3.3833001168835044,25,1.3130497534948529,0
0.09331576394782079,3.9572417650978515,19,2.3289244621591827,0
0.2710255784281784,2.0950772913314895,23,1.6811681415604944,0
0.024070591284862088,1.781563950800214,13,0.4445656434190728,0
0.37223440880789754,4.593262085973104,21,0.49088004232063354,0
0.08879655156537782,1.7026113878197355,26,0.8946216366975089,0
0.23867448483470932,4.3193164666692825,16,0.34823998325470756,0
0.5163854775735791,3.7141855826983194,16,3.946186487033311,0
0.9857664485130161,0.020193911161841244,4,0.9781642038255526,1
0.23221857421264072,2.6219137441021014,18,1.6193919322185801,0
0.45291222872655884,4.984526387812355,21,9.75411186676139,0
0.7322570726526596,1.8156766294861457,15,1.1430863475189776,0
0.0357889877736003,1.6797719828372695,20,4.962446135216574,0
0.47386986997013086,1.3517307507554397,20,4.511297680369214,0
0.18346585865286638,3.315511984662079,14,0.36060622020359784,0
0.01679066832814199,4.564430005621053,28,6.270853063662559,0
0.04517171824519278,1.4492872366373901,18,1.207572736472868,0
0.39001271451203745,3.023361850431942,22,0.5701335477702016,0
0.24303080028261598,2.827201867200311,21,0.7315589855106571,0
0.7862154658181979,0.19324726097310738,3,0.16855699649188982,1
0.3197369844704312,1.6860851969062274,24,0.15304257097419802,0
0.292968661902301,1.954610527748032,29,0.974492803654341,0
0.14475836816739765,2.305534998252613,19,1.2057104014203939,0
0.32890154200084754,2.9259056526001137,15,0.7780445890596799,0
0.16019649315388737,1.3404578732150398,23,0.8807444059832944,0
0.45756193699493064,1.8327844157072106,26,5.571407342133654,0
0.7473187108304905,0.16609257357587393,2,46.70602645854907,1
0.324680028624254,4.688327283630857,21,1.7357446912589214,0
0.366383000163259,1.984225232411957,11,2.8868152785153707,0
0.5283654585649964,4.491202683691416,19,1.6279363390747144,0
0.6978812148006392,0.16382005957384713,5,46.472383441434594,1
0.17188820423737453,3.5329157254244783,25,1.3964664028428857,0
0.27048550696837026,4.500889624970895,19,1.493109728946392,0
0.15586328444570258,4.990591948056288,21,1.834423021788423,0
0.1034984218324217,0.7543158097462804,22,2.956957940181071,0
0.5909319020713087,2.5276870809661993,18,0.4274114037554403,0
0.32424725542980787,2.9616761462929517,20,1.2270565167518566,0
0.10875022690887927,3.3024253655308486,13,0.3136318132149119,0
0.4071831076330932,2.4076066436943453,27,1.1382842425320718,0
0.28046859583567,3.2378356487276587,18,5.831643125139098,0
0.4588035795441595,2.151030478394188,26,0.2285049420381827,0
0.16893668210053586,1.8711335303883025,10,0.392739430947574,0
0.3210852606085289,2.4465402467079413,15,2.344057516986045,0
0.5810713967266852,4.0092916145869255,22,1.7449361707758169,0
0.32464985224945325,1.412461442159776,17,0.9611333884807916,0
0.19730469357011432,1.9846850937911367,26,0.5415857792514344,0
0.2720166841203911,2.155998476516432,22,1.6472487005972156,0
0.5208236507445543,3.910159875624197,22,1.3069500993221832,0
0.32069186668515326,2.9765142399287368,24,0.16364707977476403,0
0.4496559837751105,0.7347075388399815,13,4.266524094334225,0
0.12725351721542733,3.802670256346189,16,1.3292582069939682,0
0.4291184811554731,3.725358723095349,17,0.6411578927328666,0
0.7742646417624272,0.06519561696773762,1,7.229700464633964,1
0.11816801932658705,0.8025288600686472,22,0.6438267024428135,0
0.20669698953090293,0.8610093131046348,29,0.18955889430016754,0
0.256289599820403,3.3923009537163695,15,3.5111268997672735,0
0.45760091009508985,0.6931052269708737,17,1.5470164343514063,0
0.44782538262496535,4.884225082375757,25,0.9104233059799635,0
0.2702974637946449,0.766618035798774,31,0.8647236399483126,0
0.256015757487291,4.416474171671114,19,5.900499575422453,0
0.3634770095050482,2.6061561181522714,24,0.24911339961298012,0
0.2452715352722616,1.5756617441741276,16,0.30768118929177507,0
0.22603525645382336,2.137247196207734,19,1.9973649588901885,0
0.3113361555332514,2.606827532129452,20,2.2181736122348474,0
0.4838017195236614,3.9750186802355576,28,0.4001916169611247,0
0.1106506023128261,1.0763532904319568,18,0.38918306909416334,0
0.29626840010934435,3.414900925787019,23,0.2888102560521258,0
0.41929958029872727,1.4810742433937238,31,3.8326118142752,0
0.23309614414177304,1.5075865919350144,19,1.6745017092684664,0
0.03749585318701042,0.5430277078271522,24,1.0396608105305682,0
0.34121254388473177,2.7031611067502013,27,2.6653587667256007,0
0.26687730961173384,0.8832522501975035,21,0.6018826596602507,0
0.17450325244707288,4.733360253849497,23,0.23592971874017568,0
0.29827097510638256,3.230364606464888,19,0.3170856617595078,0
0.17075030610730416,1.980556762027697,19,0.3836207618802042,0
0.1132023061257646,0.7809542781260485,26,1.974444643641053,0
0.17599462659841245,3.276744107468945,14,0.9982325409394288,0
0.2030309587149804,1.5921247930508056,20,0.15267146346608038,0
0.02700728991657754,3.2347523652670684,21,6.752243823277059,0
0.17932621982637706,1.8758186330658067,24,9.09792210685785,0
0.24815711293289713,3.7999159756965772,19,0.4530629168321648,0
0.1884750172131699,2.3485178430924565,21,0.6442412514866341,0
0.6139063160464701,0.8193408497849097,18,0.5809814241005019,0
0.2297867603924758,1.3593600399166224,20,0.13755076782804598,0
0.30492441775509593,1.818075539675118,23,1.0416630957031836,0
0.21809895956148367,3.551806820354299,19,0.038761279712132654,0
0.39573812075235154,4.010915735855427,22,2.3276370003466127,0
0.14943774666071036,3.9089155405875315,22,0.6454405817705997,0
0.18976166414914972,3.6151492531815714,19,1.6477380796709276,0
0.18655515526736488,4.230808907972408,24,2.555917921404944,0
0.4973923923732147,2.1464226641703905,24,0.6873444895468531,0
0.2284749019011779,3.392124874466224,18,0.7001385964353152,0
0.24698799957875495,3.2205319907190693,19,1.0605157940555408,0
0.10855867126992791,1.4899109220418167,21,0.5381596691183975,0
0.1650944177014403,3.7690949920708907,27,2.4017858848483375,0
0.23271524846046762,4.222304179961057,24,2.32237981601765,0
0.48017464890894485,2.7830458954499733,14,0.2961806694538522,0
0.11319924760510211,4.276277647296337,24,1.9350469300642927,0
0.19726692659749345,2.9304834751480593,19,1.031431959077122,0
0.2541152900665896,3.7474634726787084,22,0.499324841405842,0
0.761847473814627,0.1400972820720531,2,0.12009760957010031,1
0.1504843482728618,2.118935577635269,25,0.8833262408432325,0
0.19152434763993756,2.5739657451183264,25,0.5928693548005035,0
0.3384424603003372,1.6309083142644965,24,0.880182348606284,0
0.1869615078510701,4.500662198599407,19,1.1985497555583267,0
0.18031734061737958,3.482769201308284,27,0.34331130087349154,0
0.1940316220168359,1.1015161198911596,24,0.5341724729326186,0
0.22955899124037943,0.5792113566560524,16,2.1570562708343006,0
0.37331696335364967,4.296371057806075,21,3.1853605745060687,0
0.2063554306481234,1.430583648609229,25,1.6658041940637867,0
0.31514432238292533,3.99752834000746,14,1.2518212322099653,0
0.331960845447271,2.8043530427195558,25,0.2124646490923124,0
0.16394051406569327,0.8196244610057648,20,1.1210128920363573,0
0.2070268523363115,4.792576997422784,17,1.3500663528840395,0
0.2850461622218312,3.391878517992619,26,1.7065410344870318,0
0.8841747305783878,0.017631884650610434,2,10.29890620337096,1
0.3784589196805842,4.920167335418162,11,1.5766680446654295,0
0.045726325184134664,4.892428306001698,17,1.7705372881751722,0
0.05418663386867801,1.5598150320049828,24,0.5242364516898437,0
0.21009252982774804,0.9054647587275274,17,0.2311457808414535,0
0.9378527671548368,0.1886926700241575,0,102.90020930879014,1
0.42962387062537777,1.8528210794239184,22,0.3840438710706827,0
0.30599481368655157,2.6623910442128373,20,0.1078772227464241,0
0.0946787418689951,4.158288426412427,19,6.970912413751449,0
0.2130795446395376,3.8276761352959743,20,0.26235600481802834,0
0.34012500403508905,3.9243810403924395,22,0.9960951345972309,0
0.3731490050332062,0.7557757748591882,23,1.6326380495106971,0
0.2368402011680351,4.5575111553453205,19,1.9065531122371182,0
0.4630593253776499,3.4234842356128743,15,1.2027924041748175,0
0.17244252124170673,3.6691847906915562,18,1.0098620530600009,0
0.7929701731269079,0.17442136629940083,1,145.56078756828603,1
0.15966246227877007,0.5679835051446698,27,0.8574562127054547,0
0.22221223055170608,2.239510431791717,16,1.1178780976807479,0
0.17182645576332667,1.1429957038652023,24,3.1503722379453976,0
0.1790116792115844,0.5415002311425212,16,1.2127247366855962,0
0.2770674367496434,3.2825314277597353,14,0.3193665449133219,0
0.7379056799437093,0.07227935314073379,4,1.0079414873094743,1
0.28790236535719466,1.4085322525980044,19,32.77439628219783,0
0.17267918517115,4.745746533667671,22,2.829292611651667,0
0.39166856051850046,0.7995737628609579,15,0.93165526022627,0
0.05515779312703758,3.4001511169094756,29,4.884730579781153,0
0.3540589242732644,4.066194773165321,23,1.3197644288189592,0
0.18399964353182968,1.6924134781259736,22,1.3568592236112307,0
0.13725919660437114,2.5682525229812176,17,0.3208801415319158,0
0.12459562965802506,2.2104769942211178,18,0.44299150845875523,0
0.19746456066671664,1.6106528531931628,17,1.2463424039534272,0
0.05179423039859593,3.28063215577096,17,1.8243737695058733,0
0.6082113168041047,1.278362860713838,28,0.41204933670193195,0
0.15725713199095975,1.6976747611837912,17,0.704213716965536,0
0.09147020338617516,4.1095240122330505,24,0.1665822319689133,0
0.18286696876491795,4.558946424319203,16,0.6263012946370423,0
0.10717413676936519,4.23031557744803,17,0.8451803092737559,0
0.304550667591694,3.546683083164728,20,0.5895174265285695,0
0.09279860514894799,2.4301807655761287,30,0.6806166842318598,0
0.7148037632958876,0.03461521017449417,3,1.3776858693262,1
0.3152797967121242,2.1279989049743033,15,0.9787089296679311,0
0.45931132303013317,1.1252567117423677,27,9.05493411535685,0
0.24909403996342924,1.938512620555654,19,1.5942409814080507,0
0.4523154820491335,1.0630227184226848,15,3.3115726579616336,0
0.4326070422802498,4.646153312147834,21,0.247342170745463,0
0.03183240208963634,3.3577298159112012,23,2.426958242293464,0
0.3961615730975109,4.277315047525275,24,1.4396875014213297,0
0.3862115242971724,1.489896862943088,18,1.421708659298334,0
0.2478971086728327,0.6183249830077402,12,2.355292962325181,0
0.29158379129202106,3.0933896895007544,20,1.628428382658827,0
0.37829937145575154,3.4257358963293965,16,0.8399920626525856,0
0.13392045873459124,1.9528697487625364,13,2.0100596972431024,0
0.2685205014410069,2.209573348782018,31,0.48341035816836214,0
0.5244061638030821,3.6844447240315406,20,3.2843212607128303,0
0.04830397656364238,0.5572727676046425,27,1.5048372642311771,0
0.42124319813497024,3.2463850169304314,24,0.2850333559316831,0
0.0283746082462639,3.9990876216757263,17,0.9993471392908124,0
0.5109363302795684,0.740595758565328,20,0.08793818416836229,0
0.37332775972987997,4.443838198607669,14,1.2480695756798432,0
0.23169164487998678,3.5140942749857693,29,0.5373211903489333,0
0.05060168548688373,3.695468425667741,26,4.432417118122758,0
0.09583810861938312,2.4383388869658287,28,0.5415263239933437,0
0.22605502479462958,3.0412787017954765,16,7.736066045392017,0
0.285185510938179,3.2491743025461295,25,0.7851991394611997,0
0.9300548016299109,0.03631628778678025,1,4.947361153932677,1
0.15270489259331158,4.984704104247097,16,0.19928549909811563,0
0.9095239867716249,0.1792440137317084,3,0.26864815739081965,1
0.6692268475728904,0.504495465201242,21,3.181720047476771,0
0.3616739493007746,2.3607108117215607,18,1.3549410516946396,0
0.2359212828208521,2.9834597395338758,24,2.3252528236578565,0
0.6203550140617943,1.7685219676969959,21,7.1931174979048516,0
0.48414803788796107,3.898258665328975,21,0.8621869625496652,0
0.24662934934606773,3.853182440870536,18,0.9563308952031088,0
0.272377787143326,3.759632179534483,12,1.5234428135876317,0
0.15846648245791486,3.0305134732630012,12,0.7806665695320182,0
0.4904230365034691,2.8188294693415052,13,4.661589678082116,0
0.3592833461353513,1.9396113581313565,19,0.7538022000447124,0
0.10004363723115661,3.6513751654151423,27,2.339226607956199,0
0.3677317212020989,3.2263383577275313,17,0.48992558096312183,0
0.7794827474584889,0.16379436833694058,1,22.25499917842013,1
0.8840195211346971,0.18312222105785403,2,268.47063725577374,1
0.23847552794783922,1.5993063254172406,27,7.0908843738231315,0
0.3524853287379643,2.6706263740913276,23,1.2978462528151533,0
0.868207001028662,0.17519722953967684,2,205.52230708948747,1
0.4656817017220587,4.405600092826676,22,0.9447016179555267,0
0.07942806788693461,2.917635224015024,25,2.005203982462358,0
0.8072081086310867,0.08232276787251688,0,180.38479873756413,1
0.10291714824025897,3.2025094522728317,22,2.8963048123482573,0
0.6332118890611171,2.2628079332830446,19,0.14456241575519546,0
0.3693864241799933,0.9758087056690272,27,0.9909583298775634,0
0.6413392329845725,0.061119700465292276,1,7.118424425942474,1
0.9084894011413318,0.11041788252035448,3,26.69901638405565,1
0.5856401568906917,0.14473602839629088,3,27.62727694243824,1
0.342637065226144,1.4541951298683182,20,3.1344369698191556,0
0.14647696836067414,2.1719355100231486,19,1.794498053740936,0
0.10517442291281993,0.6099408918845965,20,0.13128121518373953,0
0.27431359560593327,0.5793567307355587,21,0.46084935982385616,0
0.16687490201539443,1.0207098480603631,20,1.1611621658456286,0
0.23742857358202657,2.041439745467079,29,1.9124263529387857,0
0.6565768119797741,3.3210305591482268,20,1.4336134373315184,0
0.03166531892733833,2.284603525902098,29,0.5900208860766356,0
0.6001902790099407,4.694206263073802,22,1.388692136661731,0
0.1688714550691956,1.218097547540211,21,1.5392086821526025,0
0.5615205483139826,2.884383908765049,17,0.5578190537132196,0
0.2849453769457404,3.9806654152034384,23,7.714041529852342,0
0.41083954857832267,2.453000074679647,17,1.2669936793757508,0
0.30205621814255534,4.759061425657473,24,1.4492283117712759,0
0.06989042568881235,0.5684743836093974,23,1.2752000373309715,0
0.36837717581253154,4.628331167417368,17,0.16021179220107656,0
0.14593708763428115,0.9609895230469404,23,1.5123245410591892,0
0.1474051531655381,2.0253687673620195,18,0.8426424897282722,0
0.20541551700078453,3.819250227794597,24,0.43857587925579383,0
0.3339968571698699,0.9138405529288111,25,0.17025909694165256,0
0.7156792784974558,4.787620635037733,21,0.2475286044202852,0
0.2987511847548563,2.849377141230244,15,1.2396127283374594,0
0.12439940135989055,4.16815068841603,21,2.554840002313991,0
0.30533797835614046,0.9050357320067238,19,3.2659002259436423,0
0.19168589351857795,4.053944695075998,21,0.7416058347171793,0
0.3543563187573978,0.710662807554024,17,1.718638652708428,0
0.09560219525758158,3.823569673857022,31,0.29319549433475417,0
0.6491728467416156,0.0358224026356128,1,12.688095178503037,1
0.5124257261708081,1.939261654813852,18,1.7350914556780168,0
0.5244492199111189,0.051578588741661595,0,3.9392849154591096,1
0.3722420610394003,3.10833756606476,9,0.8333176614059798,0
0.2937731554693593,4.361351325012247,17,2.428585435297583,0
0.23412075435987337,3.84836199847277,32,4.435477531631754,0
0.08355358954564451,3.9786435441757275,28,2.545364896785254,0
0.1753172377506272,2.612420382465313,20,6.071760501934554,0
0.5195342268185248,2.782461567551404,16,1.0524031932822508,0
0.7679779397175622,0.14431117131838697,4,1.6195477091196464,1
0.7130229387859242,4.575974431034869,10,2.3659183044383476,0
0.10391860027459018,4.238359496242502,20,7.945442872791074,0
0.39564620499570297,0.8515464385538489,18,8.294670360669015,0
0.4836338273754122,3.50763506278449,17,1.221381017218078,0
0.1362174959767269,1.6329145945493913,15,2.768535817086055,0
0.08873668182395526,3.2050823446862093,28,0.9279119609608666,0
0.42162786068410124,1.5498602940123114,22,0.8346230503739298,0
0.12824652507056028,4.7558228989525375,22,0.352071506605617,0
0.12426815945222337,2.5533483880575014,12,0.7078983651663457,0
0.18397415294475014,3.512664522005126,20,0.5680460654515427,0
0.23039374373138014,0.731124828647217,21,0.3185052920317866,0
0.603781025700777,4.788805038217062,11,1.085488297343927,0
0.7503608505133524,0.15877162258825042,2,1.724726673066767,1
0.061791809269310174,4.031907403972498,26,0.5009762286902769,0
0.24672201541673025,0.8151585139902426,23,1.6774510806155445,0
0.4874491427605027,4.719818614529399,24,0.36908865359915627,0
0.4883623842192955,2.2413248578298175,25,0.5979731388430477,0
0.918875604845041,0.1189850993635226,5,10.533285650011747,1
0.4025635960503408,1.9763564805372495,19,0.499725419469852,0
0.30503305303548434,1.5358157549206597,27,0.6370627551909146,0
0.21445205254492042,1.6525899093295187,19,1.9245429154168314,0
0.37811660022184534,3.6892954965418916,20,1.8544532426244542,0
0.956346858194136,0.14628162094559385,1,91.14418369972344,1
0.37792358083876787,2.1167461209405185,23,0.3848177807593496,0
0.2545877884556953,4.544027400036371,16,1.3985294902293848,0
0.32116722778365697,3.944563012610888,18,1.6705404618121968,0
0.9284899352512659,0.19421004652157847,2,0.14318320204892468,1
0.4367540362606039,2.075968085591793,17,1.9399813462348818,0
0.8890268575985527,0.1968488719006213,1,5.605026068445239,1
0.28251996205472557,2.474201969977102,19,0.3917788813759633,0
0.401632092894705,3.0467018691142127,17,3.7410591847976162,0
0.07211874503095012,0.7088196136061962,18,2.1868584623339493,0
0.4133622514714107,1.029051817129525,19,4.0806658726239675,0
0.36284860291200915,2.419091601021747,28,1.2726215384145543,0
0.09207180799799926,3.2352069746362453,20,1.85195865173646,0
0.19909306817097291,4.137810349089025,21,2.0276881281072128,0
0.2105392761936105,0.8123763136556194,19,1.408322598853117,0
0.3410447972506022,0.7391731647782656,15,0.5968875560097329,0
0.5619212175082502,0.9100947795520988,14,1.0790524024098747,0
0.660350479209129,0.11331040167114644,2,137.22713004250474,1
0.2978368753105472,1.0333761296905677,17,0.3256836392907278,0
0.840761198633757,0.09326322396432898,3,4.4526886540613555,1
0.9011951538002536,0.10190110499030927,2,35.50305037743226,1
0.35311670032944803,4.823987581512382,19,0.5035554083294183,0
0.05130075546670854,0.7903067483211522,20,2.5107303966226127,0
0.5463843152880885,3.457459398508102,21,0.45865535971167143,0
0.380732227168712,1.8059022297795086,24,1.941029341452233,0
0.3482763162861929,3.119041763968608,19,2.086664583879473,0
0.6348730584278515,0.5800770050577133,23,1.0649307042310794,0
0.28845305107297203,3.028793641294409,19,15.693231595026665,0
0.6165348323796758,1.1286958579212125,24,5.988199004187374,0
0.5577647662852795,1.2273815105184842,29,0.3509244379286218,0
0.2650042111841637,4.208468557348498,16,0.7714618172427651,0
0.13252649547615633,2.8191844883510386,20,0.2254170435916861,0
0.5677949437157103,2.319692903223105,23,1.2824062932848723,0
0.22286172997663237,3.3421014926558894,19,0.10194921747909456,0
0.0598805827672494,0.6308942836503846,25,2.35684106802191,0
0.2206146682886286,4.870827103878218,18,0.762137739033605,0
0.1423003433059942,1.8441540560497425,22,0.6660724361484023,0
0.8155012688025082,0.036334284638658336,1,21.13840145233287,1
0.20852849250616917,4.319058041188505,26,0.3584252144437937,0
0.045653417438298094,3.1729133894321513,17,0.680654795989856,0
0.15418739967302642,2.3033086480115763,20,0.9043009132145938,0
0.5164953607667645,4.235901487954152,21,0.2339786408259205,0
0.148263535613423,1.9809654397149588,19,1.1549444314601944,0
0.1324268192616501,2.982410312441216,16,0.39661495697662935,0
0.28971709566316906,2.604066627259836,25,0.403579835735337,0
0.11283683598043848,4.779794480648736,20,0.13941661253552826,0
0.21675859017849117,1.4590526004750128,26,0.9471092377870424,0
0.1674504065254624,4.5291269428366325,21,1.0417028410380682,0
0.4257453484322531,3.14064487685899,18,1.1674833489412457,0
0.529765754063149,4.6912087367192905,25,1.2778956539613109,0
0.19812870264860036,4.717188528465946,27,0.1196267813265035,0
0.41963360481355116,2.7592906190070545,24,1.7054347613964222,0
0.3648216968173583,2.1549860246941863,22,2.03556622854161,0
0.4068393808825014,2.9222475779517354,22,0.81294094411582,0
0.41730960165197833,1.8579090076260385,20,0.4499942868514516,0
0.18535728959551992,4.8501392755744455,17,1.2940341068342975,0
0.308309852333681,2.0480616872203514,24,0.2638842848823466,0
0.14423097369823282,1.6685395501502716,21,1.3583729872232466,0
0.017556154939467463,2.510785645093836,19,2.047721369181696,0
0.18690228474658693,0.8125152172448041,21,1.6309040403865558,0
0.1646660015132307,2.756244956021978,26,0.23060846772023597,0
0.16459880731842147,1.2917373461521795,28,2.036282334225851,0
0.17874339522206625,1.1636778863177037,21,0.21605510518438292,0
0.25418960283196496,3.6938173663648457,21,1.5746532603402505,0
0.5009945795248815,1.950448245216228,19,1.3909108048445429,0
0.2748091230607042,0.5856451411673229,13,3.03571185069047,0
0.28774846371803997,1.723004483937356,16,2.7874706415672272,0
0.23880480128244455,3.630302612862114,29,2.446344493694605,0
0.2012445113907961,2.0155675492661587,23,1.9661977736714795,0
0.13092551542080225,1.6309353588184194,27,0.44702892003973865,0
0.3230396156914993,4.12487088082265,27,0.4149462400611776,0
0.19314456228923804,3.640113882073754,15,0.6261547870130154,0
0.04727233962784237,0.8307872456120386,15,4.717965747557615,0
0.05583748303112757,1.3838633906661548,17,0.47024137756900497,0
0.21533418379703959,1.5024115109619798,19,0.3867248269767955,0
0.5319375549353474,1.4782329692477343,15,1.8970877658656644,0
0.12674767942541346,4.9995543965415425,18,5.409502086754515,0
0.07072093068801738,3.09095861698528,21,0.5281933204291501,0
0.06917264052333615,3.1108449348703955,22,0.2332898806773918,0
0.6133553398038649,0.6895748162884785,12,0.6037277128785468,0
0.24858792585217404,0.8263197335190312,19,0.8050973866401999,0
0.09731923276436388,4.602079130619641,11,4.09360757748479,0
0.2639346292193033,1.107925504678894,22,0.18642144659314555,0
0.42627101311072346,3.391851980686346,12,0.7792932667091754,0
0.08130760457592025,1.5544930638470358,20,0.23802755682198773,0
0.28106691035839176,1.4548030479900853,22,0.33039684700306793,0
0.2990046323239405,3.5909920336657932,18,0.3360846558538746,0
0.821086187176434,0.052516788126189255,4,2.1883020363006196,1
0.377413817317554,4.397479525870439,21,0.14060920741234784,0
0.08924436370822963,4.279567795504546,11,0.4216421153155609,0
0.20588561753858992,2.629242717053322,21,1.5372914575762393,0
0.3291903066331863,0.8906205817158586,26,0.9780443880380103,0
0.3440163855209439,2.3372758095043866,21,1.7212286388821296,0
0.22662940241820181,4.92879489302697,17,1.5566910224796078,0
0.40357477523892665,0.994000527758264,22,1.822012408050068,0
0.34434476306439776,1.410173949578058,23,0.4334669280705475,0
0.7093282240347176,0.18879651772001352,1,0.08914359530697179,1
0.3903122626820973,2.9208183423984453,16,0.25896186734467264,0
0.11549436335940605,2.2742196565292625,23,0.832932600600677,0
0.4171178080516137,0.12218308334799383,1,615.6422656155845,1
0.5178432867062909,3.2281972858956727,25,0.41479603661333725,0
0.791818634784019,0.05882689587262168,2,20.833253916785985,1
0.26405855053638244,2.3510335568675975,20,0.17277452508478838,0
0.28841343298604777,1.0411329806895955,25,4.631260594460909,0
0.5632170571635218,2.0520715774734604,14,0.6082714554534937,0
0.321628960864252,4.859929124071722,27,0.8221154969948605,0
0.3188234558595787,3.4652788115245103,22,0.31004400509375807,0
0.3393102459689833,2.984835826267916,21,2.899022415031444,0
0.31168346236723254,3.566506442539194,29,3.3504223014084955,0
0.20359072628421332,0.7821303749887283,26,0.30238375163805686,0
0.2428986533618205,3.980827635220824,22,0.5774956141509331,0
0.43801213160380814,3.0027653062238904,22,2.152997091330171,0
0.8291974486092729,0.11740555780840052,3,1.8791673160253202,1
0.6996504688470978,0.16799539075449976,2,18.952467603041185,1
0.428250847985372,1.8107442131740044,18,1.2965900070109677,0
0.5512172327832903,2.1247686422518783,14,0.5423124038949708,0
0.49066637496219917,1.8470140573521439,16,1.4202593196678195,0
0.39765433742566564,2.116686986265189,18,3.9611035462460973,0
0.3042749295779696,3.655755527583681,20,0.25298372842540845,0
0.38218488860875977,2.195173410871652,26,1.4121116186964737,0
0.09727583391629284,3.9480750578589014,21,2.609783998390956,0
0.5694765077434828,0.7969140640229593,21,0.32247676604925973,0
0.1700178453936401,0.8930659481664315,29,0.1814310535657438,0
0.39462277729660944,4.783477125925088,23,1.3268771318165669,0
0.2648563082340212,4.220073622720268,17,1.8456306677880978,0
0.7420782774741732,0.1677138886590597,1,3.069652829516156,1
0.5919419710727066,3.211039684236177,25,0.3901230268520704,0
0.1263028174325186,4.634440446624018,21,3.782751563080943,0
0.1631234350584858,4.59473474026566,25,0.9649657662878105,0
0.19032601856476658,2.099428387285772,21,0.18018997389302494,0
0.14278544441379276,3.8660164203599106,15,0.6442581010541311,0
0.32463320289001335,4.384877751400765,15,0.6329822447770511,0
0.3538633142829049,3.078817963326191,22,10.49450751229208,0
0.11054869661505529,3.418175038415575,21,0.5513285405162408,0
0.15083157014180135,4.326611473577914,12,2.0000286746915403,0
0.16946964322885746,2.2894243624535577,13,0.5241862739138768,0
0.936136542253496,0.1708857679100661,2,6.658203291559242,1
0.2749817124969225,4.301728812295618,23,0.7381075163267804,0
0.21218304416095224,3.1878094980254277,16,1.6017237676501177,0
0.8158600796614667,0.13291607261348024,2,4.208388688978216,1
0.3284776971698754,1.2225307001367933,24,1.6199871623292124,0
0.09198444561862122,3.2208114749101417,22,2.203193165379366,0
0.12954668235025357,3.6740084756508553,25,0.8298918042481133,0
0.14356130631042324,1.8363693080820664,28,0.43913489910172493,0
0.7172501310485683,0.07583495649320106,1,19.49733907690586,1
0.5282452781046739,1.88264741507965,19,0.5984044811637917,0
0.5471615147788395,2.523805254814883,20,0.4006909207807731,0
0.1585247987802893,2.7762838810657655,23,1.6376367167596872,0
0.5140491903941863,1.5341918923627007,13,0.6191049608846375,0
0.29304992301665567,4.92826807573435,17,0.7519424284852657,0
0.11149838377697534,2.155599220172318,24,1.4552567018511562,0
0.3430033581922763,2.0985928745465983,19,0.6441309319247411,0
0.4873385905099669,1.3209200847010116,29,1.0151912707030577,0
0.42559699162658055,2.384929520129086,22,2.0802259741659244,0
0.8515368867195374,0.14339220902518443,2,8.025330369677107,1
0.42606253982829967,0.5122793503085709,17,0.4973693158043897,0
0.06878554528894057,3.1775439988328045,18,7.161031969351754,0
0.20507109204018828,3.870750254937836,16,0.3642205328064266,0
0.08250136922356802,2.375914025139968,25,2.6833991804242,0
0.08357690837933066,2.8825918338716,9,0.42623354187366624,0
0.05034011918826266,1.1272602817865782,23,1.36519683189322,0
0.11227958140079713,4.957318019525957,20,1.02960416934102,0
0.09626885566125365,2.6079587541819214,13,1.272375467477195,0
0.07829202355354481,3.3227448826843142,14,3.295234726212677,0
0.7806544620089019,0.19079300788354472,0,88.40056621495306,1
0.3818189386999875,4.370925367430269,19,0.4249721725123715,0
0.059599095695086764,4.084962682324269,21,0.5785568647643198,0
0.5161359645845859,1.1793905668124633,24,1.1844141471471679,0
0.3314353706817987,4.56237956738335,20,1.8406771957667496,0
0.22560531184387156,2.703307241345785,13,2.119854514620572,0
0.28633457827698744,0.5002165575244029,28,4.6140269777755245,0
0.3982600483301766,3.1204923000530402,22,2.811300471913252,0
0.08976630514030183,4.848398190015857,19,1.2782962953185404,0
0.3115984420505706,3.3906192067255017,26,1.088989254173482,0
0.25045938265300244,3.2171774853572224,27,5.799820098097664,0
0.30337880274344353,1.5592325312898856,19,0.1660729344350385,0
0.3180598768884085,0.5293234206134387,20,0.6372022451005672,0
0.5706274677962413,4.913342263513389,23,2.3790898419876725,0
0.28404338995355777,2.4714715534140934,31,0.5993746597054899,0
0.5704395670452722,2.841150130760422,20,2.5385159103473174,0
0.37378633176864506,2.2287944984198784,21,6.2651651908887045,0
0.37990127552201564,1.1468356520887364,15,0.5393993519212477,0
0.35277797395985583,1.7784052714346321,28,2.2057673300998473,0
0.050741119747019,3.5878617521807095,23,1.5881152294172864,0
0.3746752736763491,1.3934309127255229,18,0.4246798988732549,0
0.461679417341397,3.276226121216216,20,1.9229577676064737,0
0.0904676992668483,2.3752547651120035,24,2.4289949248277427,0
0.4115628128010569,3.2486999322376695,23,1.4788798707259927,0
0.21478127498585647,3.439110977517088,15,0.8439349772995682,0
0.19239278168677704,4.884556212397789,27,0.8759681168979366,0
0.27587344061330465,4.279733677161111,13,1.7511460811930781,0
0.13500855220051092,1.2780986134573498,20,1.3747271108472616,0
0.351540262252373,3.988980414290416,19,0.3857680251540799,0
0.9341391399498691,0.14263432005900145,1,3616.96670780951,1
0.11742156090052973,1.8843692364504034,20,0.7441260761912388,0
0.053375157152168416,1.264077522210557,28,3.431642925240999,0
0.2503984767999872,4.650453776654011,23,0.17556510565423075,0
0.23510207038037242,3.4632790123657826,14,0.23333292656500076,0
0.34767481507457815,2.2598099561813894,17,2.6867253649454907,0
0.01145433051380698,3.8406937229268707,16,1.1663131973443863,0
0.15557114787888593,2.8651374171468524,14,1.4593857788158662,0
0.14080362697997995,3.360827108885842,24,0.560354230287051,0
0.2969860944019887,3.12244301049595,23,2.005031044739198,0
0.15952899711935276,3.143237858414633,15,1.5762444609809003,0
0.5639356345032543,4.729924784258719,21,3.696900039193392,0
0.23985493026615828,4.497373185334913,20,0.1269529885941149,0
0.28149339529224005,2.2425331083033617,14,0.33808071048790456,0
0.22270564598619336,1.4171840608319746,25,0.5180983021225527,0
0.1567381786534202,2.0621326869264918,25,1.044610028061395,0
0.38384322482940103,4.93292985502909,16,1.3585022426927076,0
0.6441086169709259,4.910417212366738,15,5.240005289628649,0
0.5884779854296406,4.221404723678139,15,1.0017209141327577,0
0.15957730345964322,3.4527903393488764,17,0.8304921821335917,0
0.13438761927549822,4.5289723097476,27,1.2943401099472374,0
0.33749414275108097,1.9986729052940297,21,1.1394461288183115,0
0.14290789948308522,4.477651438825681,21,0.470390480894968,0
0.19630318612345757,4.170882143557017,11,0.10309115773846153,0
0.6195254993242003,0.18836660609273406,0,0.8751696938933655,1
0.28355178706199263,2.7253380333662798,19,0.3552921434731792,0
0.5181276439465144,1.6030947417553112,22,1.252093232416174,0
0.35759973103697573,4.50382539303689,22,0.645502900437212,0
0.33897082815362267,0.728526376565381,21,1.2868938929041878,0
0.04194169511014404,0.5873700194445453,17,1.3314479245981616,0
0.2751307274608736,2.539064331066222,16,0.6922118049378891,0
0.20890818165632413,4.896379232264836,23,0.15690680407187999,0
0.07991559655455029,4.720948374749253,21,4.14647472163312,0
0.12634447497127146,3.9591990894533637,32,2.2828259294870232,0
0.5182381188098149,1.9052850915016484,16,2.7363492229893844,0
0.10202485557006657,4.080088732516844,23,1.3255553471688297,0
0.3242893822040267,3.6973812769248293,30,1.7635090901575134,0
0.14543714700635868,2.1238246682571154,22,0.5456830770911447,0
0.4386676882546878,2.6585903957921873,26,0.5139621892983522,0
0.4863152207105689,2.310235808106041,23,0.8984113723670628,0
0.3578304975809333,1.3017587721027724,21,0.42628595176023637,0
0.4850665376027478,4.335565104286871,29,1.5362597272019547,0
0.06152933700148675,3.843842606522042,20,0.37731069030338255,0
0.5325934336910116,3.707625165762607,21,3.7156335215847234,0
0.3271494510971988,2.9403056255511513,22,0.3153834146739597,0
0.04958235500240635,3.9596524530719766,13,0.06351604060119163,0
0.4631668995608923,1.540246188442641,16,1.7773706399564653,0
0.7637235769149615,0.1954173033141882,3,1.7456351990573205,1
0.5325285976169951,2.772621898260323,15,0.444935497387174,0
0.1068580098075362,2.7707679954475797,22,0.8087751780341731,0
0.19459659496165332,4.934733221264385,29,4.354727885897,0
0.23515530976761684,2.9840192594839294,16,0.7012285900745965,0
0.07941977595427133,2.8254228543355984,25,0.49059466987898553,0
0.21114122414115222,3.573220089647058,25,1.425334563367525,0
0.3060759788484725,4.8654579394920265,24,0.13326689838052047,0
0.6361229426222782,4.003438167887529,26,0.41597341024356893,0
0.690271308368113,0.09635568418669438,1,177.5625838223707,1
0.7675953582905872,0.18013266914366016,0,12.930950594506253,1
0.18855819179291392,3.7185933070451114,24,0.12953959372444776,0
0.493925560582107,4.57772285539352,27,0.4867026020822374,0
0.26283852186648826,2.248085035280482,21,0.13239127681298302,0
0.40107643723719444,1.8334861299133542,14,2.8103218103776153,0
0.37415932297628607,0.6240570837613053,21,0.5069111380135067,0
0.3682205762663305,4.491813933120807,16,10.589894669180651,0
0.5214672235661164,4.0896676863489585,29,0.10653063670985338,0
0.412152584859972,4.353021237933874,27,0.8345004241100124,0
0.5332629667611426,0.9614665666609096,17,0.35635546442177624,0
0.13481459477610336,4.028595163737995,23,1.2836515711470498,0
0.45371327169765735,0.5407839418398999,24,7.24236903961374,0
0.2689853676656744,1.8733722549797869,24,23.310330817849007,0
0.0443309716190363,1.2174863522909558,23,0.3127287855441131,0
0.7217623857190486,0.170943516161316,3,167.2490292101589,1
0.08854156538245421,4.873289411645555,26,0.34851051403849437,0
0.4178820774939406,3.012168340618697,23,2.2194342000094975,0
0.05523333211320582,1.1566804081654989,22,3.3012281642540295,0
0.27551568953580724,2.961090586693526,24,0.8619522408492946,0
0.16935714277025227,3.7803444219404647,22,2.6938236414584424,0
0.3327762078656438,3.5907367808819703,20,0.48860811402534304,0
0.21365326001354823,3.441796250567646,17,2.082394560305595,0
0.9423224019826315,0.13033800327488815,0,23.521883160392893,1
0.2367843094170689,4.552056827365921,24,0.5541268253525906,0
0.09117129916351528,3.580647789438877,29,2.202924390024867,0
0.36534484420303387,2.4550067804894535,15,0.6628013714003624,0
0.5513469734913247,0.17643759302440795,3,4.128694955009173,1
0.22676988606472304,3.367911333502097,18,0.17525877962336028,0
0.08054692890286928,2.239158874943563,20,0.2682953124722875,0
0.17449205704170234,1.8678662418695247,21,0.39716618950550625,0
0.23316206117040647,2.9240262499173024,25,4.834036810779461,0
0.4428300153398849,3.9347504821713972,23,2.331990835917024,0
0.3000352032572583,2.3055313144127263,25,0.7388923611129259,0
0.87252942808027,0.044995819849440566,2,36.441332947281396,1
0.27200647941068173,4.7249135325919145,17,0.6145764961587123,0
0.2918511700778615,3.7974283762175727,14,0.7375650877260999,0
0.9269685641448153,0.13587954297290375,0,3.4066344758334184,1
0.21177143164865778,3.8750998567450132,24,0.33667819336822946,0
0.33772917436447536,2.653514217861587,20,1.1123963657353286,0
0.1693816409586621,2.1129158407106696,27,2.171093003163229,0
0.23006148974661933,2.0048650310957554,22,1.1613226808373727,0
0.17083485962031,3.942002878750147,20,4.9550006496369265,0
0.608272162542091,3.270267992249549,18,0.7891934158753042,0
0.16178899164271865,0.5855333001155212,19,3.5334611653625743,0
0.589766575371919,3.514122685572438,16,0.7212068097008905,0
0.09690014148901295,2.11593372591376,14,1.7142284099687093,0
0.5107841362976109,3.965051254560269,18,0.49572572260880726,0
0.16880218819164342,1.6370339538090959,14,1.3063155994505176,0
0.7693241756274294,0.08508633641938543,2,52.79185735182286,1
0.4331330128691925,4.890348794144774,21,1.4674709382664064,0
0.8058564486562152,4.331619562490948,20,0.35828228036603804,0
0.13179556699146697,4.059129201251581,29,0.5395338310144299,0
0.3938516290887498,4.003145731023066,25,0.3130963048686498,0
0.2282259086867782,1.2289231711842095,15,0.41128372809117475,0
0.8347250455965524,0.09691872853755296,1,1.217584538121705,1
0.20158918225418793,3.249541618043851,12,0.29805340714058215,0
0.3812934225759975,3.7888737037005646,20,0.6429488515876588,0
0.17145831519918175,3.382492084898216,20,0.13316160368919716,0
0.06664364706586953,1.4916636075492116,19,0.2837780873386752,0
0.21958914435968352,2.5621946707856376,23,0.6029240215265964,0
0.2566035025273726,4.85241555128987,15,0.7629698701341934,0
0.44977697931941113,1.6337309558410107,13,0.9055611255670165,0
0.4361830063745704,1.3838268544208212,21,0.4952329280244595,0
0.301164486485357,1.3451349990090606,23,1.3441311060263743,0
0.058298063499852316,1.5828135202822355,27,0.9126620027252025,0
0.08047456016960373,3.0691496831016782,20,0.7886780206668206,0
0.21278810407410906,4.85944717805687,22,8.775758545033122,0
0.2579674747508267,1.2186028060793783,28,1.3393288788822644,0
0.20968516936369627,2.345673739498879,14,0.7855891069490859,0
0.14580875748195554,2.2832623320771703,23,4.28105730205231,0
0.33881050763398124,4.192800144274191,21,1.1108883181099396,0
0.1345710407692651,2.113022512101036,16,1.9321276571729715,0
0.030651897777863382,1.7897700130237744,23,1.3322428067015375,0
0.4941346253454078,1.3252272507218215,23,1.063002695696251,0
0.14388002652915477,0.8877501203063676,25,0.2007623511407513,0
0.18534670906606995,4.029185197828763,17,0.39180373957318443,0
0.5792554781166153,2.798523457319659,20,0.20850915129783043,0
0.34344766321046194,1.161220981757057,18,2.7995732874437804,0
0.218205959988332,4.81348933390682,20,0.4844823819473197,0
0.19658950223492236,0.7316001732918609,20,1.770796806135998,0
0.2713295668385178,0.7897284766790638,19,0.6757084217315258,0
0.7431754088992142,0.1951783921934375,4,8.392839528331184,1
0.16589526165322796,0.5170018334156468,18,0.5676458439348167,0
0.4439363755033889,1.4185502805114396,16,2.122163741164814,0
0.09141397145333562,2.539544742949673,20,0.6695316067808019,0
0.6987069915274716,0.12131762654802249,3,4.228250386496285,1
0.057593971527058196,3.9151446705781985,16,3.797780812941586,0
0.21411953674095124,1.422309480045263,21,2.086406662832985,0
0.28553407481415655,1.2791155607322464,20,1.638010374373024,0
0.04972353815239919,0.9157731302168857,13,0.9172410397910548,0
0.43243512986533644,0.010395487346484851,3,1.5798781390569485,1
0.7222659474834391,0.19207877891355762,5,37.953094838680556,1
0.14500380156047396,1.4413306674952864,22,0.6017451113221581,0
0.6068678383751875,0.1369012874196233,3,4.905855466228714,1
0.5494097384650974,4.719366366424613,27,5.454594168330437,0
0.1283784278320247,0.8940776776980355,20,4.803002202666014,0
0.1696386494998866,2.0300417010855742,11,0.9552224398465446,0
0.47844569298576783,4.412072047158868,14,1.4384760777090444,0
0.2417005691609743,0.5896947520387381,22,0.9087552293060673,0
0.13925203156672517,4.148426606664373,18,0.2395804164453352,0
0.6049695602326262,2.5413855414966884,22,0.8771998582408987,0
0.11368866049529508,2.94035033310838,16,1.610049650364458,0
0.3607497962183694,4.947821114701759,22,0.9295078414405145,0
0.05315556443074947,4.236095875866833,16,0.33752702887332886,0
0.1779428768230229,3.890234408070242,26,0.9070812737299795,0
0.8760218844435868,2.645875813060735,26,1.4743467223650446,0
0.5436044393090533,0.01952003103594465,1,1.3931816195798112,1
0.4282313058073771,2.712860825468721,24,1.0428090068708213,0
0.22076245962199537,4.7344951752129365,17,0.7482323748644688,0
0.7290154283413746,4.0250813005590995,16,1.3066124605556473,0
0.13064490285570815,3.0499102325937515,19,0.7296487245327387,0
0.23726776360022347,2.2065850389293056,24,0.6616302003725328,0
0.695544497837461,1.5072907485352924,14,1.0727075280220821,0
0.22601589406456749,4.557532213521434,20,0.651777662173513,0
0.821384075883952,0.06047725361272391,2,5.341480811652934,1
0.34370833763173614,2.0306390933649068,15,0.20294386710529738,0
0.378767376268757,2.5514076722087053,21,0.360429627553422,0
0.41636450618916027,4.887385531713097,22,1.1252997748454523,0
0.24802224008800228,1.365724315509124,25,0.22750597587333332,0
0.5247879808713903,2.237913160456465,17,3.385606069392466,0
0.16577287296870258,2.256409456481684,20,0.4386843441288847,0
0.6953726667145332,0.06704728091406631,5,29.681827816133023,1
0.44037308919899154,2.574004863324725,10,1.4233829302369587,0
0.04312350393621788,2.391976306757916,27,1.3882024627523584,0
0.4396992949620702,4.242440694245878,18,0.3350617533729622,0
0.37021445172020195,4.764031879820266,15,0.34015150292078833,0
0.4233479114658875,0.9093643179208524,17,0.6624378099346803,0
0.27825035437687035,3.0589233628055226,18,2.6911022132666704,0
0.6122188622962281,1.2303853047340736,26,4.702421340237211,0
0.414071239594971,2.438534608379453,22,0.6096436589392903,0
0.5955864592294773,0.1413071354340814,1,288.50748170454045,1
0.2736739606686028,2.8354156408547544,21,0.7133742990547123,0
0.7478796879009371,0.05317651729873166,2,0.5549667861525709,1
0.4268769105664859,1.6415426821780856,16,0.946986049560089,0
0.26248909220110817,2.3430261213204973,17,0.9209674825596192,0
0.2235687046552787,2.9856641972410713,24,0.8809130310260527,0
0.3641857669208654,1.3374390550230684,22,51.53859841877801,0
0.06939314009197155,4.438873205405607,20,1.0994334038323297,0
0.22506466165884012,3.4595484520668363,17,1.3136288030580652,0
0.3933790619575452,3.8186918877476734,22,0.26872980591198237,0
0.2596666230857883,2.3406220441159173,15,0.34552154613697456,0
0.07345527385226223,3.584876067548764,19,7.15660165641457,0
0.13311348844442453,4.182730503617532,26,0.7960409223661185,0
0.42173495836443803,2.2009516275615577,18,0.2566864820156284,0
0.5460279729684144,3.4470658952831306,12,0.3321754600335307,0
0.35569968070707547,4.990805219760286,20,0.29335251456408395,0
0.3740557579646014,1.9005749090039916,20,0.6407342384529225,0
0.1571813503451608,3.8249340217086782,23,0.6630973768048954,0
0.3384202476033368,2.7629396494661305,33,0.4157058723392885,0
0.1631784165258035,1.289155111431698,17,1.3084454112650614,0
0.23263592114230303,0.9965400250494976,13,0.6515365843269463,0
0.5559725377381708,1.6938044498701306,19,1.1012796492052541,0
0.6099128914022321,3.2958366539755506,18,0.44917593434226477,0
0.1937523984001165,3.869965758496704,16,0.5060033942713295,0
0.16208769734472217,3.3735640013035435,22,1.7178113061015234,0
0.4491869877252697,2.9289401921637284,32,0.5745231120291081,0
0.17380332121738343,3.268901332523477,21,4.322788958404719,0
0.08452301510200282,3.707387398371631,9,1.2170972872464252,0
0.12159511960253676,1.9946971240369897,21,0.3111758849915107,0
0.19685957327315484,4.004705522011152,13,1.6361126027721415,0
0.6751803505956099,4.698264234003247,21,0.09844640600505879,0
0.1875039624157742,2.506448038616792,12,2.3317792925795913,0
0.20088803148395393,0.9111278178899453,32,1.7840981041706367,0
0.17253878947704604,4.066417517514455,23,0.42150455126135916,0
0.2924296789992999,4.434974533223348,23,0.4583064801004839,0
0.21330925238117615,4.359981181861013,28,0.8590244487249242,0
0.46753557875766183,3.578541218176455,17,0.9592462152718969,0
0.3275187253650947,2.261257989720213,22,0.08795476356986974,0
0.11487834110144765,3.927816059956331,18,0.09611144548024718,0
0.33139276162645387,4.192891462842303,22,1.1637351387735162,0
0.06555410144804258,2.5590520560753567,15,0.28810333885143363,0
0.24661206213463915,2.4494838583003027,23,0.605371171087928,0
0.15796732659796486,0.7796836720965535,19,0.4915055550842387,0
0.6249979632614355,4.088855963487225,15,0.1437203360078158,0
0.40753412906661435,4.1103063859161235,26,14.97958000992637,0
0.07252727331046266,3.860719277670923,19,0.05885182325869067,0
0.3559242954709741,1.0220833007561279,13,0.2983695518509323,0
0.014566883480549108,4.053792934940052,26,1.189573472549957,0
0.9048542714452186,0.13323440330108302,2,2.200887502829301,1
0.6623978585181837,1.7919678500964975,24,0.5975814643846884,0
0.4634164744999964,0.7970285111525057,24,0.37935638028580093,0
0.27877948674175235,4.242745064719336,16,1.1269477651539377,0
0.4098441113128602,3.7123135233292706,28,0.23286304941195368,0
0.45129778006862575,2.598638534746751,20,2.1175812308683972,0
0.24983051378216595,4.760984499685776,25,0.48389488101876205,0
0.9354694524670035,0.1630828452137036,0,4.999400509185367,1
0.438654504213658,4.988964927278121,16,2.542684761644372,0
0.865682639250726,0.11716452078441458,5,42.45054468095743,1
0.06525719496439727,3.7631273116812496,16,0.30043854923686153,0
0.2832531294816837,3.1554884844210283,10,0.7571950943875264,0
0.3979536631554951,0.9513363511755016,17,0.35444762126364215,0
0.24116938447904057,2.277953388566552,23,1.0558389450183105,0
0.605932939114842,3.126110838051599,12,0.36481563538299355,0
0.5214334217779245,2.4839256717278486,23,1.4133229982358795,0
0.36335124596088414,4.724547188958842,16,0.2658598708302113,0
0.4288126984910839,3.3625042574132222,23,1.3662633801283508,0
0.349817512293456,3.436833362338507,17,2.8373355056772294,0
0.07776352343651391,4.279028160278257,29,3.0282427810811363,0
0.1790640862563645,0.6787811901411088,19,1.4091447602755396,0
0.6141530187910146,2.4632117601916517,22,0.5179913324440122,0
0.42489523062599666,4.079224283551781,19,0.5217629066806501,0
0.0617354825198027,1.3660052241255836,19,12.934514223950535,0
0.11792412860354765,1.4117706531327954,11,0.3466226396138051,0
0.2727467060436925,1.986566053582231,25,1.0052350706877577,0
0.13032349399861015,3.6768909880620644,17,0.7933806062994,0
0.42581489702680997,4.5501061894597665,24,1.014260199769271,0
0.6541666984737666,2.7146029657880297,20,0.984102726613805,0
0.1782299900479034,2.838151752504156,30,1.2852091885844248,0
0.03445435917372584,0.6511693508577836,18,6.074617911148381,0
0.39108359836670853,2.670422469738448,28,0.7583267563063478,0
0.8061300009469008,0.1757974143373565,0,0.5022381123840834,1
0.2548060193503494,4.298184110507339,23,0.4206162230610189,0
0.349402768903276,3.036222151493727,19,0.6631666983698796,0
0.40754375838031787,4.770686644774868,19,6.875395576119915,0
0.22076256041428535,1.7423236056463847,19,0.0577768092856779,0
0.3493510282089265,4.997527353463836,25,0.5465451890097028,0
0.6987596847636985,0.061671851832962414,2,20.909637246340864,1
0.12488821827802682,4.146117999908077,24,4.98729012176887,0
0.11963947790786811,1.0456372045957578,21,1.705973545598336,0
0.24143573296525936,2.942250651222147,17,1.9807296326867128,0
0.1793723807877794,1.2993630194493315,20,1.5640311491342973,0
0.11879386852900405,2.8097976217392286,22,0.5978943214864635,0
0.15278493753759848,3.9327298987743253,21,4.805137610229653,0
0.13244368248799618,1.4029250696495432,15,0.8629065250046868,0
0.3660803910372595,4.41768035176828,15,0.19926294019280597,0
0.7347564055624128,0.14912926367660675,3,217.1974583337504,1
0.46443757708067523,3.984852702141069,18,0.1894961234571245,0
0.2009409149615587,3.6888381408694255,19,1.0248816497579427,0
0.3086568375332832,1.6660404692214028,18,1.762935404601361,0
0.3462962915707863,4.480570428861952,25,0.8267672130156204,0
0.07796728170501602,1.8582408404351762,22,0.7541533603342836,0
0.18093642545868446,0.6090691737387777,20,2.097823389179866,0
0.3007272256087053,4.517370520341582,17,2.025657210105861,0
0.2316555295207503,4.360351936166035,6,1.5731053035828213,0
0.09163961889839956,1.5968149791251443,25,2.6693151581549106,0
0.6128516400958132,3.0988457956059943,23,1.7876260877359764,0
0.33429213223163473,0.7598132584294147,13,0.722433432395899,0
0.2543475228339378,0.5380898972778929,23,1.2741230736695108,0
0.4316215523378564,3.0603341116638187,21,0.67300270187772,0
0.27243818640986983,1.6429435214225976,20,1.442035872500556,0
0.12658093784038135,3.6211373701887513,20,1.4204867460263821,0
0.35099643350122045,4.966946362637222,17,1.3932985056835818,0
0.061930576975586404,1.6992942675979925,18,1.764505290339512,0
0.3375846084297551,4.813287212120923,16,1.0341726213379558,0
0.021574849211325634,3.228919208622233,23,0.46057965557237296,0
0.4111972572012181,1.6671764008588819,18,0.37490325862456336,0
0.3540079795166976,3.08526947375629,17,0.12195997795592735,0
0.3402812470313744,4.641162125502984,20,4.493930375159797,0
0.27494046840112135,3.3677854106649794,30,1.1589942299906046,0
0.2256680077945272,1.601568078870968,18,1.0040092759657764,0
0.71128535065377,0.020281938882693386,5,23.908329128143915,1
0.15109672894746343,4.597485128697184,13,0.18866478546176743,0
0.498331766701497,4.080240161687629,21,6.410479963057278,0
0.18708616307605286,0.5796136540451674,12,1.6011998293305107,0
0.30021135214223726,2.910492985700312,21,1.1410582797934585,0
0.04308642805437665,1.7121414989684702,21,0.47825158209586355,0
0.40975405218363714,1.5714753236243544,16,0.23760306545952184,0
0.5824391564874207,0.15359739043514306,4,38.00875822193128,1
0.1650756716085899,1.4363833571656932,20,2.777983399910361,0
0.29389370183982916,3.3490352987826655,30,2.3264641605180425,0
0.3683046874095416,2.637060313239332,18,0.09376450017986321,0
0.268771669941831,4.643877043316946,19,2.926601428987172,0
0.3539004799564666,3.504029458037772,14,1.875384731173065,0
0.1597350097193906,0.5149251698220567,15,5.177093212609324,0
0.32385095115232343,4.76986842580011,20,0.3882660369305815,0
0.5125110960873213,2.305907724846879,14,5.806755697760864,0
0.2746128993302883,0.6136455276102016,18,0.8909586000428712,0
0.19361556817704628,4.296307048653383,19,3.963826343663911,0
0.022950918221131406,3.7709692534336883,18,0.5153082770092963,0
0.20558115252936265,4.130351345625135,24,0.9371319093427677,0
0.7127414265296306,0.5497086202549177,20,3.0499654168972254,0
0.552276174488962,3.411657610551892,24,1.2182691739765852,0
0.3684188926693806,4.144945437576906,20,0.98500004700824,0
0.567123869052537,4.746337954851131,20,0.6990989249493248,0
0.11662870220189706,4.873955443613268,15,0.8046191658404498,0
0.3793697792837009,4.000234906130917,32,1.2616603653878575,0
0.08234222167191498,4.112045845869065,20,1.6997646469880803,0
0.06740759645577744,1.1316322912374526,22,0.6199685486600346,0
0.05705810095244107,4.835563979170764,18,1.0631675536761553,0
0.06902602689001204,0.527003517532919,16,0.13110726323780905,0
0.11067533375350491,1.5667830549395627,24,0.5156958740346813,0
0.19440223693630695,3.025005735686354,19,0.3328393489595538,0
0.9241135217737972,0.17541847704814953,3,18.726193974191307,1
0.32227674778978427,0.9658097105750716,20,0.8149880639811475,0
0.3741934462199451,3.6752673323782696,10,0.8897950521063587,0
0.23294109736639318,2.6888168979370013,19,2.0692357077813863,0
0.2457116093234707,4.138392540975289,18,0.4143097863045888,0
0.16715428809724595,3.555179463471691,26,0.4930323250382886,0
0.19156211412125873,2.9947639026511195,18,7.664370302796689,0
0.7149473681019508,0.19718604103870382,3,36.73815402557801,1
0.12660309689868074,4.93595422621166,23,0.22535402349540615,0
0.08841177613408031,3.637549131981218,25,0.38371108383360586,0
0.35556751141417076,2.2149493231668327,22,9.145645990575584,0
0.2073064473925126,1.488572976313727,27,2.7999467137314613,0
0.21945328314480064,2.2440920018032178,21,2.0714277572219353,0
0.2561210628928955,2.3104003843354888,19,0.6222393777136069,0
0.18463985724470508,3.196241930152249,20,0.23510882943040406,0
0.4281500513490863,4.969292981564696,24,3.459535460257638,0
0.023519527512335006,2.398229611586572,19,2.2743677973626593,0
0.4510165220584793,2.8647731441785735,26,3.770438179921276,0
0.8524320576802845,0.054490237560708074,0,37.16179293244198,1
0.3677011045174103,2.824000459660868,19,0.6296454896384459,0
0.5593124348635528,2.882146943739925,22,2.7061273132981243,0
0.2587385537732572,4.828618856350795,17,2.970213693772877,0
0.9623338477164167,0.143360875335105,1,1.5209531893990482,1
0.7664246750463121,0.10978020216780426,1,58.457850802074255,1
0.19731340877966094,3.3333157321887574,16,0.8080642113768367,0
0.16296440924066535,3.5612267853461126,22,9.51000874372746,0
0.22829533747988817,1.447774423217878,17,5.895796374267262,0
0.19145018941266082,4.5444165169098865,27,0.778062989789549,0
0.39950852503568535,0.8344798728482169,17,4.210354089523309,0
0.5379004392061258,2.154999169019371,23,0.31713913978561575,0
0.3775097400785803,4.991585521657214,14,0.9006427316526635,0
0.3494881766789141,0.9085089215960858,19,2.042817336692655,0
0.4159424418821792,4.2691335040435066,17,2.7308089039585752,0
0.41586233122510063,3.7723106657569057,21,0.43833227987248896,0
0.43996224141652135,2.6324729300490706,13,0.9827661222811336,0
0.5506681050686755,2.63637044396029,18,1.455579492516658,0
0.15436819151235995,2.7963826889505157,19,2.6065702289255124,0
0.3147920122992375,0.633378124292169,14,0.6676423449418474,0
0.04346361221033857,1.235844280388565,25,1.0019147668503379,0
0.9006195058024359,0.1374640373640468,3,2.7384307725088988,1
0.1707463606666356,3.6616614436933506,15,2.4629916191408063,0
0.5966930181192899,3.5883550658463057,20,0.5703111693075202,0
0.578817063319486,1.7935051882576327,18,0.694445180188429,0
0.06862260544373029,4.350333272715841,20,1.8325802763688268,0
0.07748120972943356,0.6951348507570214,24,1.791096620568359,0
0.698628325480588,2.3783692789690027,18,0.670031065234471,0
0.8064210028928037,0.15960282938475426,0,0.49740822672868507,1
0.22788647979371776,1.125312189725832,17,1.2949345771746221,0
0.9437260567208924,0.05893811617950245,2,71.04913361862221,1
0.3836236601033503,0.8575055613450274,18,0.4096414208843023,0
0.27063225346056347,1.292386812875425,24,2.558351393353673,0
0.7526799567205352,0.16514128872776893,2,2.7277337796586023,1
0.4414825124347977,1.4197982849417272,27,2.158766328881182,0
0.3624847854237286,2.3476973976039854,22,0.34389565851523707,0
0.4388188930643578,4.201215694277251,16,1.4728850080235032,0
0.02397490012366994,2.0627976154836065,23,1.7513062720649561,0
0.05995568038330421,2.7917343129309504,14,0.7344160598698039,0
0.25246730491283753,1.7239683931710765,25,0.4649227257809539,0
0.5529276395891324,3.636246316278666,20,1.4309978213135297,0
0.10028796727523788,3.5426735529006415,28,0.5154868970313807,0
0.13166924487045886,4.299427586328456,20,0.6364123784894175,0
0.3546355930705405,0.6043736319207924,34,0.9095815030542743,0
0.08045452898163462,2.9073196217022392,19,3.989637550210756,0
0.16197726856588096,1.0595145804775936,16,1.6293061747524757,0
0.16107211568230276,3.77877055604221,15,0.9872180105071886,0
0.982925812983159,0.14803945966356813,1,414.3213548614492,1
0.25048401437497975,4.940736954377786,17,0.6881405666215099,0
0.17146217544311265,1.1554859833865414,17,0.40333340870881385,0
0.3161272836902597,3.3552292593450033,15,4.61637744248036,0
0.22093625984387635,2.9632871643525216,19,0.7286617086198645,0
0.8381770156949488,0.1140322327393543,2,1.5617604726154195,1
0.42170631441539674,1.6062407073048697,22,0.7119498096063157,0
0.08615331001337699,4.5653083480658,23,1.3784170207113566,0
0.2826737451283753,2.0441099908128475,20,2.0274702571713425,0
0.578490317141508,4.687212298443955,19,0.3756188162924341,0
0.09704818011046172,4.081389413797558,19,1.0300642119082883,0
0.17602686848990245,4.296039314635891,18,1.5393882825665872,0
0.18373172225188547,1.41443416967194,20,2.222068960318163,0
0.5242367181368683,0.5004960431082011,11,0.8346695210849694,0
0.4156891954833116,4.6013327741218655,20,2.065746314010903,0
0.2888917793950941,1.2055160981345485,14,0.11681056101151778,0
0.10905736927699966,0.9044171181020297,19,1.324549266074696,0
0.9376586345853919,0.057659573347125764,3,0.2980737810354556,1
0.3163493098818964,1.3189802960934918,16,0.6791991075307633,0
0.8736515675202131,0.09750195814902536,6,43.065532759166125,1
0.26803292829467856,3.82800368794687,29,0.9518377715859226,0
0.2608369854006007,4.121714136269658,25,2.720465603408957,0
0.16451518623784414,2.794025145837129,29,1.8210229632839263,0
0.25423598364378674,2.0941353657600756,21,4.716877723246223,0
0.3975189707679031,0.8360281858912815,11,2.069387368841772,0
0.09102745322036969,2.113349804612807,21,3.4766143243687293,0
0.23672425728536672,1.0362211933769339,20,0.6541652838802742,0
0.4184347461259691,1.573567357755619,17,0.6394091472015221,0
0.18929027614537658,1.490179657345795,15,1.036910612457422,0
0.4368171660043616,2.8520887602481753,21,0.7482644023815553,0
0.5130131494581458,2.463769667434289,18,0.8504762508302758,0
0.23169199612633423,4.018854033817964,23,4.990905652709595,0
0.2065867918585917,3.791398763126448,17,1.8657039258813275,0
0.4162797339225184,4.073369195645276,22,0.8679169941949214,0
0.6323219165325288,0.13043936407955642,3,8.795965826052642,1
0.34510578392991476,0.5609494576598093,24,0.2523242809807902,0
0.0710615119208343,3.4839591577032607,23,2.105997680289151,0
0.7333390129852793,0.11755028965635009,4,2.944300362796722,1
0.3994478719339776,3.6290704842875083,16,0.39503402838420265,0
0.02132602539617599,2.0337677345763354,22,0.3809172554247113,0
0.1167881031641663,0.9255851879374235,18,0.6701706132317173,0
0.23477280140070683,2.2646004464888025,20,1.7456071758961298,0
0.38208904968683727,1.580151129684486,24,2.8169642010378038,0
0.05116402886547089,0.8683898179768053,22,3.549488854395935,0
0.4531467251876458,1.0463157492923585,22,1.21507997537192,0
0.47689244980158363,4.301816928208785,15,2.1913904204049794,0
0.8741724937378578,0.07442450494274343,1,9.342505606369196,1
0.07857958874818947,4.174741425204838,25,0.8930233625024707,0
0.3920411501633502,4.563403381082988,16,0.6136517606492701,0
0.11561954369077525,3.3426391677039815,30,7.448078620665466,0
0.143002412609868,3.910207973137046,18,1.3559204315840399,0
0.22769703357494642,1.9663105117583206,19,0.5867612519258585,0
0.34998211624918313,4.90655791641278,12,1.287687856960396,0
0.582046551759361,1.2971804877771473,32,0.4103814716297649,0
0.5594497107766633,2.0258153875352587,20,0.19941350331143515,0
0.9028922933861817,4.495933845710001,22,0.9274611049526946,0
0.3939330652987707,4.998192719900089,13,0.7070509335305011,0
0.5858660843450201,3.2726553188356364,25,0.4191145384740571,0
0.3150982384876656,2.338194889316455,13,3.3417433051507857,0
0.19949043143911335,0.9128834952163059,18,2.21503280214489,0
0.08978173584409249,2.4526746025812836,13,0.47800022831752176,0
0.2678551648285449,0.5192380609722094,17,0.3417952369738826,0
0.3079822551623085,2.1591248528537266,16,0.9931426864133607,0
0.4179112882001458,1.7400011691735775,31,0.6704425038624018,0
0.5803185060144329,0.8448704381956045,21,0.3776867315647882,0
0.3432758034192808,2.7602012248348973,25,0.48596329081865974,0
0.07253195595734165,0.6225278555158176,21,0.418581895147555,0
0.30407104980207733,1.7748628843986605,21,1.0713623386417364,0
0.4096219004696704,1.1816827457543368,18,5.101128800469661,0
0.3260454982944454,4.69445881988464,16,0.9976953144767755,0
0.3051519389954911,2.8156942574343105,19,1.8520310696037745,0
0.37457283562426386,0.7703975873447808,22,4.037830254030478,0
0.26647221590563847,1.365586127295603,19,0.8822181733889161,0
0.9030248616027269,0.1430921519094645,0,118.64982088595649,1
0.26808778611608786,1.3072565866532844,27,0.7716100490534454,0
0.9200384351002391,0.17437735647318262,4,1.747991661482519,1
0.2352949926212873,0.538264137834294,16,2.193232996574806,0
0.24655294467227806,3.818096645111875,25,2.052756206175752,0
0.10650442228566857,3.768015671122509,21,6.316780015228631,0
0.22751782378207577,1.4812815778433146,25,4.484651770981961,0
0.11406857672975056,0.6141279972232768,14,1.5773206469680887,0
0.269622677122038,3.21503283276002,13,0.10681625611538573,0
0.2838964640258607,3.524168204230358,20,1.390454717023846,0
0.27671714320739954,1.502776648588707,21,2.3978863116074045,0
0.44735747442254625,2.736504312056088,14,1.0463767868582157,0
0.29773620845874765,3.056209888043819,17,3.634643375440629,0
0.2831375107689471,0.6676574480950983,25,0.8536394428248731,0
0.314909236518177,3.4641749422693673,16,0.17761138964389894,0
0.07918822298970798,4.7176772440499395,20,0.5340544585803575,0
0.45923510582166144,2.3959498927435,29,2.187823020589544,0
0.094102521181698,4.868213244896006,21,0.6709932885494191,0
0.4473313325436133,4.871474960164663,22,2.9122913189107495,0
0.7066737089059788,0.15812801582772398,2,4.710409649346255,1
0.3273642918282126,1.5902652205308154,22,3.517241360160398,0
0.2568192768885042,4.4186236371934715,26,0.1393456815771087,0
0.6758273945796814,3.503746038307936,29,1.3109558446488232,0
0.126822120432472,3.1939657496892213,20,2.4038850001447263,0
0.32953100254307754,3.4773208768957566,15,2.6769462739156427,0
0.6033734112693782,2.5664507538610044,15,1.2765103181629287,0
0.4419370500676894,2.657462400767897,11,0.2599299209359375,0
0.8364278997679134,0.05773284866934136,2,6.068827313491891,1
0.6629851412335351,1.2281636322401328,19,0.49990859747853367,0
0.4236306194762548,1.8430836653546456,19,0.8130001697123816,0
0.2860830566688447,1.968239710180574,22,0.2343518210315399,0
0.29273983525694275,0.8446141911542621,21,1.6135063746830858,0
0.12154466747193439,0.719914814181795,21,5.2724685204016835,0
0.4779678479069766,0.5796192251154685,22,0.6064281056419403,0
0.5273531986078249,2.5833830534363957,27,0.6948225985500803,0
0.4175665306062082,1.2648202815027851,16,0.5146434364712192,0
0.6323934936608446,4.382989737122687,26,1.2271517811985888,0
0.28910104374524387,0.9998463404785124,25,1.3345706789080223,0
0.20916847690356913,2.234217889736903,15,2.1552548304890378,0
0.387192785548162,3.672878155763491,23,1.074259166725225,0
0.44579567850805085,1.105259664208871,24,1.4567668548133024,0
0.22380104126909178,4.149358693115179,20,1.3539365232394978,0
0.24338951414051438,1.4633936086483461,28,0.36364750416122743,0
0.28525464855195903,3.1620418817191,23,2.8222229156625867,0
0.33597827069983077,1.7969133349547746,22,0.7133406069286913,0
0.3291268126242273,4.3606379680718295,23,0.7856427403373119,0
0.7358131295352737,0.01499507128733736,3,4.362307036144784,1
0.26447521059455426,1.3311219953404676,17,2.0038595742964427,0
0.17398158495372107,2.002928982197007,25,0.5801154654258526,0
0.6289490539179224,2.492050435448637,16,1.204073980282017,0
0.05395292483786741,2.271921801708035,21,2.281104060560291,0
0.17462022865101756,1.3357898003082975,19,0.3971031053990417,0
0.6703721434077783,3.2620953156893635,20,3.8890024733064923,0
0.15982533307549193,2.2366829161906736,22,0.8963995254862202,0
0.0929501706103838,1.583394866680132,24,0.16295061143989048,0
0.28542369302539977,1.0426379725320571,20,2.4490527076542468,0
0.19733288139682445,4.493654981650776,22,0.8215446146486314,0
0.5672676399213243,4.722284368186747,19,0.7170719412922242,0
0.3262140642291751,2.652224291716876,21,0.48763132812998256,0
0.2472127535718036,4.251111434878835,17,1.2361238994924004,0
0.6451984689003544,1.0425485723975019,19,0.5492099553415176,0
0.8555030079959594,0.1779077788711482,2,11.644599797795134,1
0.1122887739688649,4.875492553080311,14,4.079250977146226,0
0.06566032447745102,4.911703110764343,24,4.918942744904937,0
0.047662438617290706,3.8954075068547067,17,1.0141763663247465,0
0.16306024251980122,2.9300629381667656,17,2.5352486253362296,0
0.2035606166151747,3.103255182430153,18,0.8701713362679409,0
0.3454322318662735,0.7633928267391952,23,4.786601181408348,0
0.3614477351102758,1.2232373454469774,25,0.6597631200520878,0
0.5687938764908926,2.747909289848181,22,0.5891274899207104,0
0.26754564499597105,1.9531515240980333,19,0.9434983183735662,0
0.33953151903551004,3.6040223801302003,12,0.17020113017460992,0
0.3805803382699199,2.13897670136726,15,0.5966022745549351,0
0.6324273196093855,0.13965558558963756,1,3.461080903529191,1
0.18372289180042511,3.997103238795965,19,0.8455086463797925,0
0.18016609150959986,3.1895757614019025,26,3.588086360737503,0
0.920595814752025,0.1440956861684515,2,50.98601983398696,1
0.3978936576706285,4.822532157315538,25,0.28428928259336506,0
0.5761606914687978,2.023978758064126,23,0.9631570451807361,0
0.46740738587888936,0.8159716528732679,20,1.556997956496368,0
0.09682191127537197,1.3460596959830227,20,0.9306511413750069,0
0.40018473610598765,1.6503900345482163,20,6.147168193776572,0
0.272255646902526,0.55402310015918,11,0.5087093921136249,0
0.1422240954472108,4.808812839447275,23,1.1683449957491205,0
0.7783792343758551,0.08685179758757731,0,0.2958646777690358,1
0.4701492718465338,3.454242406604993,20,2.6292666878464432,0
0.5374833220590322,4.265447496147294,29,0.2181706657179199,0
0.23642025149873244,2.3187371968984696,27,0.2833776669243394,0
0.2913613327804606,0.6403138886064328,18,2.256659559208694,0
0.32950677477331075,0.6299967752238282,24,1.4301153186412732,0
0.9731468126011745,0.1149323359902783,0,18.178356476507812,1
0.3053679360848052,1.8376634610665952,22,0.6591769436737308,0
0.25022837941610104,4.417062874812955,23,1.733779441686669,0
0.038146109236866566,0.541488173949062,15,2.579066656185725,0
0.15721872795002337,2.8072158085323364,18,0.5815165848145226,0
0.19382820265868017,3.45911849061498,15,3.562920612368927,0
0.40005983104223974,3.708744782118293,19,0.2557548619617346,0
0.3157775887911907,2.0033529875110276,22,9.5192107110419,0
0.25023235274487315,4.4620620501546675,16,1.8391161747589568,0
0.311610667877246,4.916069226892203,18,1.2312525651613573,0
0.3997984743130483,0.07700251324151741,2,10.086019182204227,1
0.07416641839570445,2.3514924500618486,19,1.8365344288983698,0
0.10103984800344656,2.451980307472125,18,1.7162678392258752,0
0.32978719200569495,1.1694934078126236,29,0.4999086463255423,0
0.027931981262157065,0.6350471949836353,17,6.058070889133133,0
0.35204775983576275,1.5584482589543736,24,0.5751956658028605,0
0.6737099013181197,0.6636687518625473,16,3.0626166776965618,0
0.14505903049272645,3.3004186357407863,19,0.582782102452868,0
0.14707553305943358,4.893158478728395,17,0.6320064948742992,0
0.14228918543047267,3.614838297710527,17,1.2902283501740996,0
0.9684900447532248,0.055086816857781204,2,2.8411597513483557,1
0.8532816170785936,0.14589720094109684,3,2.2406396931745847,1
0.11593292847622529,1.7933702768627906,21,3.772348919198182,0
0.5859915206918378,1.140675097032575,18,1.9218122166285188,0
0.33011055693482266,1.8278160203744112,14,0.2353243146684689,0
0.19432524786661984,2.811853150162077,12,0.7616840938686716,0
0.41872173344415764,3.116046216828844,17,0.6059297221239187,0
0.15171077827815943,0.7334424769864625,17,1.8633124635764597,0
0.08819891277525917,0.7627657119093358,15,3.813997967347652,0
0.24598157981341423,2.791369613560676,28,0.3683484445016185,0
0.1092549310317022,1.951154391737982,17,1.7756458366155936,0
0.24083589618789475,2.5121904088707856,15,0.2551234033515826,0
0.29960779194731735,3.357441904380983,14,1.0493723014413827,0
0.10859349702052327,0.9627683673620973,14,0.2572885795398613,0
0.5896545934632555,1.2334104331214961,24,0.43955056375402324,0
0.605347497645693,4.58233394780379,21,0.6402610237117518,0
0.2027754400430218,1.1102747834435729,16,3.082781207586083,0
0.2532577214178077,3.388373504433589,19,2.020869464400247,0
0.285619222967062,0.785984585204626,22,0.335309308815956,0
0.4811163653737192,1.2256535638624324,25,1.2949467353123156,0
0.09401249951784504,3.0211495475052077,24,1.9307579221258597,0
0.3739315639225803,3.607896259127754,22,0.5902326060020475,0
0.36073392156333906,1.915551798468516,17,0.5130871293369357,0
0.515207241282006,2.374059735478009,23,1.169009525526954,0
0.1730975511637265,4.339230764225892,22,3.43119766624042,0
0.6365574436195081,0.027643843519517645,1,96.86422746177368,1
0.06785021411363605,3.6086740210086212,23,0.3842479837778432,0
0.09996666224350796,4.849167465665347,26,1.9459904200089282,0
0.4789566035670966,3.265065166880133,19,0.6702288462810141,0
0.3151601059353047,0.9891922991006428,20,0.2799585669394826,0
0.22021476226757977,4.037893595757627,17,0.2850193760409529,0
0.2687927699999494,3.687561857742159,24,0.2809364583851167,0
0.23992125439276166,4.474861986801708,19,0.38304327286122186,0
0.2444258528189647,2.9858470102198673,18,3.1140244632260106,0
0.18745460180374307,1.0991482661003196,16,2.138959114815681,0
0.1506708260918103,2.375146769195475,18,0.7813884593668132,0
0.031845653747890855,4.148564324732726,27,1.0710628327099292,0
0.10883375425877762,3.6752117730291487,19,1.2806062682077766,0
0.3826797689835049,2.851408560133032,20,0.996829180931557,0
0.11106895189772951,2.4132554284404657,16,0.7505192959396813,0
0.40868925585251364,2.336863017974096,20,0.885095530821227,0
0.2840312890375956,4.57484170327109,18,1.1455190459761442,0
0.9052371973751793,0.11335423080156405,4,53.22214008782658,1
0.07511858914300219,1.4719468704608976,25,0.4245979135899232,0
0.5247425330676693,2.3169519070511475,30,3.69030423519225,0
0.2989708059055975,4.658257919120031,26,5.1153471130956625,0
0.28044622238020156,2.113177429212902,20,0.14155555236556444,0
0.13259010620655728,4.607323130439768,20,0.41887762333825584,0
0.9168049441185048,0.014397805617514916,4,960.8242983063734,1
0.18214878636288054,1.5779810709190607,20,5.126749836731411,0
0.24915231745936722,3.6980176956857203,17,1.4539923089930786,0
0.0671569182305665,0.9439380332190386,20,0.39747953302175404,0
0.3979252066071219,2.8618175954470675,12,1.8726839517846425,0
0.5191446272552441,1.446807608917171,24,0.6220688450518445,0
0.2785736683327724,1.4993406497476829,21,0.30130840072423787,0
0.40911491139683515,0.9623994904426514,22,0.2415715827300675,0
0.22656662983765347,4.764143298995183,21,2.4554176554734,0
0.3088756110875278,2.4177124631537463,25,2.050306186587488,0
0.06957045463428436,2.0394006854030486,19,0.34614959021351377,0
0.06927587913738027,0.6029657330885774,19,1.7252562441397972,0
0.16597508528278557,4.833376815842224,17,2.2079403266575808,0
0.5304393552637002,0.968917785617542,23,0.9982070116439964,0
0.17003518660107292,1.165252075559522,25,0.38374256421650765,0
0.1733672772372511,1.5574685924301706,22,0.508613321743284,0
0.13088306040970418,1.0748440737905733,16,0.8245517521013289,0
0.23085277643801427,0.9328986221103349,13,1.4316739908425167,0
0.03118970139656234,2.8235937319992317,17,1.278391717309081,0
0.18606086280819695,0.6694026850254337,20,0.31795635956942875,0
0.33858464316457704,1.861357194453595,16,1.1541900505374083,0
0.3994778361869812,1.4435545009778543,20,2.9991189642527503,0
0.21697955061965415,0.8337647695287292,18,3.574934053759337,0
0.47952529205261846,1.2550086774699039,14,1.086024891206926,0
0.10033539050865305,0.8164246672298932,26,0.8451491117946639,0
0.10153233496035956,3.633985719983164,25,2.1854971106011827,0
0.1571034216359924,2.810330303046949,14,1.290620471148278,0
0.08957807478468417,0.911994022689719,17,2.6042961329785004,0
0.267496853852062,2.2228825851272433,14,1.369646662316394,0
0.35016015090421,4.2468916025081045,26,4.863526066650404,0
0.5688333272776468,2.8270278708581835,16,4.734330110178405,0
0.1871711293816978,4.759027061723462,13,1.1188729327988323,0
0.3976166549386689,3.1467384953609305,20,1.0057376788850287,0
0.29498162374202497,2.40414584605915,28,0.22339251141161937,0
0.1612650739913569,1.4159062306419234,25,1.6064743877552012,0
0.20228786914699073,3.2091421826358877,16,1.2228272409577097,0
0.6261052045688813,1.7355410475094089,16,0.4925387885968455,0
0.1077249513411438,2.1017286950778615,21,1.0513658712347276,0
0.09833539957982525,1.60241097170229,17,1.121515795629443,0
0.0734615886046842,1.861349416312399,19,0.15929727612725753,0
0.437323041509321,4.881935525057225,23,0.1599800413716151,0
0.1627717453019785,2.1358808370030973,18,0.18732383949029147,0
0.8076040500970687,0.08397855984336766,1,2.835469524696269,1
0.6327240246752812,0.09743332859367762,4,8.600342652405779,1
0.31973396117049674,4.646766771915323,20,0.34423404999611074,0
0.2223043360549491,0.8870818440365623,18,0.2501269584046382,0
0.16370114970346158,1.4800935240668587,25,5.8126917820756185,0
0.29772990845081915,2.591925997637177,22,4.836183890742784,0
0.5080843822580127,2.6025457203940165,21,0.7998473600677816,0
0.35599269426975877,1.5116762326525945,21,0.407363376420547,0
0.3753998220156225,4.629993135678117,16,0.6004726556227278,0
0.1981377748466822,4.777825671428599,18,4.2173301599773305,0
0.1899958016002383,2.822275274838628,22,0.39606146052518887,0
0.5427367073249619,2.8719245434073772,18,1.2176402962642554,0
0.6088670743384359,2.6754961928655794,18,0.8652538049869007,0
0.295236732147518,4.0045124721967955,21,0.810115894811073,0
0.43040041818561225,2.7431502990703915,21,1.7272057919848385,0
0.059367352767793674,2.2387371933307145,23,0.26452147753858724,0
0.09565219041869764,4.1921558674785935,21,0.33185429923061055,0
0.39724974155680953,4.273237480601638,23,0.6051416778652527,0
0.16655967805067867,3.648225864367492,22,0.7655107478407065,0
0.13975610722877627,2.943123574698229,24,4.484447892920002,0
0.20019966429682834,4.266512909244133,19,0.18136546583341778,0
0.8167500106531734,0.13089905495245874,3,3.7601609781305827,1
0.06812708623384671,4.266448076514408,23,2.586431906180296,0
0.20353954714848999,4.280621739754772,20,0.49196424109774395,0
0.36905801083612644,3.6303872356201556,16,1.3434349654691315,0
0.1365100441750449,2.3244720263219474,33,4.202368460102205,0
0.1431448026817416,1.8616956816223724,20,0.10005730770047645,0
0.26643842084132474,2.748139939048515,24,3.361713959616548,0
0.2692637206573681,2.199115073459092,20,1.2399062998655388,0
0.06789050118840614,4.172574271539094,16,1.7853372806688401,0
0.618231718478477,4.874484775553508,9,0.828938639029946,0
0.13147310144391017,3.726671455964092,18,4.0024586470678285,0
0.3109835791981465,1.458941815168159,18,2.6675208471461707,0
0.6094624702430128,3.2934102880252727,27,2.5943817853655147,0
0.3771141231608648,1.0268922530968012,21,1.7422402218970112,0
0.5211855414755042,4.082385633213088,24,0.31094665022828544,0
0.2500080712399703,0.7086567596614256,27,0.564035255647639,0
0.18845451217393264,4.422913384097019,24,3.0032235247279093,0
0.22930258044761864,1.5069380918346427,21,2.1338397023557625,0
0.20742311678028855,3.4026890550835667,16,3.8284643590958654,0
0.028069498122684413,3.854076297406322,27,2.5734825974945874,0
0.25519106645675743,1.7596556869964906,22,1.3998532262981984,0
0.8058171985938749,0.11974607186901254,2,30.09091199166018,1
0.1586730004155391,0.7017202136907437,17,0.2810503257879619,0
0.18408417427868556,1.3971176131011114,25,2.3450188735796496,0
0.19924431901230003,2.008615554190513,18,0.30727139039497053,0
0.5470909958314741,2.2903460410065675,18,0.8006369437821107,0
0.12102427100857183,4.751406076334413,26,1.3008086689416192,0
0.7199731085268712,0.1063170996452371,3,26.964745989661292,1
0.34533132471121414,1.3863564639021944,19,1.5544231067721903,0
0.05963773727049423,1.7408133798598953,22,0.11021251343361851,0
0.4023393604866969,3.7271744738771484,20,0.9148181057182759,0
0.2889560167091578,1.7335974146601503,11,0.10500404399158267,0
0.6971029343642365,3.879553605401627,24,1.7603770020377145,0
0.25785605191187777,0.5369016866302474,23,0.322072663873945,0
0.21074082746539521,3.1472954772597337,20,0.5457047432628983,0
0.03979575992887504,3.1996006818076155,23,1.634252848948269,0
0.5260873026532662,0.896184534669421,23,1.9407878935848943,0
0.8205974992229824,0.1277041607689264,3,27.22138592748646,1
0.4420075102584769,4.577472002097393,19,0.49782007091036606,0
0.305099939225107,0.5868426893071663,16,1.445771574211453,0
0.12533482521402178,4.665838301495419,16,0.5557419146088566,0
0.1513697187611959,2.7091471031523104,22,8.05906709220274,0
0.10320951787676048,1.1354463917485398,24,11.53033398726123,0
0.49486795232685804,4.426558075633341,23,5.161193800767102,0
0.09009648893463637,3.2374775565702194,21,0.6508578678751549,0
0.9916363760666749,0.0910522795853276,1,2.198689809465614,1
0.13539371643502487,1.8200625694637198,22,1.1201855555982188,0
0.7223474200732877,0.06900198731704363,2,0.4833907083397417,1
0.49468388640383765,3.031386339003719,25,0.8382483036207934,0
0.1286153187415775,2.1018085385112397,14,2.095353944768073,0
0.16651402547496424,1.2172689880782699,18,2.0451649201291877,0
0.3969094297679049,4.024450199205732,21,1.0428810517804945,0
0.8940353468440487,0.023980482556367207,2,2.9596746937478633,1
0.21894501197970997,3.6460823718354587,25,2.393792551611094,0
0.372948322762294,1.4634878527759816,22,0.6114349676418742,0
0.08365928289460446,2.6327728213218387,15,2.2948229424920323,0
0.5410090291364998,2.384116587005228,20,0.15443453073792995,0
0.26637193685304783,4.554658626433149,23,0.42180474589943673,0
0.9272618750820648,0.07153525590172423,2,115.58050179559054,1
0.4152346236818665,3.221034602759563,15,0.7619496269012264,0
0.20154912483115103,1.0393702403614526,20,0.38234021789826084,0
0.4229130451323645,1.9962471770583727,16,0.0936271909847746,0
0.30638522732383694,2.085259519913915,14,2.783421285183718,0
0.11817247060923086,4.508831243116323,10,0.5107232990418344,0
0.1268050169945095,2.637351672756054,16,0.17066013029675547,0
0.14781757633955078,0.6183049094383105,19,1.3633629806480598,0
0.2305480272930226,2.281027762361373,20,0.3028167011591852,0
0.34079262718647346,3.2737082207703727,17,1.1812228998106515,0
0.04907881852190421,0.675960959040095,16,0.5309979957144967,0
0.4101381494655687,0.5520794292025646,21,4.418282030552043,0
0.11184981879942121,3.2750402131850906,17,1.5078658606075073,0
0.0627195198033419,0.7904304701691593,22,0.28150074363948985,0
0.06921023133417231,1.0509228435003597,18,0.8879154423170903,0
0.05552642646648879,4.34193351856184,16,1.368434926771337,0
0.2270911368448185,0.6271079279453431,18,1.0065582595541933,0
0.2401320005887521,3.22775465600793,18,1.3470316129734783,0
0.39293126010608725,2.109633977932521,18,0.38950801532317014,0
0.3667818164786397,2.0058838000860373,27,0.6923082735376649,0
0.6913915364024187,0.1538071529713292,1,26.222097531181994,1
0.2649148289631031,1.774382026133978,21,0.6114270697537519,0
0.1507583513916345,1.6709851954618566,22,0.21884055123944132,0
0.21245541879848204,3.491761578659306,29,1.4189694092531,0
0.03363973894151249,4.697937858830561,16,2.7044358569415663,0
0.44067331617979877,2.348586493449562,20,0.24888095145997624,0
0.35087351592087185,2.8179361967133154,17,1.1239811376927733,0
0.4290294735193601,0.5147191639906258,18,1.7714242610047062,0
0.21468190191239558,4.433784660696649,10,0.4522064300967835,0
0.42681890746944456,2.4021816013865056,22,0.21411298756055858,0
0.3718896876224332,0.5670895499735833,19,0.38436292319283377,0
0.22814188614763126,3.5598923157248143,18,1.4215775443471284,0
0.35646367052002337,2.022468216297349,15,0.4132414227109274,0
0.33772530250846405,4.273513892357633,23,0.11577556364813614,0
0.09644348018714448,3.5548449972532814,10,1.589335048685956,0
0.22241247608119327,3.108173892940709,17,0.7877103780588801,0
0.08358938173624832,1.260922806282244,24,5.344007667756578,0
0.2807751703154563,4.956942642277809,22,0.10937893263132348,0
0.22975250365400887,1.7879168320501537,25,6.169615828854241,0
0.5065088303984732,4.911342493937928,25,1.985079593272091,0
0.1447170833838958,4.094391302675272,24,0.9502269646538815,0
0.44480544156844837,1.793296729937561,18,0.8207038439326912,0
0.1030255381502126,3.1912476239284056,19,2.1458219402397676,0
0.377495902382801,4.036422488299654,14,0.5133878462389573,0
0.16044546337530632,4.964321977234301,21,7.953914325129647,0
0.8770396824174714,0.19862274191787074,2,9.734572515732392,1
0.19137214150345933,0.8797572321659439,25,0.4177133164791012,0
0.26166386180147,1.4197925464793588,18,1.527379307785385,0
0.693662498865679,2.84310539394823,20,0.3713670511325956,0
0.42148054710114286,2.9314097046843433,19,0.18303531842220427,0
0.9016397868408814,0.0899939699669972,4,22.424852919457084,1
0.5230332412714319,1.3333254714551466,27,0.4593351173137594,0
0.15730218242493182,1.6599546148350828,18,0.5609274956587207,0
0.31408050795737014,1.0041266989099944,25,3.93736437567089,0
0.5034847123209473,2.118373167901918,17,0.4265382905036987,0
0.06110586971975555,1.0554800436189389,16,1.0255991856372078,0
0.3331293192771477,4.592426895450529,20,1.2677388437705197,0
0.48557326344448837,4.289788015450053,17,2.4287964143742298,0
0.4663604783135996,0.1692267643511532,5,2.05232141757616,1
0.26803348577571806,0.8369241686097054,14,1.1520479916682669,0
0.0941807178393902,0.7201469658874977,24,1.0694961775642873,0
0.290963951552969,3.5345111168277565,22,0.2768544367674805,0
0.6054982767512517,4.173216788441704,22,0.3157305239422294,0
0.12564748469369388,4.962723313589961,16,1.5799585900024513,0
0.6071869367659839,3.492163627908842,21,0.4820794222460581,0
0.3737014489585985,3.2704245423043736,31,0.5144930593859274,0
0.17593553982861182,4.852292802303666,14,0.8703001411728938,0
0.7383577557479651,0.18275232384978787,2,31.90062381061458,1
0.26571117837344077,3.506676944522936,23,0.7397202193846795,0
0.1967352152327135,0.9710604681700248,30,0.645208912553522,0
0.10403888336599035,2.0908796309951176,22,0.2232331921964992,0
0.07012573201395306,1.589543422830668,20,2.162780007957764,0
0.08758576362066775,1.6826039477966257,19,0.46724301589199396,0
0.1425181622579256,2.5569634668912204,20,1.6724098202187858,0
0.8705889742635907,0.026764327390850225,1,1.1582089416020003,1
0.24151725753016237,0.8249970773997826,23,0.8970696269755019,0
0.8211896262113226,0.19718880082592757,1,0.43737490758500147,1
0.4518022470230269,3.344743241779659,24,1.4944012690954092,0
0.29815624308288996,1.2682711928411181,20,1.9877109230815297,0
0.13480615358270295,3.9818861204480362,16,0.8377551073164721,0
0.36963558512482375,3.9946756532237337,17,0.29257369306434994,0
0.2916017813523164,1.3141886663394027,22,0.4748934089144076,0
0.05592186899381012,3.0701151925761208,17,2.893008262180542,0
0.22882749898803734,4.637111294832871,19,1.732432819019998,0
0.357360959902565,0.5397217180767628,19,0.8934396398425913,0
0.2593914051128557,4.219553230018533,27,3.285081228136076,0
0.19997188924198164,2.0813568850848507,23,0.9675155843265034,0
0.2678702345663902,0.7270803645495294,17,0.8170949303456255,0
0.2589022766984012,1.646820745138419,18,0.3268737912021717,0
0.9043565745078859,0.1503921231800733,1,0.5162636475932721,1
0.1445733570552607,2.6020856424356733,24,0.692319943554456,0
0.9402595352243285,0.09726556617149669,2,2.192804908898116,1
0.34189613524466844,1.8644066212292725,19,3.1242251903262073,0
0.17780469790037448,4.78123798280215,19,0.4836678275047783,0
0.3546845237776015,3.979888892265297,17,0.47787088176873677,0
0.28775053097074543,0.683126475561628,12,0.9597228518754499,0
0.18428369345180332,3.94949016652879,21,1.4988589410538133,0
0.2087524483359646,3.1053634880731056,24,1.7896983401187894,0
0.3300487056667076,0.6936538248801247,14,1.2205141601981244,0
0.3067662971809352,2.6025392873786637,17,0.3750203753760508,0
0.31808502571678676,4.659150768971004,24,0.34201861426852553,0
0.19972206281527416,3.9187675486967546,22,1.224780040472675,0
0.32666357689927494,0.7163290064032705,26,0.3842352477304511,0
0.21148150106267746,0.698217512731474,15,0.08462260680320431,0
0.367928974687045,2.268850474700144,13,0.26519654785898206,0
0.08580648781384657,4.202968034933544,15,1.9507981728536798,0
0.36995792643979725,4.567680737807398,28,0.4410111840447398,0
0.03530699348674445,2.85574272929844,14,0.44149604738966786,0
0.4272994894610743,4.072821556585649,20,0.8213698092396489,0
0.056537744911603544,3.0800552966402153,25,1.0439221242963705,0
0.4027780211181231,2.0955697126675643,19,1.6901439503160114,0
0.14517693617077645,1.2872010323785514,14,0.9192543827760109,0
0.18435963667520872,3.2686214234769393,18,2.332334587169487,0
0.2978557811774019,4.533020482002586,19,3.906246194999857,0
0.37452835007583807,4.315887854950544,15,0.5767458440170239,0
0.31802865261668595,0.9440244413843605,13,14.628450186209236,0
0.4936084873874345,0.8145322583489156,20,1.589278821240169,0
0.26421539304591,2.9309408505585903,17,1.172311781608282,0
0.4396004459567342,4.4677635831473905,27,1.4880015437187404,0
0.11380157376759821,4.383803303646976,21,0.5163319554159079,0
0.24611572335738313,2.507984683619842,22,0.3719468027534027,0
0.09059741087461627,1.5810742763501828,18,0.6980971267044909,0
0.1750695120611118,4.263602212522045,16,1.093085149502063,0
0.13030416560893726,1.8889361453071096,25,0.7943468098043412,0
0.13542075489226357,4.623556341177348,19,0.29698770953504616,0
0.23668879322337252,2.1769319721563725,18,3.3560266837044703,0
0.38254413908419516,1.6564620369101413,17,1.1075591509535034,0
0.2573229596123369,0.5319848618953684,17,0.6177586380949939,0
0.2411672641429604,3.3903415551621703,17,0.44389893475800635,0
0.11301373389950176,4.506608765547096,20,1.3987176528753769,0
0.04737323033009834,4.003646037713385,22,2.0473517991019983,0
0.4810779426950793,1.2190937170506155,18,1.8515893845073714,0
0.7258749951381597,0.17483443553177042,3,15.222855389109267,1
0.13103869468331733,1.2420803473101505,18,1.806574660060823,0
0.17393735476256553,2.9930443447736583,23,1.7598141960922025,0
0.28344264140430525,4.648441642240234,28,0.5110062185596156,0
0.32338511002059483,3.940394134358641,29,1.8454189587349037,0
0.4227029890500673,3.738574188872102,26,1.286843281364868,0
0.11928289948616991,3.653563104091674,11,1.090340265168943,0
0.13908742037405072,4.508624181655554,16,3.7910594515413054,0
0.4358322421036384,2.3255215379588474,12,3.0178797792947547,0
0.34322825942332574,2.0680220030065604,20,1.4102250265760332,0
0.21256718123569499,2.759886112161038,23,0.7484603217718795,0
0.22639928462621683,1.9563695075260474,14,2.285731309602699,0
0.09695223834643735,0.8226488724039599,20,2.6647003711211603,0
0.48618769174769716,3.977093466029679,18,4.771285782569551,0
0.055633779460671065,3.973880348190405,24,0.8008992257483015,0
0.33931487409473854,1.4535057007118097,18,2.143209486535831,0
0.5717857975142627,2.092834089915856,17,0.3230410510553767,0
0.5278430356346788,4.832504094583249,19,1.6935880006642827,0
0.3608467969153146,2.2019864760475083,20,0.9983886272628831,0
0.27625154136886415,2.3858238115370245,13,1.5532114109291422,0
0.6568553798560869,0.016024534419396823,5,145.0681865425002,1
0.36257959394638534,3.9496914259316203,20,5.103206944467181,0
0.3611746194563576,1.5518098931384585,17,0.979511791762803,0
0.5348362160856186,2.671683972256252,27,2.5162110497150922,0
0.1919585718032854,3.4922685490458734,19,0.7813880671541453,0
0.23236454136447374,0.591860528083082,15,4.470770689610521,0
0.9461886243630356,0.0722124732464274,4,42.953956873132775,1
0.5974069418035327,0.5970819938284253,22,0.6211244089095883,0
0.08227615551409964,0.9313601318013036,12,0.14759628779143286,0
0.597341983702369,1.4137613113998533,23,0.5237782595272662,0
0.3274071759975251,1.6346866642646711,16,0.6568119817306671,0
0.22389009776521857,2.829445754825177,19,0.24050558111111733,0
0.2090585132176904,4.711454884594399,22,0.452086590679245,0
0.43564426572595405,1.728550031418808,29,0.2924816824966936,0
0.35174958673152534,3.9522695473243346,28,6.38239240381786,0
0.9644355117176974,0.15815074663962858,1,21.22952723195435,1
0.06953532199532822,4.192443851494893,16,0.22307630488398755,0
0.30493397000633066,3.4877490785625063,23,5.83078776951484,0
0.5542986912797165,2.8531407603840733,16,0.6299848731371063,0
0.022521490868925166,4.927146151377698,20,1.0155425187079654,0
0.8140049739158083,0.042468536793790396,2,573.5862534882813,1
0.030416020994267257,1.3117590582326817,24,1.4246516899341477,0
0.3260159400184256,4.917212337715278,17,1.555729214293909,0
0.1851765666284899,1.2335764565098468,23,0.7141904824832956,0
0.7565999981948086,0.09949517615713213,3,33.954494305824376,1
0.4427390530229852,3.573471858060062,16,0.4690779478738598,0
0.09935094954410725,2.2398299044222285,20,1.1585182516259103,0
0.23789100667938126,1.7216954876415012,19,0.5733522729672157,0
0.872180427114175,0.06250446572630715,1,2.050516489053841,1
0.03345363988102366,3.2331575765556684,20,0.08256284499832763,0
0.5018597386865234,1.0935742696495012,21,3.184382143672719,0
0.3849127424961243,4.563107759092631,24,0.16689952290772042,0
0.22817212133764628,2.946855401660361,21,3.4256818708910926,0
0.20890727134753992,4.059546701640237,25,0.7695451667006096,0
0.7011216780574112,4.023917805924008,16,1.5310949327657568,0
0.12243111411379416,3.6763081431986713,18,4.434892443044226,0
0.2615711019968288,3.964876906782437,24,0.994272867394961,0
0.32526092836375337,4.861252698757634,20,3.3955172153386,0
0.18004601665198744,1.7509245282611392,22,1.8823236092982667,0
0.38934848844990283,2.75193381433669,19,0.6019073966055969,0
0.4764438341468706,3.4221500651201673,22,1.463491026852552,0
0.4368682919931754,1.1538380915414457,17,1.9596420732956443,0
0.43533709940754156,4.031359907552377,16,0.7589085807454333,0
0.3278091643167364,1.380270971750095,19,0.1717857191431633,0
0.19027142474917388,3.0792088027288327,25,0.2533337360588759,0
0.45028592225538816,1.092760688124742,19,0.31429435483574786,0
0.6441738596296207,4.528363997827236,19,0.17800948418529067,0
0.49899831475011447,0.1410535946923997,3,2.33021349944112,1
0.1338036168850474,2.9908577937305627,15,0.9158486457988324,0
0.41684485073301786,2.23826893974327,31,2.087783283690363,0
0.34567234316052703,4.25444320419075,18,0.26521611039851134,0
0.03453649701524331,2.9377869320027363,20,9.29488866273014,0
0.10998356237897816,3.9537717743645344,33,0.14350031238488994,0
0.05392406173207918,4.27462850760411,18,3.504575272790962,0
0.28656952576076483,4.570715675948103,21,1.6137018588918577,0
0.2411458173406704,1.898541070581463,24,1.2287462046273652,0
0.637243769834997,0.6724245471859887,17,1.6759932060649578,0
0.29908022857845706,2.954583054313799,22,3.900269282941007,0
0.8321158458524331,0.014826144208984364,3,5.303674932630505,1
0.29103515625094434,0.7322548238181792,21,0.17349150043729641,0
0.3561425543262317,3.481291112009817,20,0.3617961396145328,0
0.4906929423699917,3.9547344416960906,23,0.26175368492347817,0
0.2148680062004603,2.297788669792249,21,3.3004109257101786,0
0.2640967579292091,1.699987023488994,26,1.8183456060470744,0
0.22821794743989907,2.372166484749005,15,0.2256009603181453,0
0.4171262061252236,1.6607598691021268,18,0.17452267502930874,0
0.8777828616365596,0.036939056975589475,1,5.891822689704248,1
0.4962073650893647,2.0564118133509344,9,1.3454651142591783,0
0.18693050601979794,3.331105728489369,15,0.4402341798273051,0
0.3967926980075907,3.532997421302367,19,0.5335174644924078,0
0.29660751647566846,3.4960973448904764,23,1.8339876248048232,0
0.46833129018276354,2.9666971848478045,17,0.7260532192359921,0
0.2693095393053514,3.6717915626277695,23,2.10300070195075,0
0.15229839358551517,4.385107083231239,12,0.21160436947625447,0
0.10127665723212276,2.171972249849439,19,2.479479007548738,0
0.6954715126283969,4.5506262587442095,20,3.713320817565253,0
0.4058726908893549,4.345365399199684,21,0.3289378024233895,0
0.36031193153737984,4.112411435347196,21,0.5079803423823075,0
0.33449360878141887,4.575103254376791,10,0.945000201110406,0
0.10696866049964081,1.9951172110964674,17,1.130075520014345,0
0.18926378919113343,1.8330652979399753,17,2.9889609599211178,0
0.3050198373862259,3.992449683604921,14,3.269887247445146,0
0.19317139419049656,1.4554469029709056,24,1.0187102740875955,0
0.3200873639331682,3.2109232637938456,19,1.3033639827079506,0
0.3111849312940387,1.2599693894828,20,3.7676089339335035,0
0.12934123069269812,0.6563200219067438,25,0.19905616368467532,0
0.0812417038048651,0.889053417928507,20,0.2162294898606452,0
0.23273581547295208,1.2547429379162907,20,0.8483866310699638,0
0.3170571284372023,1.8322561014418475,20,1.2598974461958647,0
0.8797601200049071,0.1049024869632373,2,186.72826279797553,1
0.095397749626586,1.29905705664343,20,0.6239661649850851,0
0.24274073794537263,3.000584942557778,20,2.534726659979434,0
0.4059726372498266,1.3249783480319726,18,0.6884742750748534,0
0.326298921651559,3.163357281605925,14,0.41439402139578,0
0.18423899323185597,4.149693238223806,20,1.0095718975844998,0
0.06988214870251026,2.1291103708598342,24,2.8497018654994735,0
0.14499205548547686,3.3777585581617227,20,11.46540543719233,0
0.24440976703053086,3.6747772438698085,19,1.4397252495432216,0
0.1317072411722229,1.2351043027113189,18,2.556427483748483,0
0.4423227507773537,2.3269634708422053,15,0.1445227222328608,0
0.3775497668951853,1.181789199752302,13,1.2886471429640152,0
0.9888382766043289,0.06566110250728874,1,2.9524740815948953,1
0.1770426598723056,2.777110900026694,31,1.165365296467267,0
0.22049502258774342,2.8853696035426015,24,0.28174327452847864,0
0.42154310022433056,4.103731660250016,13,1.2824485240280783,0
0.4706900661577247,1.8999463406686148,27,0.2813897302608871,0
0.09929796722023164,2.475610703095423,16,3.995774307585786,0
0.08615174677098174,3.2166899162619496,18,0.49461381505576535,0
0.08132747029815854,1.4149458077367942,27,1.358027504160797,0
0.37935498613821156,2.3986951995355477,23,2.188090602533846,0
0.18310438687962194,2.5174135397267037,14,1.1901222576210944,0
0.33457312592402816,4.42169427520497,18,1.0491795612295463,0
0.40560013705417836,4.842715548845111,14,0.9974765284730565,0
0.23552237217047306,0.5320737627287953,19,0.3685568516318903,0
0.43426049710509945,3.397655065142146,13,0.22633491187103152,0
0.41995953296701727,1.2545621443845911,13,1.051699659952037,0
0.13488851951125627,2.0282288641088018,18,0.5954713660304473,0
0.29727167580110647,0.9210148782592904,14,0.7829545885091821,0
0.24063150850078358,1.27275490983819,21,0.7034553999493063,0
0.8587452557630447,0.1950888677316008,1,2.213425471047813,1
0.3808722100389218,4.319144668533839,19,0.9690275612674852,0
0.1980080404718287,0.5468773853277491,16,0.18268678960956286,0
0.11297586520737818,1.1939663681986128,21,0.7899478737754766,0
0.3269253901151692,3.327124734263889,22,1.7265526651385652,0
0.17880845671497628,1.2963207561369756,22,2.642040964179694,0
0.1734663958012505,1.2996606392452206,19,0.9659509820744772,0
0.6489006014061631,3.2204355197526686,19,0.30245691636205935,0
0.6134546750034024,0.9595449469770605,15,1.0241404779060073,0
0.2522137647403598,3.755801115634161,24,0.5871428714969595,0
0.6334822559335218,0.04193389798783228,2,134.10435234643555,1
0.22938835537094832,2.2786430381805,15,1.753070170778041,0
0.2651127471179029,3.4806136184998135,16,2.1636638255382667,0
0.2357085479202297,2.5244479253998175,18,2.1112413327714323,0
0.039685523456314827,4.110431814622115,20,0.5871556138641977,0
0.38836503812950074,3.657771653013956,20,1.3166534510268784,0
0.7660386493640434,0.10136716880745293,1,26.034887050599437,1
0.131194775238385,1.504954574780772,27,2.424179865497292,0
0.467356171388035,1.3361916898358837,29,0.20525762097884392,0
0.20521726630323095,2.509931437277628,15,3.029633393880629,0
0.16072588080934833,2.306163323294272,15,1.0939927994564569,0
0.7576882192411306,0.026818904445686798,2,11.794951556285874,1
0.40016165480502464,1.7582997634459026,21,1.1826531165679748,0
0.07625421615134706,1.0548550492093824,19,7.861166114055357,0
0.38089928060990647,3.450198961517085,19,5.575185498948182,0
0.249975276997254,0.9565582122847092,13,2.648402673501207,0
0.11112659056812538,3.2094476849898967,25,2.8302382805122117,0
0.6575169392003324,3.15599813963154,22,1.3921549609846071,0
0.7596465941509662,1.0339514172625566,16,3.2748703195913693,0
0.0348486674341047,1.8872753556043016,25,0.596666179879155,0
0.2729509984372136,0.7374730454207925,23,1.9534136474256822,0
0.16522597173441608,2.3712580509481915,24,0.9263196224410482,0
0.5519933879495986,0.8013390588045897,24,2.4382560141825036,0
0.19525900624090198,2.7999714935281053,22,1.3021574281001356,0
0.07022738058478664,0.671832287057966,21,7.5128314858555045,0
0.1909584949262602,0.6585570919074708,18,0.5013112938603632,0
0.25351612244140387,1.7930417820969022,20,3.1963044005044683,0
0.3987491283611082,2.0825699888424376,21,4.478498161766795,0
0.13934555728123446,4.643711575028174,23,0.26259924844307886,0
0.42728349886971295,3.405662286355482,20,0.9494262854939488,0
0.8677187768722179,0.13391624917494332,2,6.268266409448407,1
0.04546529892229718,2.368914079225067,19,0.6003605329965642,0
0.17753553352567747,1.2822551374012123,12,0.5446408542751452,0
0.09689040901400911,4.848689065974797,18,0.41832093286393573,0
0.12913940727091772,1.5859275521522609,16,1.8433488153994548,0
0.13561120658492645,2.3523003350675538,16,1.7808555732210058,0
0.08667500984870576,2.861428793095624,30,2.311484814766512,0
0.8568393336783972,0.1350940162427631,3,4.2560632112317185,1
0.25677949001316247,1.251560376945141,22,2.2564363780607173,0
0.43825825464889656,2.5408640392173525,21,3.64725151556433,0
0.4905744062194507,4.152907694197452,28,0.8537775254625739,0
0.31732722230733396,2.7949632250832726,19,0.6712892098697519,0
0.8219230196015513,0.14262469504430544,0,21.93789061838314,1
0.17909910048843578,1.6988826692154961,18,1.176991575744698,0
0.1563338889623338,0.9879110335206955,16,2.3622461842588516,0
0.398241112869049,3.6399969319144487,16,0.37947670959779717,0
0.31177773549021387,0.549483301740296,14,0.9335996557866251,0
0.5829956333813667,1.2744170326869961,25,0.949141387720322,0
0.08428489236208019,4.855218056796112,16,1.1815481516188784,0
0.2179533806642251,1.991667831803877,30,0.434915111901724,0
0.2947990527441274,4.121174426936609,23,12.505636330804752,0
0.5331977782097101,0.5461481722017368,27,0.5396948756837937,0
0.21884231691745754,2.2332215193552196,23,0.47653932299795704,0
0.38800077201890854,1.713963727350362,25,0.9689311593162911,0
0.6589201752646795,4.308163754859267,21,1.1453593203699421,0
0.3953222353795414,1.4541397717006748,27,1.3924654638816605,0
0.23253776350215102,0.8666715283086572,14,1.0965807357582835,0
0.048126199155951635,3.1601853183429047,23,1.6699932151871506,0
0.4431068612593136,0.8578217031387485,17,0.9629309532082049,0
0.03852352626076519,3.326647898719064,28,5.387025285671315,0
0.47672655105958683,3.6484504560497646,19,1.5294491417977374,0
0.3065257302980934,4.053272313726492,24,6.767964795019882,0
0.1530835002905579,2.6567829711492474,23,1.3599072911906795,0
0.0825751550529816,4.020567999028268,19,2.3522003447532462,0
0.42885620989506734,3.4485341951093926,17,1.2624069315116826,0
0.35897048516459895,3.157715702857914,22,2.210966299812704,0
0.20088628039289674,4.793303980319667,16,0.9077105334518126,0
0.20879999719506825,1.4938241742893916,18,1.2355352318864743,0
0.8158283839636109,0.05331889424038339,0,21.009183385142034,1
0.32612286353990944,0.9751687956787602,19,0.9754858521069544,0
0.2593590807812098,1.7855383471640904,14,0.4016226744218866,0
0.6549683886389907,3.6927353326707113,20,0.7094349299364169,0
0.17931756497048248,1.5743525465206232,20,1.1837267922182257,0
0.19223034293553878,0.5538296736577577,17,0.6535056438912319,0
0.1709355291393741,0.5963557802217165,22,2.3554768141877815,0
0.4186237635813785,2.2546740278058603,14,3.3719549110891487,0
0.11287899451428264,2.6540907907755527,22,1.2189901871857196,0
0.14938878137544986,4.807914968335712,28,11.086789602577486,0
0.2602972567479596,1.435117435258935,23,1.5991983639965153,0
0.2755232799174756,1.7722871149637247,13,0.846296162424448,0
0.24427964972115665,4.355100067974483,24,0.97050041665061,0
0.04600183665217458,1.2216366297919283,24,1.56626718654053,0
0.5063214906119192,1.1184909163573036,20,1.2105342817066136,0
0.3093944925696138,4.174722923277217,21,1.4422502078024388,0
0.31368947396212116,2.1787813680487913,18,1.6854718196072072,0
0.3807699034524002,1.7991682195989034,25,0.5363323168565056,0
0.2391314080758236,1.966098735367214,21,1.0564897895623262,0
0.14394880274274877,2.5676087907269567,22,3.811676007128832,0
0.07283994937246957,1.6033389314698792,19,11.749088913766508,0
0.30355381661057823,3.5248568928175485,17,0.7286199683481994,0
0.6876849899844345,4.384695125713881,16,1.1180776841469535,0
0.1666546904606515,1.1678407418883354,19,0.2673431888018268,0
0.5232346595978004,1.4819775598981957,11,3.213134991607089,0
0.16578936701713784,0.8016775072341502,21,3.076727387883155,0
0.9498806000800155,0.08565291231022203,1,2.8678930266327867,1
0.1125910102652485,3.069197940478926,19,0.5794852374563536,0
0.1385241628845813,2.7215089732639064,19,5.230421824240472,0
0.5287924075671248,3.0953350716332335,25,0.6163876566080704,0
0.47408242647239074,1.3744654341001237,27,1.9633879670089014,0
0.1344896295315259,2.0536021902083603,22,1.7033135493165255,0
0.14093385969193992,1.1827992789509403,23,1.3997320574343073,0
0.6169254666393549,0.13185164380275996,3,0.16292942587665765,1
0.26385402638140765,3.1226597294559273,19,1.7927489062121185,0
0.3123012288205325,2.170785255838153,12,2.978940019908509,0
0.21716148235430205,3.250628996634175,17,0.8280609349414068,0
0.21404698140135758,1.435229619319039,24,0.4714729116911596,0
0.423889758697065,2.772246337780259,25,1.940025798787011,0
0.027347291634389842,3.5171298491143492,13,2.3273752050169323,0
0.2348140179508424,1.9552890935896303,16,5.917499219186623,0
0.09123368592933828,2.595793374565602,20,0.15651407907645462,0
0.09149422670727238,1.3420978236280545,14,1.930465003870569,0
0.8335777584876403,0.050627056643373254,3,0.16116013146272617,1
0.4096122327455423,1.1023195531113275,20,0.8138651724665763,0
0.9155588246993046,0.050489165710103874,3,58.57127165293071,1
0.49187361543978786,1.319478140018096,16,6.282346865079344,0
0.08313737521520974,3.576444280086087,19,0.8681912925549968,0
0.0950751555431436,3.367024586440758,19,0.2700896363123168,0
0.21541370827349923,4.235130509928155,30,4.83730402685534,0
0.8065554088818864,0.14560217527138827,0,30.26600521266646,1
0.48737385609588996,3.1063772315875777,24,0.8362245479467999,0
0.7335739552494117,0.09187382960898345,7,46.15434593583232,1
0.15313757281981835,1.600368941564805,28,0.07451117205396228,0
0.4672395496107024,3.233451015365159,21,2.0810341898784506,0
0.2501184953075418,2.4439503679268837,16,0.4231729088235489,0
0.6612538342407972,1.8778458878458721,28,1.887269431117768,0
0.35210579486943794,1.9252716966784633,13,0.9089861625919198,0
0.5706463301724781,1.6669313798853749,18,5.983998457689333,0
0.15124573988631887,1.6365637807426703,22,0.13146409518418192,0
0.1678888591420435,3.6061032322750735,17,0.503957515820603,0
0.21487659136865336,3.6490742694386222,21,2.8858756054954635,0
0.14577563407922267,3.8695959729636438,16,0.13556735510297058,0
0.47542475347733776,3.4839055249160316,19,2.0884325218670607,0
0.1154324939233301,1.2762457700922019,20,0.20020745261783288,0
0.3724731537283979,1.0903439386310487,22,9.63255527860538,0
0.29328088843918576,1.120527424848554,11,2.7339068125392196,0
0.5809508153143886,1.18564125788696,17,1.056713755449134,0
0.4872213113320394,4.977430163074392,17,1.1587075627988255,0
0.9206447919519891,0.18465246772280605,1,1.2274828156282886,1
0.2681141749177767,4.1075345968222,17,3.816737966891101,0
0.6469439142887254,3.81098836407888,17,9.068483283523886,0
0.41047922946878895,2.4710698501233916,15,0.897140019531685,0
0.47766570735115416,1.9553357849358697,21,0.7988238361513395,0
0.2464361662625965,1.5761979506629584,24,1.1933910601612494,0
0.21544172571883083,4.013888253729868,15,0.4858387331909699,0
0.10941356389791368,2.339102474217101,14,6.870705045933151,0
0.5383151304923738,1.2700473001457981,30,1.0868437646111169,0
0.7552603247051488,0.1435024968701267,3,1.2897303226278565,1
0.617978346273271,1.4889400597527387,23,0.6752713549334833,0
0.47033838950555773,4.607481955656966,20,0.6000563676973449,0
0.16339400935918383,4.099971613714221,16,0.749361244610649,0
0.17524123510895315,1.9647944834922058,14,1.333977908412873,0
0.5419899503330454,4.948450336564241,18,0.33680602644253843,0
0.2877280563573314,2.151867051540371,19,0.4439810965792115,0
0.1866233351663539,4.346205776389665,15,1.4759158782842094,0
0.34918355191624173,2.5076785212241672,29,1.8430346307144803,0
0.22776204545687842,1.2202386139291446,26,1.9464484691142256,0
0.34504670934990356,0.8546624308060358,23,2.516866861973281,0
0.9241830326438404,0.12110972436065982,3,8.033198257371115,1
0.7968996256206287,0.11501342222828596,3,38.45084608118337,1
0.3956415500665421,1.5315800891537263,21,0.16362269280364533,0
0.1323711141669444,3.144878062125479,16,0.4965752267200784,0
0.17558177766554633,0.7859932505725762,21,1.0577896728875815,0
0.31555765793789875,1.0721824906994406,21,0.6820499738989636,0
0.1094729306035152,4.493321609687223,17,0.661277093391122,0
0.35886863236944805,4.111910417267691,13,1.668749959941218,0
0.3123324970811404,1.917889044209462,17,0.7128936999346869,0
0.5376353272619323,3.0489390461010215,26,0.16590891188306178,0
0.28098476525661514,2.4594957130756963,20,0.17045736327508956,0
0.864320135425671,0.15217742159199307,1,772.8693610259836,1
0.22992182354566543,2.1866478413742523,19,0.3676269206027123,0
0.17259095080747996,2.9226072056034904,15,1.3514619846552705,0
0.9606555286300087,0.11379433034643918,1,4.446447679191857,1
0.0916011651698549,1.0406968354156145,15,0.6200666735274982,0
0.3998460581088498,0.5666460832136957,16,3.4878050546289514,0
0.4303256785108176,4.798406926031539,14,0.3362373734475993,0
0.3782156519943049,2.4840361561482323,22,2.4514985466235464,0
0.13473887850036012,1.3520104156234758,17,1.1494785551450921,0
0.6982492684941074,4.517924628884492,18,1.378612623114966,0
0.22081316506958457,3.283462037074429,21,0.406020372274356,0
0.5672383238904303,4.059717415496569,16,0.9130109610874119,0
0.12933441344164767,2.162000290121407,20,1.6380955405786803,0
0.23434166361195646,0.8950111778272936,15,0.9477974920878227,0
0.04908230376283088,3.3217223782894045,26,6.450451386176572,0
0.5011140651451007,0.5467671614489384,26,2.5835516548739617,0
0.5618966365611926,0.041045343942775946,2,3.7720868625591164,1
0.4765156827766341,2.8413627147807325,15,2.3715843780220776,0
0.020736813715888605,3.0497003601704598,21,1.7140634260186012,0
0.27032751371213576,1.2039583212316856,19,1.1665935809972845,0
0.16371970574251593,2.505172345404886,19,0.9837969426172987,0
0.8293942291571899,0.04844388776285863,1,0.35873083567227504,1
0.4008970213237904,2.0305949487955295,22,0.6524327368855253,0
0.16954133554691012,3.6617648431736254,22,2.664395067673789,0
0.5221793761619913,2.433171038990873,23,0.22001005497638215,0
0.08188335934235957,4.750214207472725,18,1.4445356046791176,0
0.407531925813272,3.442660205302913,28,0.14529428334063774,0
0.3884687098050444,4.393533181372008,27,0.3710769788661584,0
0.2344259201097957,0.9758081142774755,23,2.241565895911433,0
0.037950794179537305,2.0089046356682942,24,3.124550765014214,0
0.4012717602801595,4.245554871651336,28,1.06644857662211,0
0.12296914884610219,3.1500355168162564,24,0.9504744146197435,0
0.08977427951902939,0.7854645184479878,32,5.7254288949042715,0
0.9523531579709867,0.024569473073361856,4,15.170661347505517,1
0.37383460643955957,1.4081183715894752,25,3.6452570161969216,0
0.32028751432597574,2.1476840325614015,25,0.6531860711620778,0
0.08226171080400678,1.6016825626791464,22,0.6395961213087122,0
0.12725729956061196,1.2677002398795376,11,0.3874601876218991,0
0.19985843214617227,4.002230722989271,37,0.930434907408848,0
0.1334781892887054,0.8218343110154707,20,0.911289623598923,0
0.5870646841224547,3.809255452410827,16,0.31485435590253447,0
0.5649021782471515,3.5285037503471215,19,1.3558880967244704,0
0.5040021585445223,3.0469835848965983,18,3.6014625404423835,0
0.3287097726771964,0.9917663842107687,15,4.240418221975371,0
0.17309717148291387,1.6987871928951048,19,0.2617359306945874,0
0.8479638882161638,0.14463914938993938,1,0.839369267829457,1
0.19063201133608748,4.931665982634282,19,1.087512109777284,0
0.8320119915908609,0.0703606445219493,2,53.01518946769323,1
0.1943172901554114,3.2915199866988925,15,1.0314602602061471,0
0.5461348072464498,3.623280313896516,26,5.832929333902538,0
0.06739911865877105,1.218839735405649,18,0.5047302271808126,0
0.16024942636426853,4.233101868036715,22,1.7414982540058246,0
0.34399333341100685,4.241640049221599,21,1.1462280647944083,0
0.34113595043094963,2.152305649690504,15,0.6825248874031281,0
0.2765016856271266,3.4485934940191747,22,0.5387810866871965,0
0.3183384166811827,2.518755412334323,20,0.25222426421151345,0
0.1438477437258706,2.4050248774844123,25,2.000718162666802,0
0.39562864064551523,1.8033742849635805,15,0.2451334155014037,0
0.6491114912658855,3.770746028558057,16,0.8707761486097383,0
0.49109787123817683,4.570431957174315,15,1.7106478572280843,0
0.026564117795707765,2.761086917213291,22,0.3425228596643612,0
0.11960556031516398,4.6821969944347055,23,0.4455204218858329,0
0.41592307862668115,3.918743613781177,25,4.403561524710977,0
0.2952839622273105,1.3394026482627126,13,1.0262039516601598,0
0.3972355753452159,1.8673391699372375,16,1.5798716573566294,0
0.2446437142372874,4.43920990063589,14,0.4405599263388844,0
0.2049504338544155,3.6679048919058954,27,3.1074421242610493,0
0.20543791004051024,4.967852422517285,18,1.8392371542590085,0
0.31445082823878184,2.7580261890659394,28,4.338708918132515,0
0.03206262582968771,1.2954634274000432,19,23.54566635395827,0
0.13446846636162857,1.946322500792714,22,0.14180183405716212,0
0.8261314389983364,0.060627862040520654,3,3.082888636987452,1
0.3164848308197768,0.851203892083705,21,1.5403354702513121,0
0.6732137730533803,0.026478569980300563,3,10.494808319895808,1
0.3650045891956157,3.272987447785675,14,2.885453078214626,0
0.6711859247971863,4.7634349918137175,19,0.23265642503824344,0
0.2434045648044751,2.389820955017865,22,0.7721509576536908,0
0.6223655136879224,1.2261547532946597,18,3.6917430314371082,0
0.48031151739265265,3.158525854645879,21,0.8681984809277137,0
0.23346788534744148,2.573264100219162,14,1.6432658264518356,0
0.08460428805991202,0.8421354843679689,21,0.8395194264015807,0
0.4298707577937744,4.6794282720122595,15,2.3690872002116667,0
0.3922567480274046,2.4198589609036567,27,0.6682803059312301,0
0.2694846821743543,2.2342581195124858,27,2.9646795959524654,0
0.40735446568403594,4.5533919893098,30,0.7814927119137302,0
0.10030786448255587,3.016228691990154,22,0.3400477343552557,0
0.1431346896713615,1.4765738380578775,15,0.8349279417264347,0
0.4488406240921657,0.055489123946901246,1,7.5737165240948325,1
0.03937919967922925,4.993233461611035,12,0.23028753437215843,0
0.8731977876103952,0.16646090538993485,1,0.8054338393404709,1
0.16713901127046868,1.6051105978958085,19,0.16973924815564645,0
0.3917699398861916,1.279816189067728,18,0.23319130249382428,0
0.43704571727862745,3.8975863911815063,21,1.7447093840669219,0
0.5472443915111779,3.4544260034481633,25,1.851805724817041,0
0.8651200955648793,0.10416995496166122,2,62.16312401787115,1
0.1334125375168652,0.8544240663603766,19,0.6933850464458793,0
0.2890210513161553,0.9562727238224327,17,7.775209319290135,0
0.31766396749614606,4.290388541016614,18,0.8412920798641106,0
0.0722011736284004,4.399034772768134,21,0.3795885873228157,0
0.657464483521618,1.4220474584647462,23,0.9094454694637266,0
0.03470269212391544,4.501537097159521,19,4.2421377515626535,0
0.2860927220996553,4.131527665306264,19,0.6956621183117704,0
0.4525771521571018,3.0972173791372812,14,0.47820173883451295,0
0.27728085629369914,4.494157531392523,17,0.49285812912916077,0
0.11261059672857772,4.438706917395274,13,0.6501778815605068,0
0.49215457761303194,0.6587517503795286,17,0.3867701678879547,0
0.06887325890090865,1.2098327711191597,22,0.6115714638195048,0
0.30264879694761,2.392070363755648,17,0.23555757813986403,0
0.1117723650006944,2.458489940948623,16,0.3426122021522902,0
0.19015393512846282,1.1230256609819556,22,3.6304032887246422,0
0.4851942423480682,2.33673800404873,14,1.4246955474459486,0
0.12105136248418215,3.5683232534247376,21,1.0101557744162617,0
0.38139757620850606,4.063696685053021,17,1.3440253922891405,0
0.2273138165962043,3.586372121625122,16,0.9533343162678548,0
0.2851487382796774,3.534444947442238,20,0.5928150523471812,0
0.6432128510263239,2.3403847736211008,20,0.9482858433968692,0
0.4073943924443601,1.9114313389003421,21,1.3885597313506866,0
0.12081819850939982,3.6030574240399345,18,1.082593409443071,0
0.408488199805926,2.0815622944042422,22,4.8589137577401065,0
0.2507582600488831,1.2810857983143102,20,0.21096817867426831,0
0.2999587847077303,3.100038364538045,23,0.2883873313412145,0
0.206812040065491,4.398320988138806,23,0.23120464417470754,0
0.2977653767053793,1.772513225949198,21,1.4463378037879078,0
0.6045799820469595,3.0012632001172186,27,1.6602289846300784,0
0.4126733357660274,2.1475759850131464,17,0.7125226220771141,0
0.15016844877262053,4.78807821349505,18,2.845683974086536,0
0.10370683520074042,1.1140354585484615,17,1.6712171559632447,0
0.4394928119399075,2.4700555432853353,26,2.9938113249298137,0
0.12182714916655567,4.52921729915629,20,0.1312327259311853,0
0.6714595610598687,0.6664527290444787,28,0.6149752923250371,0
0.35187267656668364,4.373587882480366,20,0.7355457713704915,0
0.12246308143830684,1.3019828849142865,23,1.2140857555111901,0
0.07897060423881713,3.1059743043170096,22,0.610625326718051,0
0.12410624862324374,2.097068883563448,23,1.0567862873555363,0
0.16186648725690733,2.131231904258785,18,4.4201058552974875,0
0.10487718257284231,0.9405483680719582,16,0.3045229941495967,0
0.1353462277131879,3.3537311794463824,23,1.5363432504278098,0
0.3344293656938621,2.7009616178960028,15,1.9917147402941473,0
0.19024349843589367,2.9122177823021214,20,0.7289081603225483,0
0.05989462563847963,1.001611337888996,20,1.0171469324543525,0
0.17543887645093384,1.1003613024833514,21,5.5554805870282316,0
0.8721529870273005,0.11805554780958472,2,5.985403494811692,1
0.46130288251413604,2.80628289538716,22,1.2178434333555481,0
0.6811755880732253,0.13546377368189963,0,0.40186600360199326,1
0.6487719832613006,4.9736156611174565,17,0.2573588615293313,0
0.3551195117677879,2.03825713835287,20,2.0863079916743397,0
0.057391233583545365,0.6685532033006083,21,0.3399859583046984,0
0.47643702660005943,1.261801080514738,22,2.5083053898086387,0
0.547260700984104,4.973918953650567,23,0.43199038052351174,0
0.16704049528985557,1.5062010232417944,16,0.46438764410482963,0
0.1791297015883088,4.709582318785185,22,2.175618272330188,0
0.2102385245816033,2.5066442828091966,29,1.4146256904257213,0
0.4430959477718233,4.127413357201695,21,1.8688555969612006,0
0.49539887693365453,2.450905675044941,21,4.074730265291596,0
0.6462847554140108,0.1875682426085495,1,2758.845002865998,1
0.13334936831972002,1.5052535075139282,22,0.5558203225457713,0
0.9061330642142984,0.19740805427395933,6,1.74969245371724,1
0.44761671801406483,3.2523905022618753,22,0.05985618596683858,0
0.23391842188155654,3.4696324991416523,15,0.9369500028579035,0
0.3907803898553667,3.5508233867693586,22,1.206431314774845,0
0.26820982690683043,2.094078758659409,24,1.3545529269875836,0
0.6060225276082467,4.396897926693249,18,0.4012536306111904,0
0.4736277863720544,3.730102855066823,19,2.048504664157367,0
0.3013537871140275,2.4526512010955743,23,0.7758577590845901,0
0.6682275666800956,0.03221715262952874,1,41.8284006906437,1
0.1453493940471892,4.841537688275166,23,1.735886108649871,0
0.6121865596354605,3.4691772715546736,19,0.2503211123288509,0
0.4887942883540871,1.8157407004141337,15,0.5166909258086514,0
0.039075699748051536,1.634692829450507,19,2.9354277947157903,0
0.337591747775159,0.6750656049339387,21,0.449508023702485,0
0.5062299001569318,3.155664114557826,19,1.8899891298826643,0
0.12117864349367394,3.5217286488121586,21,0.9383958585884252,0
0.11046948767873986,4.2120572347721,12,0.8681782944037332,0
0.5029409324309326,2.7013777980018325,15,1.7544240439522683,0
0.4062392639870065,0.9305860170494628,19,0.18044182723638272,0
0.1864718777157547,2.198957245741073,16,2.2946286299911547,0
0.44920009215403023,0.9343964998035225,28,2.013765414032427,0
0.5378053563650901,2.6324190307895936,20,0.48704177801020104,0
0.3602322715738249,3.431569361314631,15,0.17067631046099593,0
0.17728423955320663,1.3677071776850602,27,0.5564179411474779,0
0.15824422334315916,2.8570836801752537,17,0.8385611170639742,0
0.2680439342466764,2.0042359083006387,26,0.5540365776145257,0
0.2770617800750826,3.265739369511982,16,1.6997861308649518,0
0.31715947596087835,1.7393287102688573,17,1.8212149768336243,0
0.45471693774031025,1.258870584647299,17,4.150245670402801,0
0.05819023268252864,3.85810633367088,18,2.0640215319128505,0
0.4952344517630788,3.873478925562687,20,1.8988320330053465,0
0.42145998503279636,2.782772472464251,22,0.7275883048935584,0
0.10000480495760974,1.768039791893055,21,0.48323579515301984,0
0.07235561320048266,1.4853295624455571,18,1.6601503993673485,0
0.5738046909754627,3.4140486459301647,17,2.6409914076179724,0
0.25438257241975704,3.194524035397641,21,1.5940393394573469,0
0.07134600521504804,3.912494390754952,19,0.43808246675228435,0
0.24595852999993345,2.757688387151517,24,0.9521849682906429,0
0.5016316129908484,4.6827103641989805,22,3.6691741753465106,0
0.19741276467632662,3.010751886690364,24,0.3167376258400849,0
0.4840979821410875,1.2014967343417176,25,3.3833469809342698,0
0.39894025025843566,1.2271054183691676,22,0.9239059240977964,0
0.19480453719554938,2.4486943905895533,24,5.457536324437241,0
0.12410188798102074,2.9728960573515097,12,2.231315594966859,0
0.19459320844223785,4.372620017206007,22,1.307093881040664,0
0.19451305622249604,0.8582487114950551,27,0.6186235884143759,0
0.10215306404956084,1.436968466943248,22,4.693517787578548,0
0.08842906431403541,1.6974683737432958,24,0.5649938688470824,0
0.08612967694919357,1.0587569255275668,14,1.8409776800111926,0
0.17860984415512265,2.9497546034323414,15,2.5798470461395713,0
0.21970139310775075,3.235847218433182,15,0.9785092919797,0
0.29934302595304574,4.7618665245673055,24,2.273699687585269,0
0.26528141486089196,1.165347167267783,10,3.5044565176845093,0
0.24094388587550683,2.239426814622565,20,0.7502824723515789,0
0.10685244734832733,4.743239532006374,16,0.98048366985733,0
0.1317211343683417,4.109813732692235,14,0.08820266888567743,0
0.7679694015589116,0.04285265534039055,2,19.66991132571846,1
0.4908509513804637,3.3058924395985008,16,4.755927843751517,0
0.42046882732786856,1.5737264950283878,12,1.7625730140140932,0
0.35145669477793634,4.63627355313336,25,2.058434569985397,0
0.29212256202629083,3.6077466030827736,16,1.2023020338111468,0
0.3825260679413842,3.3055245288754564,21,0.3739883242935149,0
0.09263711880582699,1.4194609764666244,23,3.273119527268776,0
0.5793760985907995,0.16419831483418984,1,11.14988633040197,1
0.3981773028269467,3.8877146145755277,17,0.5016933388146798,0
0.25732517251854964,4.496500884757149,23,13.822673287564692,0
0.22683803789283347,1.4490363915009348,17,2.451574724248128,0
0.3344466688880032,3.4826299545196986,20,0.6849554166900249,0
0.3789260832612033,2.3331215915763535,19,1.1690926087140778,0
0.10814410123963178,1.67352099740041,27,4.43553323671468,0
0.267833661216108,0.6861371036868821,15,0.6145587282910665,0
0.36415587505370733,2.510158270748901,28,0.2056249966560444,0
0.13844973706989386,1.61656263069021,24,0.5251046419661768,0
0.3273773299187575,4.50609940601786,24,0.8456455869401293,0
0.34742890423185707,4.795836343540104,17,4.637111365962078,0
0.06800480358831439,4.051353599917882,24,0.6528944393554906,0
0.0940390454847236,1.213983699025689,18,0.1849871230959616,0
0.3591318234849543,3.594691348885995,18,1.0245216913161874,0
0.247996644857491,1.7792897156628857,15,0.6808237902409955,0
0.7760742812369551,0.010563722323930439,2,10.704735425899326,1
0.5177877373647917,1.5461768827978364,21,2.154732437361333,0
0.09025743473329592,3.4858364501013357,22,0.9203760838725649,0
0.28655365014733164,1.8289640753053504,19,6.146960280103437,0
0.2674879834841967,0.5144467532091206,17,2.2091832858184,0
0.14962523079323803,2.8922230924267964,17,1.856517873116748,0
0.2919707919552233,1.3339476974803028,17,1.5335356425550661,0
0.3850060536154314,3.2375500053325914,23,0.48138263190105346,0
0.3486863107017801,3.3458417993414424,21,0.14273581063953206,0
0.27935214746286424,4.91727034512537,14,0.20871241956682596,0
0.49663927111446143,4.789277676609119,16,0.4824037703134188,0
0.32622405072264327,1.4888890348735384,23,1.031481140357144,0
0.3644623971391946,1.973485550531743,24,2.307314969672118,0
0.218597496663107,1.616778139137685,21,0.5904980938224844,0
0.5447794864905015,2.9643565194707646,21,0.9206471145633219,0
0.1610225864330367,1.8364260580473803,23,3.071449938744556,0
0.6739337393942031,0.11257025283655167,2,15.103993538706002,1
0.9465387444132581,0.15800724537459265,1,55.4511728740195,1
0.43717399266637236,1.6639206557574884,23,0.8351320910826713,0
0.7460403129178115,0.1915427447887795,0,3.4469786738832586,1
0.17368023065911795,2.700645157908729,19,10.76452282442999,0
0.8227273247501639,0.06366657898306095,1,13.690514784233995,1
0.26493651740772417,1.4654472136490295,14,1.3985537585325651,0
0.2538461073565521,4.486903930836616,18,0.17731535235745186,0
0.30749507859582703,1.7215857306434106,18,1.1350299424028132,0
0.4144300530446089,1.988991230271645,27,1.6578463257536216,0
0.47481495977580435,2.755769446157034,21,0.48092693074090614,0
0.19433421819577326,4.884456873117014,29,1.941744817246022,0
0.12668408322778596,4.198286272364125,15,0.43308007095023954,0
0.28910362873818984,4.976435165531193,21,0.5433083567846966,0
0.08430199159898877,2.6034912458719304,13,5.8776399104296635,0
0.07036609439121157,1.4819579832458176,20,0.46549933182281644,0
0.20867831726074876,1.0197028115498803,15,2.987463996016208,0
0.2600980259211277,0.7052538385563629,20,1.0638953401042328,0
0.3045128143733132,3.3975637674611114,21,0.6733609133485966,0
0.27444193744550416,1.6024739607534766,22,0.34654201410779456,0
0.3272805155395321,1.2443800406122345,15,0.45535426643383226,0
0.8053221818097512,0.11621386446602384,3,3.3369583571452357,1
0.12906842098293073,1.3406399181482638,19,1.1850193040443844,0
0.18185887153852404,2.037509517067205,24,1.3996652297226313,0
0.21013966358293762,4.965884158474291,21,0.8424487162994846,0
0.10231653560751011,4.77596123327537,25,1.470304657197838,0
0.3880535213977627,2.1522161879906827,13,0.12187432864863172,0
0.17150492530550265,2.3837546358029753,14,1.0174195063893396,0
0.2685671208227587,1.771877856543749,20,7.139853775745281,0
0.03878048997177612,3.8578518160894113,26,0.43279776075894116,0
0.3728803530338486,2.9465030370124525,28,2.55403901936337,0
0.3809734054264091,4.817442813219419,18,0.25710703930155693,0
0.8175461634332292,0.08949609101232994,1,0.7446833148921244,1
0.5293118802205716,3.6906585859659726,17,1.4271468553171534,0
0.25187584731813406,2.2753563062079856,23,1.1372454154063885,0
0.2860902925936747,2.7613762803987703,24,1.6874735207084006,0
0.15235109711457398,0.8170567467164472,23,1.9866711696919048,0
0.06562428071273609,1.1850393053927042,19,0.3850692799400549,0
0.4007721459066209,0.6929945915329776,25,2.3617664076133518,0
0.23358240343896447,0.6476644248063639,19,0.2876812018115036,0
0.17400156444899703,2.4042772814971545,20,0.5226045124323311,0
0.06952196203150286,1.4392377370681846,26,1.2679959440589779,0
0.10678562804010021,1.4545612834668664,23,0.5667864384137075,0
0.06439265100386672,3.0059455997414855,23,6.806556409940471,0
0.2517665902052365,1.7654492094095708,19,1.8536999478195002,0
0.4586869046902885,4.467679434508347,11,3.5371710141742185,0
0.18405078076498183,2.742688391447078,12,1.9477677210401425,0
0.1501250884647002,4.918640807811571,27,12.41555605457933,0
0.2572484377833895,2.665744022831582,26,2.3953406973895484,0
0.7484492296273552,0.18442352270823897,0,9.033181388605236,1
0.19373893815140564,2.019047612985376,18,0.7265046269762127,0
0.2074334685766948,2.9801578665061847,17,1.7382691879092582,0
0.17040316577479198,4.674624798883258,16,1.1712213835276049,0
0.8213066803539149,0.08786741789833354,3,16.619396555949187,1
0.45517131963946883,2.999927960557476,17,1.5378778132888176,0
0.8193517303747475,0.1370522266001975,2,66.47092664752286,1
0.8020890734565368,0.07261405884763049,2,0.5725756605582943,1
0.28296079807687213,4.84112517170137,14,0.49646273364969223,0
0.602032235870224,0.18568472694763904,1,34.49569361864743,1
0.14198978490021089,4.254978326213428,30,1.521519286390375,0
0.670473741434733,4.926074007974088,16,0.6813156672987918,0
0.019022342075479388,2.1392087670402002,19,0.3757206188864063,0
0.40910545962050576,3.0984086617811637,16,3.10146327369665,0
0.39821172025853135,2.5443360995424595,24,1.5495823179947854,0
0.20718846879469582,4.535049421334258,19,2.382866835272555,0
0.8701275039497562,0.1302526938386963,3,0.8206327392173287,1
0.3652764651304565,1.509810870162188,21,1.1619713093309834,0
0.042908726084408745,4.9100556902385435,20,0.914082942138571,0
0.7092739051457746,0.025565770398920905,0,9.376449160169496,1
0.8243656141444349,0.08491371566219756,3,2.3799338701253916,1
0.8402588336471695,0.01565375521936586,3,3.5742107571475987,1
0.05892632645808868,3.8724838105547303,21,0.2870565763272992,0
0.7467107164718881,0.058615041709435406,3,163.95824419521855,1
0.3295348450229803,2.926330643755288,20,0.3730982305755493,0
0.26892571659645365,1.6028413767187042,16,0.6993346515867755,0
0.12893966575025256,3.30765755749606,17,2.689382011988334,0
0.34743043825252573,2.5699270531956797,24,3.7685683562175414,0
0.3921001980732062,4.529468234751418,19,0.6585992958568584,0
0.3397172851446404,4.931145282537999,25,0.49619360165053983,0
0.33328569425565613,2.7472699261257203,28,0.3696109241201223,0
0.13855009206210173,2.242514954493745,29,0.7406409937742464,0
0.3969899674880166,1.0981084632628384,12,0.6125249209020062,0
0.7333432805800045,2.1549925969333104,20,4.531917195580879,0
0.20610812843799808,0.6394489621280589,22,2.167225114946062,0
0.12311140111090695,1.651229170461678,20,0.894151460665776,0
0.5073241137184934,2.2168805798218307,20,2.3780128889197183,0
0.21826315433599364,3.7988184808033316,19,1.1683241327233007,0
0.9747020175444756,0.08709397845135718,2,3.596848882834377,1
0.20823283698316203,4.788636883084562,15,0.5347293917701158,0
0.07962220756189749,2.9412857457928103,15,1.4636141669535723,0
0.2747692624394914,3.111659489051539,28,1.3132097038631447,0
0.15311003836751078,4.500753876296933,22,7.575191331266454,0
0.38480592660659463,2.5243889294157356,13,1.5749995610627086,0
0.16990088236623857,3.6381393292998494,20,0.47233118486866577,0
0.16902541160837542,4.173021343763869,8,1.0026736575708461,0
0.11320340974954075,4.747801656432903,16,0.937180168475092,0
0.5079990115766035,1.549652608467424,23,0.19353629836759698,0
0.3104128233729042,4.704803141063577,24,0.30361433843281593,0
0.6590368485950372,3.5389021630358557,19,1.267003375563519,0
0.08167978998191487,2.022870609927992,23,0.40409193176956176,0
0.2041025843414909,0.8381387730553701,14,4.173019796840143,0
0.30804807003691054,1.2993754701978872,16,1.0974418299126145,0
0.7695248576737678,0.0633314078045498,4,0.8778726047194088,1
0.9345231124094285,0.08982681892050323,4,1.229661438760733,1
0.1286311030280663,4.547485390210638,19,0.629360561533746,0
0.10589012675982198,3.271792824845347,18,0.7092144109866658,0
0.3060736492510633,0.8074412250449876,19,0.601347096877138,0
0.24609244136298927,0.9468993051334398,27,2.7681367566477393,0
0.08475319574375816,3.5913272084899206,14,1.6315045143495008,0
0.6955780898851941,0.08991186209194975,3,4.363892684489786,1
0.6633807591236722,0.10857165569054432,0,9.553601764254294,1
0.1289757616884019,2.9507546831856626,13,0.4632434484397201,0
0.3447939634441216,2.488402057107412,16,0.47817182686978466,0
0.2002494126473567,3.4957625626210254,12,4.894437383305259,0
0.22512387682019583,4.803100948574585,21,0.6222588213050534,0
0.32462523861096226,1.3853561042905362,17,0.23565690194814456,0
0.07359354856793555,2.2426340668055706,15,1.4215829541189509,0
0.29016169884865267,1.9073164047256708,14,2.3182127532882624,0
0.13220031819318057,4.092178342820621,28,0.3306933407836436,0
0.3753162012036507,4.513475707318821,22,0.5260697872777967,0
0.8494034440556197,0.08744391073458405,4,6.223293261690812,1
0.26588100514314966,4.876900321597168,22,0.19622881885857843,0
0.351707122672674,1.4629175767722609,23,1.0826861176425429,0
0.29918339692841567,2.8954900011141422,24,1.5380692090616048,0
0.5000379772128204,0.5690398617044586,17,1.6345244310237128,0
0.17960734607690976,3.0492817888449903,18,0.3736095599201658,0
0.271221265631871,2.9710894791507334,21,1.0689103895022785,0
0.29429266439079854,1.228614776179528,16,0.8673666964444148,0
0.39263441787820874,3.9678286793326487,26,6.07010143247996,0
0.8176962670489989,0.12292047911797464,3,4.133289787799016,1
0.3767586146569581,0.8794288708544862,21,0.26468433476004155,0
0.4694690861859967,1.2455325408093085,17,2.8737958646819526,0
0.272767387384106,1.4585098633127973,17,2.3396892562910274,0
0.2735317368799111,2.206438526316916,24,4.260300750340709,0
0.24331767113068165,3.2340706079246893,26,4.053081002065804,0
0.14508983586027313,1.6045846610874845,18,0.19393822690776819,0
0.39368592285557397,3.9586826638910564,22,0.7850327311767619,0
0.38648566218165353,1.1127690170918276,27,0.7217840268986356,0
0.6991413184874726,0.19778129751261836,0,20.76296178429061,1
0.3565907550929163,1.2892143332479324,15,1.6445426307936406,0
0.25869480115813975,3.910565910128078,20,1.284268017659575,0
0.31717513525075647,4.162278542162687,23,0.2964807814298409,0
0.20842819651431446,1.3421126291374714,13,0.45435268862645484,0
0.022097916328316217,4.143321591332462,28,3.8017134834431534,0
0.37021971095841294,0.808899213762665,16,0.749501269415599,0
0.13304216967828053,2.2703800404243895,18,1.432267450711918,0
0.3106211120977086,2.8835335341537776,22,11.318881825627246,0
0.5202092650960796,2.6126578020993354,27,1.5369167850119536,0
0.20051266330258888,3.129184803809096,18,1.5309134411818914,0
0.34279089118602696,0.9043826050287955,13,2.2056522366746254,0
0.5026517414019432,2.6751283382827804,31,1.7247562849437568,0
0.12428112114624024,3.5727312669788387,21,1.466191156501832,0
0.7973770298801777,0.012779924105992449,1,1.6763385864674212,1
0.4814396158225771,2.3361360290124966,18,1.1435892820727083,0
0.2972144938341756,3.1377703316705823,15,0.7056523952340685,0
0.34463077420810745,3.569015678754482,27,1.9639079344365447,0
0.1312725541360449,2.9234941279538935,14,0.745180251660916,0
0.07610776966865537,2.8064656328799336,26,2.3790542832383945,0
0.4020743884129332,4.954749295149139,17,0.6737203255435523,0
0.09629571740082463,3.1707821311641498,20,3.0032650233481415,0
0.41346982965176865,2.5695977162909127,25,11.633595722461774,0
0.09059790425941858,1.0262117221279787,15,0.27312079751939583,0
0.09224996739381129,4.045491802317476,30,0.6776875914948967,0
0.11943424851599047,2.1970712428333368,22,1.5132134597602456,0
0.38909331135878744,1.967778992884223,21,0.3193239841102853,0
0.1867547613804846,4.589864081290998,22,0.47607865678573213,0
0.15849273390691143,1.0963912807365306,15,2.022043316492396,0
0.32213363168034226,3.688724681361005,21,1.953049153396269,0
0.30734626552005934,2.977045490440974,21,0.7701751400247905,0
0.17155489259900783,4.095637767880058,21,1.2358075038986511,0
0.4568343211282367,3.1875098123750494,20,0.3974612603001408,0
0.15670268242120294,4.531353915745498,19,0.8989981356865435,0
0.1319444713371248,2.5070528679535506,19,3.03126751949211,0
0.9025906218237241,0.11535745853691759,1,22.62210654452053,1
0.4506750130242916,4.6890557581204035,13,0.5706149464003706,0
0.2580748661960477,4.805826895477869,24,1.0821227281667836,0
0.3674057548219723,4.954406245287899,19,0.10230570676627071,0
0.29202792253559834,0.5128542626773209,21,2.2975569289305002,0
0.06005020644387644,3.0401858132966497,19,2.0761159788967314,0
0.6550894417668659,2.878692854751347,19,0.7217449247145198,0
0.9763419883602382,0.14208656451496207,5,0.10881368121092624,1
0.4893226298498393,0.6917981437983511,18,0.6340368485723755,0
0.3414891592277619,4.944394935464282,20,0.9734037127740649,0
0.3025097459846587,3.506903137670384,23,3.1332882201022536,0
0.11680076935807791,4.966250412926028,25,1.099396151466416,0
0.5432127509017953,2.56813320132513,24,1.573285507216442,0
0.050225423079799665,1.674472169337026,24,0.8616746221622839,0
0.23822279456657944,1.0833349557690022,22,4.810060889282622,0
0.08459271292552642,4.089433289784847,15,1.0727203352628698,0
0.2895987088880232,1.5155935312123792,13,0.2800354600468945,0
0.0751397623592993,2.0639882258425053,20,0.3446377187503758,0
0.10413005491786811,3.694669550129312,24,4.895981616757512,0
0.811757707776268,0.1270729622284979,1,61.14489620031329,1
0.37128127041949693,4.2799660017137064,23,2.214066375620869,0
0.8848156033376849,0.036749970447968794,1,52.78748851086791,1
0.13147860352495389,4.513875065767042,18,0.0758285507873621,0
0.43139306988786297,2.8152676350650068,22,0.15054355001720335,0
0.21899211473586608,4.241742579942045,24,2.171184805044228,0
0.1599979897582359,2.629052523060154,22,0.8178254498499091,0
0.541245256837016,3.5800800168979503,15,2.2517741109670686,0
0.17481831519011398,2.1257236178982755,19,0.6444140596131591,0
0.09374146999996975,4.046272006833091,17,1.1558807746906286,0
0.3040174730397479,0.6251719801898004,20,0.4561636717416147,0
0.11773419020727369,4.111594694355945,22,3.364835689387354,0
0.2710838060664012,4.824383965320083,21,2.0030168406092983,0
0.9412786024319018,0.04993997485181088,5,7.704266959799213,1
0.1548538130702036,3.4293394493167795,23,2.3177063214475275,0
0.3981300570129465,0.5381587446147854,23,0.22969401036334833,0
0.6195211291029132,1.4396277196799163,30,0.5510362530290966,0
0.2636847342390271,4.949825366787227,22,0.16545942538839611,0
0.13142210613317568,1.7896353903686573,27,2.70146410849333,0
0.13030251021599068,0.6414774033854618,19,0.7170250896576063,0
0.27567649643288444,1.1303421966624003,15,0.1416794815026743,0
0.3388925365868558,2.711521539961797,19,1.9863818241902562,0
0.13837053955460632,0.8784034330401256,23,0.6305412380728488,0
0.25847708771805655,1.6493289815031087,18,1.969003991646259,0
0.8818674560352912,0.03501710397319301,2,0.2617808218267773,1
0.09672479361681517,3.9984494566328905,19,1.9258417045187348,0
0.14120310875344436,2.5788463495268865,20,0.35988039637884967,0
0.3808254812616512,4.032417793994746,12,1.8360650481391343,0
0.17859313249982467,2.8910634826351744,25,0.7392416724909047,0
0.6294096011102623,0.16934376567306658,2,96.5590924565565,1
0.38348553928662027,3.386717508086203,21,0.23714707629298132,0
0.31558294165951356,2.536610157057908,26,3.193420821253912,0
0.582050557605519,2.3648524246016205,17,0.06908047817697685,0
0.23585044277285083,0.5570438790132082,16,0.6682900690225352,0
0.27504611261476775,3.2545495656462635,20,1.175171039758578,0
0.029228024270398306,2.311842578498065,28,0.5850881663670914,0
0.12459940822397758,2.2918000309118103,23,0.8143928702441389,0
0.12191061287037737,1.1410733581718007,19,1.3953175962757822,0
0.6628405197640008,0.11716879052453738,1,5.614508991192923,1
0.39871483228436416,3.1436863378900823,18,11.533997346349699,0
0.14253184340975858,3.3260413051207367,28,0.4099831079918107,0
0.10867794773232267,4.819846161704289,16,1.9594133398730345,0
0.3218217552002643,2.5651625588488045,19,2.1451410008204226,0
0.4738379905166539,0.1856497322963178,0,5.686392466141141,1
0.19878551952022597,4.102960589263019,24,0.7918835983915082,0
0.27359126452925514,1.7149407239004837,22,0.6386452226122848,0
0.21174668755491138,4.467396898314206,19,0.7954206308125459,0
0.16921258478279658,2.288488672657272,15,0.2579523237791232,0
0.5310830859324758,2.5681708523333207,22,0.6683523000806116,0
0.4169305725502426,1.0548041528976264,16,0.8877223490912153,0
0.16687006535001137,4.40124127855594,29,0.2065094537062031,0
0.6346505371951869,3.7396465347670476,17,0.7123779812215874,0
0.15295574865672246,0.9278954526809138,25,1.1064439972085638,0
0.6480531925661513,2.8527630125922125,16,1.032254530171097,0
0.8887339005380851,0.17617141891059823,4,17.026257721533643,1
0.2895330726733908,2.5029435780382348,14,3.0547252113011236,0
0.26015096205668264,1.5104822073921043,25,0.7656212385711414,0
0.33233206743157706,4.583996507071592,18,0.7058409636782171,0
0.048344463668805314,0.5387842741950517,12,0.11636160143102481,0
0.08749925444156469,3.0200114328742815,22,0.625513813612519,0
0.8300075281527963,0.1480447236057334,1,3.5341220505367335,1
0.28748782397564965,3.776487756548417,21,4.095156657466872,0
0.19221505191563654,4.328493847880013,28,1.4940080862890301,0
0.5617630952792952,1.9370867695286413,13,2.003061662156767,0
0.4263158379368551,3.1473367608976686,27,0.48258205264970194,0
0.5899516642110099,4.57079171121539,14,0.6156942724791163,0
0.06396106763639602,3.475350196500017,33,0.11511681727411185,0
0.31452476249678507,4.336370013629745,21,0.6887026656333918,0
0.05578571844269125,1.8037216363294286,25,3.042680295304956,0
0.039962900458081846,4.748649731458775,19,1.746512606698281,0
0.3386928765546535,2.075341121751027,13,0.24571147442706415,0
0.43909480845282545,4.860682449863669,26,2.2109964482944635,0
0.19749693097579457,4.32261527068563,17,0.17361254579386343,0
0.19622575185344338,4.883517129823397,12,2.1259851151703737,0
0.547340679065095,4.478766889517667,21,3.6799021794176596,0
0.1356227552697956,2.9368552171773663,26,0.6700331699003564,0
0.43074748443657224,4.13748685345677,21,0.044698297142784664,0
0.06988476070502557,0.7527775950599527,14,2.869206992990447,0
0.06681341087163134,4.234804797858004,22,1.4334087504803368,0
0.3874881685203258,4.622051962341701,23,0.934584927002124,0
0.06324976583946158,1.8157969113074408,19,1.7803036904007115,0
0.529381036447155,0.02380843039306273,2,3.8892219710552483,1
0.12337854441295358,1.8311978269668896,24,0.18903987586684814,0
0.3781531275308861,0.7283853100556501,21,1.1243614723592148,0
0.1746983360113995,2.6801864732096945,17,1.7246157283057597,0
0.22529374455877504,0.5627195541955329,18,1.0980604772995373,0
0.15095075295339694,3.9996052518658214,26,0.7320532853184892,0
0.19996158270305503,2.4779374208436264,22,4.567685339711926,0
0.392574720064776,2.3486964028621373,18,0.928882652823478,0
0.1265317455247781,3.4092725324278166,19,2.241087089920844,0
0.5077139440449162,0.9108576797302954,19,2.1232915705133535,0
0.24079343062312614,3.3976184385865826,19,6.331619312457015,0
0.037209145847764157,1.7421444625576843,14,3.6823960261163924,0
0.26229523940183685,4.237330224868331,20,1.6229169041943956,0
0.3626080112002436,3.0722148285622937,15,0.3644751909796158,0
0.2983720989248464,1.8871750350621126,26,2.519725283664087,0
0.09836343316056018,3.729953006158883,24,2.2056517394972506,0
0.20790793372462427,4.8270617219735845,21,2.437437558883435,0
0.07137297491621876,0.9628951226186957,17,0.740006399802335,0
0.09004018207052204,0.7671903886899261,17,1.1830890606502582,0
0.15866372800116169,0.8508125486317653,28,0.33206249467484406,0
0.8827501171946532,0.1684417506638228,4,51.59764464564246,1
0.2756256870689626,0.5652455802042105,19,4.2701856392031745,0
0.11139896121013929,3.2908218418346493,22,6.12436407473601,0
0.269364102181022,1.4131642664890176,14,13.598363042123262,0
0.245171593017265,2.2843818627405534,31,0.837186713137336,0
0.17710749688513128,0.7091035068300763,15,0.6710727308145685,0
0.34732940196834305,4.26846930269771,29,2.3152972725448104,0
0.3453014206833884,0.9389259211132585,15,7.690484782505839,0
0.6324257567729977,4.482288737378766,20,1.342813378044145,0
0.2946381850224329,3.9905276318260627,20,0.7896401858117669,0
0.422849452404755,2.633012065466495,9,1.53738911792549,0
0.6518545372780168,0.11202741303099009,4,0.15572231849832283,1
0.3529103795588341,3.7330873793091457,20,0.9315930822729136,0
0.3301548426036542,3.5738479306682533,18,3.8799740698581693,0
0.1652855284969067,3.056619109209626,20,2.1374443599130712,0
0.7562206067113667,0.19949109406735538,2,152.94108290978062,1
0.25474939364529203,1.6779493297814594,19,1.1975004013498338,0
0.16175027436661446,2.6067410555320314,25,4.020039732933924,0
0.4652697102657876,4.643776337422081,28,0.4260383212564211,0
0.289070214441015,2.8083806276463137,14,0.11274612149561695,0
0.38608409325624826,1.8695503632281825,10,2.0032566300570056,0
0.5157585881929796,2.521135202223734,25,1.0449878667390338,0
0.4164749751772936,1.4768044571225418,18,0.8842655399193718,0
0.23180425018954048,4.86863671962712,25,1.5705030034576508,0
0.4079095091086846,3.81908737468516,14,7.064841949865583,0
0.37312237924585284,4.217250877198106,12,0.38937550628046064,0
0.24554514891666304,2.717915147815052,19,0.6887589212388868,0
0.19084276658730162,2.454095264445712,18,0.32525431657014736,0
0.057186090078956094,1.6308892576636083,21,0.977677546953469,0
0.68655081536704,0.10902631419409463,2,1147.9080286640985,1
0.05098452958232323,4.356249782627749,22,8.85356425630352,0
0.5670542219628644,4.155098531931055,21,0.3396243736224749,0
0.3922682871299355,2.6327129157476845,22,0.1369333562404048,0
0.6980477420006366,0.07587313617790116,2,3.1026443231369116,1
0.20371287663507784,2.198276565485193,17,0.5638286592587971,0
0.2351564543459694,0.6349578699208993,14,0.7677270936075129,0
0.1182912009182926,0.8414500526779497,14,1.1536742815477132,0
0.2735342399964046,2.9047477258111694,17,4.307747638903114,0
0.13869986669747267,0.8455042565891014,24,0.5301257458656683,0
0.5756872488403668,4.403698454143948,21,1.8864166633712862,0
0.4616484417224359,2.3275805535996046,24,0.34368627006318186,0
0.5552104404499302,0.042846344109882216,1,319.3886617826058,1
0.13485606565762712,1.7472792774673105,26,3.2423447562724634,0
0.3341922976608405,1.5849634500798568,17,1.1664468715516134,0
0.7165691484998779,0.8924971673768529,30,1.3471837206386232,0
0.07023810151120638,4.319014299504738,20,0.4415740225016269,0
0.0700914948544362,0.5314828346441902,25,1.7809398830698782,0
0.4907581196056156,1.2823129081014453,18,3.7526364324333237,0
0.36181241722471313,0.5152714169668724,17,0.239580778290908,0
0.3174418292601699,1.4121818579382883,27,3.2132038997022465,0
0.8892612690433026,0.18531176755415726,2,4.588214048154976,1
0.2385472889659712,3.2526123014014665,28,0.38681242052206205,0
0.4193546929210378,1.8277932209742658,16,0.6307322043595847,0
0.8690582014421186,0.12891380472061503,0,35.73176146330917,1
0.36816146399694333,4.659552299763956,22,1.7328217448920813,0
0.21544924164575002,3.7779674255809663,26,1.4302159053286523,0
0.22156445456452412,1.931311963030943,11,1.0170473663425446,0
0.33384144905162655,2.8859841179025874,17,0.6098084747740945,0
0.11650919182870982,3.3614306633026256,28,0.3819932540781954,0
0.049077582664092394,0.9236097391466185,24,2.5514987827361133,0
0.21783565904227273,2.87996264494517,15,0.46729466698177985,0
0.2450423276360138,0.9081204088700067,21,0.7192708066787566,0
0.24592939594800045,0.7188366376155544,19,0.41255250941263966,0
0.23067854274633456,4.116959524838322,20,0.48977446110964307,0
0.26999359919044547,3.282374733633911,20,9.188697007925759,0
0.7281581723245287,0.17550770815241631,0,0.11410115708294444,1
0.2895706698796679,2.3265024744611433,25,0.41588665129456703,0
0.33016270922706753,0.8152542173740699,21,3.2780754263741283,0
0.2128963769203886,4.878329001321037,20,6.141467185906569,0
0.0963410990356954,2.446769260488102,21,2.433050740780976,0
0.9288611918575916,0.06581809484456204,0,83.78778826620463,1
0.2653027778208202,4.22448504118039,16,0.1274514951860589,0
0.16203895622298872,3.610882142801517,18,1.0652995002857093,0
0.22104371586653385,1.4481110608073802,21,0.38260199882416046,0
0.08056067117117106,0.5411684107671676,22,1.240546977688947,0
0.23146908040597158,1.3291944643662297,21,0.24487255664476254,0
0.8705613342193308,0.10281840723870674,2,10.749481390877104,1
0.03824753007052524,3.0413820363272706,23,0.7481031483681334,0
0.5771461131992186,4.215518871544171,20,1.5377296139725223,0
0.09518595873903722,4.646608154267701,15,1.1391392906868454,0
0.09608335504033605,0.9668946007835508,31,1.1479626975416228,0
0.31416905010684587,1.8012572004164182,20,2.499180326222279,0
0.15217187950561997,1.9590083796757072,23,1.2753088326121085,0
0.4121783164322165,2.332093211881296,14,0.34049993771780857,0
0.27461881821965856,2.741348051479011,21,2.8093572363965955,0
0.35709772789100414,4.763291388561708,23,1.1983728008937573,0
0.48797559829038567,3.3308268478779683,15,3.5107736471217468,0
0.4048145616292622,4.176436944431451,26,0.37455807544840747,0
0.45415335751051195,2.452880155972103,18,0.24116171161296748,0
0.1478082659977269,4.599457189804243,16,0.22062278928171655,0
0.04122319829951016,1.9000768222599036,18,0.24492030384646532,0
0.30848130728208073,1.5906935079233413,22,0.21333319432152076,0
0.3915931902232767,3.725254775233044,23,2.435483522197687,0
0.3241639699984157,2.65675308918313,14,0.7522308384929776,0
0.45868257967436654,2.5955067943226786,16,2.2945359082094203,0
0.2725944776023164,4.366711715156781,17,0.5737831545963943,0
0.34033942495919606,1.799762218150173,17,1.038549707514995,0
0.22184575101213017,4.088848059723951,21,0.12185833918878171,0
0.07301879492677939,4.683185675342382,20,1.5635131600206866,0
0.2456903339090077,2.7157854438130946,25,0.29639260994411726,0
0.3036497048821869,1.3757598980397177,21,0.34638494213736,0
0.25895286039380266,2.611201012569397,11,1.1484414069315192,0
0.8972073878478701,0.19008696121421093,1,10.081017727361932,1
0.35950086108800355,4.6138643483129735,21,0.4631904824679107,0
0.4514701468931005,1.0198481269063542,10,1.530856723622553,0
0.1884943807016328,4.498238968472952,25,1.8292553575656239,0
0.780365782557625,0.18511199631996966,1,19.605408568663098,1
0.39897651138875534,3.3504701849137333,22,0.4027781694063594,0
0.15318860693280614,4.321869787641091,22,1.5665512426166641,0
0.42924186010946574,3.735124370292676,23,0.21889271416757838,0
0.027442476222167653,2.2242011394317607,15,1.8718442184126194,0
0.416245587393003,4.75023092606231,16,3.1326005626819042,0
0.5115135915113578,4.301443362006551,16,1.1586992832805054,0
0.1988683726590541,2.2067758870174012,24,1.2098652409462523,0
0.6026175412289808,4.813277313286115,20,0.7184705488197559,0
0.8174808701890683,0.16825413875839146,2,43.38383012135798,1
0.22072215520768082,1.65597196261195,28,0.5407410997759106,0
0.1170991881304397,1.859333395942767,22,0.2711063198463121,0
0.4566641711626946,2.102816926257704,19,10.087566105219933,0
0.10067931356214452,3.1183289784250965,12,0.8370127635445813,0
0.4052802718617854,0.8619310402985413,30,1.8695380553194518,0
0.3161405700227906,4.871137361605365,15,1.8961017878034017,0
0.07112195368294609,4.858810552854765,10,1.9208026660284823,0
0.5427601792057674,2.7925315426389905,20,0.9252383912578633,0
0.4428937715470006,3.1338665987656693,14,1.979120823505931,0
0.5115250591703097,1.3165160639624736,18,0.748206950520937,0
0.2341330348073826,1.3433612064824014,20,0.47145028566191727,0
0.21224184887070116,3.1655141604503303,24,0.7762789176261429,0
0.21522387282484373,0.6786088580741456,24,0.9226146093201769,0
0.3193595115894763,3.4548225987571834,21,0.17984438192401905,0
0.897447332463687,0.044694272048434416,0,3.744289678248033,1
0.29509975299613855,3.6705397823896524,14,2.323487526361599,0
0.43981653331748033,3.0496742160718715,10,0.6628764106641921,0
0.05263297592051796,1.8310035019521593,22,0.3387817749143753,0
0.16066213520123412,3.061595767094408,18,0.6635337444324789,0
0.049824498730396655,3.4114217840768695,23,1.8422420753645168,0
0.2047375144664554,1.7156596860414668,18,0.3105773078496625,0
0.3599547711930241,4.581105164052097,17,0.15151153410902238,0
0.17106206949410627,2.762938971396599,17,0.9008006784893452,0
0.1032958986948424,0.8191738029810351,17,0.6106749628297216,0
0.6375264734303778,0.1727558630046043,1,2.7239040246037907,1
0.3508308451760149,1.624507290070511,24,3.31434405594922,0
0.1355275588017709,1.4969831728997012,14,2.4866937155451003,0
0.2831627803219617,2.086751722434951,23,0.4536250641243819,0
0.18593682318411733,4.43963648725351,24,2.334542450996812,0
0.3945727175223312,3.4307213163126336,15,0.8566761337074565,0
0.5081274325572396,3.5616405100422064,16,0.19365610473811218,0
0.3127290249313759,0.535670504006939,17,4.425932269141289,0
0.07685006978558699,1.1443943206641378,20,2.957569119448125,0
0.30119652308770023,3.9827690101891986,22,0.36275598290667316,0
0.26375493613711354,4.327216601669491,16,0.7295498458138394,0
0.2804268644971681,1.566263349702229,25,0.3165880176241484,0
0.39194220544490993,1.9740715979749042,22,0.8121499410795899,0
0.2670685125313922,0.5355150170362293,12,1.1766519458154345,0
0.43779875968686405,4.661150712187981,17,0.1491174119176923,0
0.2604807936518852,1.5901781414474483,16,0.8195403351875845,0
0.3028185458002144,2.0951251269725937,24,0.30311978756274577,0
0.40951295549434635,4.232881622221184,18,4.527166280297732,0
0.8116539080691907,3.754058138748777,22,0.1594794320615418,0
0.5515650936176975,3.3594503614561795,11,4.269066457603978,0
0.5201501702883057,4.004545622293628,22,0.5888337517576117,0
0.3381317928075048,4.743783531999151,22,0.929109370459267,0
0.24060654586209412,2.3025818784954746,18,3.0069549484404785,0
0.5568197064373127,1.487289958183751,24,0.4172777275597491,0
0.49045026883158577,3.794138111860056,22,3.241638979057766,0
0.6775750909896845,0.18155161496402958,2,29.13093640464614,1
0.7723175530270187,0.19177024360559938,1,1.5131430093339333,1
0.3435521972499023,1.937062165871558,27,1.987841440440575,0
0.1355325623671243,4.8201460496108535,10,3.3589115529288156,0
0.42773766655105333,3.2813785270010336,16,2.0028990561223425,0
0.6352155876716608,0.06857153738002456,3,3.5354437522602327,1
0.26366294798833395,0.8478186733133819,27,0.454867420599899,0
0.5613362616647701,2.4700040560641057,16,2.1095975680702352,0
0.10993022202872574,3.1222812166263965,26,0.6937850282583886,0
0.1350544742379878,3.929049939268764,14,0.3476082593117819,0
0.1920661620243793,2.8530458768221427,12,1.0416855033501562,0
0.49878587335913277,1.5716175594984196,21,0.18071969106022145,0
0.38822168363496673,3.6793533342218776,26,1.233243116643892,0
0.3253533965491549,0.7120918585908762,18,1.0088113687554037,0
0.2620362312506359,0.8979751739155902,19,3.1598089615186273,0
0.37790891575528346,1.5417997000017412,17,0.7895109126750028,0
0.40089770695930865,3.2666672869503626,17,4.847516040171237,0
0.14428025116827914,3.0873939886021367,13,2.718281899344343,0
0.4107106276227839,1.0074064456463339,19,0.785530984202834,0
0.3206017479195111,2.899780662509289,24,8.75716906686562,0
0.23502913365406888,1.6579570944647797,14,0.5634264318706793,0
0.2705617218420776,4.553852571199722,19,1.5541074030554582,0
0.4128935051180186,3.2226625429483926,19,0.3189250544697924,0
0.08135432802106882,4.20940977414325,21,2.7655550360349244,0
0.0360032540214987,2.4591511984453565,17,4.243560152239412,0
0.39098065034137736,1.4992367817857108,16,0.33894163136302646,0
0.3378989271141622,4.741951697466679,22,3.167806753007563,0
0.2536528223041792,4.873002481428712,20,0.9315287559118272,0
0.44401779924506424,1.7321409266254308,22,1.8960833378761541,0
0.10032155742775117,2.7772846224643697,18,2.6437201416710256,0
0.17659075097575266,1.162198094792878,13,0.27896152817997794,0
0.3222835386195275,3.4743781982540383,16,2.1753481869295284,0
0.3068697151736302,4.865294494655019,27,0.2074345642272051,0
0.2744725809222159,2.6677234366364675,24,0.47652865683965173,0
0.4973736345820396,1.070277808215603,21,0.6018558744849977,0
0.3275289275468283,1.161265477542747,19,1.2578349391790995,0
0.1476111334637072,4.756084697258385,19,0.8669899506907744,0
0.28727878280090685,0.8084507518703998,18,0.42743206138397477,0
0.4389054164976097,3.6036047621862224,28,5.273885857460063,0
0.40141666221944494,4.661676025780217,20,1.0272703957467861,0
0.1365105866309689,1.5611620628876053,26,0.4439789346682869,0
0.3415079976468594,4.8864762712443,24,0.9027473217953204,0
0.24215412884953377,2.10956949481854,19,0.8034311479274314,0
0.04349561029926874,3.904783781845127,28,1.6873728031105482,0
0.22867966753588898,2.2817999805090814,18,2.5007088917386224,0
0.32894507829382186,2.138284779921315,21,0.4458961208921107,0
0.9679682137314947,0.10593992866934002,0,2.7496755918056657,1
0.40499907295607374,2.8821075237227882,16,2.0470283128104385,0
0.3357479699350417,4.338991482765916,19,5.830143953896649,0
0.15649157881521775,0.8904047273043336,21,1.891886390140259,0
0.1428714648845983,2.3770033709430853,21,1.1572608172929248,0
0.04667622135225907,3.84999420279715,16,0.5253677612034379,0
0.17986897548055192,2.953814438778571,20,0.2546034711486905,0
0.0245631603954326,2.931970704414747,19,0.9204301586325387,0
0.37237940376891726,3.7574007295487037,20,0.4335848331436288,0
0.18914684332584492,0.9050855983347621,12,2.6175085632105892,0
0.14331180812113709,2.121259965628658,17,0.32052521516046006,0
0.5550517203993474,1.951034693562971,20,0.7687295163380649,0
0.19498023339035633,1.1772347348151542,16,6.0675776454078365,0
0.39955807622570494,1.22911772638029,23,1.8873579811501755,0
0.20382863739620252,4.221217182718701,19,1.255178021945319,0
0.20322723340103696,3.204960118471557,24,1.0121773079180847,0
0.3057849637887002,4.5792840618631265,17,0.3577102905524864,0
0.20723974353440439,2.5772045895217444,21,0.5037590291643738,0
0.40580072178850596,1.1677764099092847,16,0.3942407074184911,0
0.01746745474261654,4.044863532149441,20,0.13093221935137003,0
0.343201017955116,3.7606582319491197,18,1.137366157586504,0
0.4306784065176498,2.2972536716228342,18,1.4248850306031995,0
0.16573657024812788,3.7706506596528677,18,1.226765881709389,0
0.39248021459737015,2.3804620311213247,13,0.8039511237041345,0
0.2648472061454777,2.9532526168071027,21,0.45941428246019883,0
0.21044675648076813,3.081136990724646,18,0.34803095172484066,0
0.447675809442844,1.1784603810077197,18,3.2704950589386015,0
0.4093188033574758,4.465671468207046,19,0.44991380196019237,0
0.441809629186989,4.03525908101204,20,0.28763764296594685,0
0.145715318227195,1.3173750044508847,17,0.1509724430124548,0
0.40163755263532125,2.970000785730818,21,0.5379878670242655,0
0.11529067262030529,3.4402928244318516,13,4.279598104839872,0
0.04127979627714738,3.8650265384691918,18,0.22716325463830586,0
0.09271772411180902,1.2848170984067675,26,0.9537563106295268,0
0.1821435114578481,4.086062074824156,23,0.7184886833761193,0
0.06709503597155882,2.4617070715177802,17,0.9690972258721324,0
0.37894704422251635,4.611922359044363,19,0.7566084047896209,0
0.5972071387796744,4.239287887702381,19,0.567028817683505,0
0.40726367253135515,4.454387350306413,20,1.3633415128595496,0
0.44044374283690496,1.7691850681813874,28,0.6228026212087804,0
0.2655048540341872,3.56980576651623,15,0.4393785992069508,0
0.5012066605373922,3.66562747458649,26,2.20554506226507,0
0.6966240507757645,3.5721138214252433,11,0.13596182247513453,0
0.29052076221523426,0.9244601449544938,20,0.30123161873087884,0
0.1969570583870994,2.615167737230636,15,3.4371505933237554,0
0.32863720020464265,4.16382190918012,19,0.21883621552397464,0
0.4921262013613694,4.867383203308171,17,0.5225296578920062,0
0.3249786429217085,4.57385749332157,21,0.7460216905988705,0
0.2800836621040783,2.656379543880062,13,1.1836299764354696,0
0.0619710356678075,1.4654065020197606,19,1.1622106062116249,0
0.07617426024558675,3.154362436143794,24,1.9229233290256726,0
0.801456177141195,0.0945215116029512,2,8.413998170845183,1
0.29557870513432616,0.9779634190880839,16,0.4087833999935384,0
0.10943283192943044,4.977466813871321,17,3.5706929931324627,0
0.40791094939651945,0.7455224377900745,17,0.5104246447187157,0
0.19239407838652275,2.5721502549662696,19,5.72005226254468,0
0.0962579052477021,4.651503757072559,26,14.002083005431313,0
0.9272034716078467,0.0820051666834993,2,42.757709703215774,1
0.26420326469021144,1.9745280336798785,20,0.15423111598708297,0
0.6653408538565888,1.0542650183462365,15,0.12212602769367704,0
0.547707355424201,4.9470264991353075,18,2.56939180313887,0
0.15677698942787233,1.4870013895265655,16,3.666852532978133,0
0.3548868617373174,2.775819494889662,27,1.5874583955275292,0
0.38238375215754566,2.982986011520434,20,0.8864878149924813,0
0.6104008932317594,0.11762499638825599,0,2.049369908680716,1
0.5939294689926913,1.4506772292273562,13,1.0631189612537633,0
0.19983710768981075,1.7366264033988894,20,1.0091012202734895,0
0.08334963718244941,1.1233940236728202,15,0.4842369711086629,0
0.1422893047551452,1.6389568599174835,23,0.5703561673870687,0
0.22097886824596194,2.930174227774387,15,0.31293808279563795,0
0.22600312493894062,0.5166715834490396,16,3.177033842212248,0
0.14469524479939816,1.5354448422223104,18,5.480539951755735,0
0.0506389561117316,2.4656545223051083,15,1.5564956448898135,0
0.4650833921541205,4.972476625597043,19,0.4891451653606084,0
0.19828367736949407,4.294201559267903,22,2.6019187410959277,0
0.4545153395304574,0.7359974366627504,24,0.2737474622904342,0
0.2508495847900761,2.156406480439485,28,1.279035675881933,0
0.6040733307905934,4.233220647024515,28,6.73937322068803,0
0.10234274903333263,4.036703495326599,22,2.92074948990639,0
0.07793890179058088,2.568308466600609,22,0.2253216874943619,0
0.08133329074118267,2.7346213659887955,20,1.091251119961848,0
0.39435935082245754,0.9650689138614891,21,2.2454192349143716,0
0.2293173045010067,4.285284955555537,23,0.7841499079584386,0
0.18506495530843842,3.8972388632645467,16,0.23046539368790595,0
0.19471354354264647,1.824407053894117,17,1.363755399310003,0
0.34707227538155583,0.683347270276392,17,0.17395856217406755,0
0.38569794356401527,4.952545311763018,9,1.6507650807042442,0
0.37018200153923564,4.680161411344955,24,1.230306996168233,0
0.09136037580141337,0.9659307286523189,23,1.1879476240415108,0
0.43812731960710527,0.9122022459452719,25,2.9797642356314995,0
0.034813003334364344,0.7441536446670939,21,1.428125099815845,0
0.1854724174551816,2.7880190887045897,20,0.5822436322008545,0
0.1161777767265976,2.505320461190946,24,0.4486815665922273,0
0.06178246771545111,3.1275329216284318,20,1.9677169906393428,0
0.08035397608678654,4.5734230931790325,18,1.573343412689957,0
0.2936358681292154,2.510895084073579,26,0.5932379488755343,0
0.09497619287801354,2.5750182342937284,21,0.6295684543472807,0
0.24806421543325408,1.400693376059702,24,0.44400604004116623,0
0.19695286571083395,2.143484393708155,15,5.9434826355635275,0
0.9620156143763894,0.17094706445839808,1,5.084966207760955,1
0.05100353834786094,1.5556371098835535,17,0.7228131342552385,0
0.33904365749733373,2.8494565652618182,16,1.2203684604650173,0
0.36007560204797895,1.0315983540388665,15,2.747660803811913,0
0.5650786144741333,1.9603307034065411,20,2.530536423261152,0
0.04506607659637522,4.086911677541362,24,1.3580574947486805,0
0.3667020194063303,3.475899242593591,18,0.28419378789354915,0
0.473017729174899,3.405632358056998,18,4.039122842326923,0
0.3620560739823488,1.1627079087434535,20,3.3609876218272743,0
0.6341978474793296,2.2861598145472835,17,1.1997139018424408,0
0.2807057317525002,2.6763020774502575,16,0.31455125288588137,0
0.40839727104505114,2.358205518501339,23,0.7695227594756929,0
0.3652361230873337,4.15621011924183,19,1.3821784540403272,0
0.06973608303729735,1.0406445208315809,18,2.0160291272842024,0
0.42339791391611903,1.6891827594415516,17,0.2617056323529211,0
0.658711603684286,4.145202405205286,20,1.5663105557856216,0
0.9686539947092565,0.13093187205622825,2,8.422738927654256,1
0.10706775472407216,1.8870120563139985,22,2.518764520599976,0
0.1634855773071426,4.062577844786739,22,0.5898925898260636,0
0.623604593319631,2.166509227991329,22,5.549408905890279,0
0.3033086359895694,4.482023336383359,15,0.8914179466249009,0
0.3180340359562821,1.3182734738668955,18,0.25671169907538843,0
0.326868379147809,3.9640268550668107,15,1.5480895481599468,0
0.14698316915127857,4.110234453701427,22,11.66651271786113,0
0.19050765358063887,2.497322032583685,16,0.2770926122805124,0
0.3431034165642554,3.910088591295171,11,0.11682080690366015,0
0.5352351615438115,0.6084612803847244,14,1.3401211507920647,0
0.07406768763257494,0.6734225002862191,22,0.6979947990936374,0
0.7847582844129044,0.08223530634531814,0,23.121971447793314,1
0.39713415771017324,1.0235107508395074,21,4.653622896122386,0
0.236429993652925,2.408505475716992,17,0.150906738673874,0
0.44007292778679497,3.0648070094769033,17,1.8351987963065661,0
0.373224658639618,0.933217443134508,22,2.5101587806146286,0
0.3497995778367697,4.4952896932801885,18,1.0208958342842078,0
0.5041295489163339,2.3902198439508133,13,0.9714682274436122,0
0.4188426372640449,0.6729491457056707,26,7.300343720534411,0
0.14932787603577888,2.186488833860719,23,0.9772429542081557,0
0.42927650515819243,4.0234248408071105,22,1.0735752545955743,0
0.30375490432494967,0.7371087149909594,14,0.8740156827997834,0
0.4296415880414719,0.7141309953702761,16,0.21361099122526847,0
0.4026009845138785,0.8323092648634636,17,1.219236926886227,0
0.5297006866204126,2.7375291532781674,19,0.9779746951624474,0
0.2710939763406,3.6272589411642406,17,5.062324684173271,0
0.34946997983465705,0.8422714892958807,19,0.4311081297158894,0
0.47864217980338375,4.478080369055824,15,0.18088573152993667,0
0.2474266532969723,4.245141248220033,16,2.4542537510774505,0
0.24677608513862104,3.9650198596359463,12,0.8175101994367139,0
0.5874471114761175,4.19158004525972,21,0.8848182831851183,0
0.2197688894266809,2.240379635041317,22,1.6717361053541266,0
0.0772258850380036,4.408708451145095,23,0.8700468968805466,0
0.13561294042934258,4.1656050117900625,21,2.3998198543107114,0
0.16413775100383993,4.702783493312813,15,0.3088130698977898,0
0.0678410584594271,3.456764844989365,16,1.8366666627998007,0
0.1267394274724251,3.27364054163376,23,2.136789718861335,0
0.09031322715695092,4.760143598054413,27,1.2796507094341445,0
0.18915524743553583,4.248918011527033,18,1.2802614631191753,0
0.6886544488441946,2.6513235700153515,21,0.47068382644763446,0
0.020583718647284102,2.387397546571341,28,4.803601483756541,0
0.7657370686270845,0.14076309826478314,1,0.7176810632877152,1
0.7112001004310511,0.19873620752072618,3,1.6237369561710149,1
0.12131293332488342,2.3382353713461006,16,1.0008342394905807,0
0.3615356802343392,3.6802704256206753,11,2.4861966645065454,0
0.35599416203083895,4.164846322718244,17,0.3297951271072622,0
0.2848626085365585,4.340721073310369,29,0.517015618029711,0
0.2951607598266349,2.3600095108232253,21,2.509553073721402,0
0.4353690865820126,1.595591573721267,18,0.5133875234892183,0
0.7284864968031556,0.19960504257664194,0,0.691310146636946,1
0.18204563378566632,2.131995728825054,24,2.6861560469095425,0
0.53926765033909,1.4750655295623258,20,0.7148541537217743,0
0.24442777237339672,2.0653365017399876,27,0.45727243580237636,0
0.23576050924915595,0.7763231482139062,23,0.8547048788057434,0
0.7696741944562497,0.14800501702118393,2,0.4964896883123212,1
0.48384696014507983,1.594003716911853,14,0.9623039624844357,0
0.17387277266821377,1.8184828105193707,21,0.3715009068774168,0
0.29743584414769675,2.617410653459133,24,2.663515493412917,0
0.10149773951764776,1.1521231177449722,16,0.3180285934100151,0
0.3093412121757639,3.600576357722976,11,0.3539988541256339,0
0.18439316088264096,1.8101999448305512,16,0.32238035992524905,0
0.2597229622433218,1.2057174380286289,20,1.0075140264080125,0
0.040602726545455874,1.4023145784593796,18,1.74415615279887,0
0.22212578235614439,3.717107719833019,21,0.22766081574516203,0
0.05903586226287478,4.276155314574099,24,1.4312638260101622,0
0.20059501766307214,4.456759248733852,21,1.887000621031262,0
0.246346598739574,3.3647746498140325,27,1.8143662963996194,0
0.347488810285799,2.9949387094728372,25,0.7511402839791294,0
0.2336752984027145,3.9327947706933006,20,0.42770695408419424,0
0.14113112082718182,3.933501118043175,17,0.598175872059891,0
0.5421514243502303,4.923684366876629,20,3.2832798209849097,0
0.5237401064396783,1.2282287151722728,18,1.6015099010142597,0
0.718469269985292,1.1453719915445546,16,2.3955281876991013,0
0.5233740384168825,3.2228755699511584,12,2.7911578174043035,0
0.4475584183381681,3.0635246006554016,22,2.5977928607852756,0
0.43598174419283436,1.9983284390122655,17,0.6669446805501008,0
0.25423971593829786,2.284260011215965,22,1.2950620004053135,0
0.21833739744752825,4.4753534611097425,15,0.4685657949118106,0
0.8743814240692105,0.09422577049098552,2,3.453592933680903,1
0.22944474539216092,3.0199680917663403,26,0.7927859458396729,0
0.18852076402736162,3.302234566964137,21,1.7278764491620946,0
0.170782652296317,2.2736210184846986,22,0.9925521688383526,0
0.38709898196834436,1.7902711532008289,22,2.309830134567177,0
0.25105233173796093,2.66673936719605,22,0.5153769877822013,0
0.3131347127504356,1.6989401198759824,17,0.49354460612003953,0
0.6961014954635015,0.18773497363344516,0,2.136646297849019,1
0.6255921563618166,0.1909765495962288,0,4.75165989953228,1
0.07052999840992709,3.7722314950035742,21,1.8104736322848576,0
0.3044529579202967,4.430770629021268,14,0.5206901954650189,0
0.104493168247348,3.64218067428718,23,0.4350407954936573,0
0.7527605509629378,0.13827470761649105,1,3.9840043010721744,1
0.8383877193871447,0.038715699289078295,2,0.04097189101341003,1
0.029192602099613347,0.7166701626155811,17,2.47053407182155,0
0.20772171430683264,2.4065355914732933,20,0.664609848096693,0
0.23526466619279152,4.949918523408611,27,2.933397851350882,0
0.3861408297074277,2.286871735251511,21,2.100009319892334,0
0.3312861887710887,2.8047086663524934,16,1.428245927928529,0
0.21194003885002707,4.888452742522721,19,0.7033124278161664,0
0.1532164874006382,1.832859787335876,17,1.480171272263087,0
0.11899927876327608,1.2736806298665866,22,0.9432988695145041,0
0.2824291343052501,1.6393805530510572,21,0.26937093684716723,0
0.7329826882314149,0.19706031056536172,2,168.44132943386572,1
0.19504138678650423,0.9900816589581445,15,1.2770352768224045,0
0.44972763069501875,3.768025496820038,30,1.2459479256218775,0
0.6085557249389175,1.5447784338873856,20,1.338248475733511,0
0.1838515205539589,4.704214841751965,18,1.2768712621074503,0
0.08614595089858075,4.258505426470587,13,1.8516137058410869,0
0.37218611673327767,3.7490844871767517,21,3.5205542305005135,0
0.39152318898172866,1.801706036138082,26,0.5822693228697658,0
0.4071581351461469,3.2185769927021526,16,0.31386715223294864,0
0.010394419034924962,3.6180525224256366,15,0.4651179191697871,0
0.23212339928809628,1.7502574271823272,23,0.36157181538130073,0
0.45001208623269556,3.427785119401242,21,4.072890376504222,0
0.13728546045373793,3.936172386306823,20,1.6019086635904904,0
0.1322697644100319,2.607077498577653,22,0.8749094714649982,0
0.2696602284857061,2.5960999032408716,12,1.944987781322803,0
0.9018743104690345,3.5072031658060365,19,0.5796841292896505,0
0.08786232559036533,2.776597150035631,20,0.47205647013857127,0
0.23586153399943754,1.3546213383724752,20,1.911693333881111,0
0.10904422012505949,3.672105657955983,23,3.8793540515925886,0
0.4631509850086584,2.3574634271882506,20,2.2927709812490766,0
0.544638949882299,4.218710577171089,22,11.285357889106692,0
0.37334722439155277,4.701425503152015,12,0.913367256693866,0
0.9172182607991379,0.01685710359608035,3,0.3037892403335039,1
0.1507158503219227,1.4122522603007577,18,2.3113893038061066,0
0.23986876985467945,3.395053243879413,26,0.2980325275039775,0
0.07642134168989857,3.096192145131734,19,1.55540178806853,0
0.3415245354754281,2.7974763645260774,24,1.1243636779945974,0
0.3535279027890861,3.4391925283274873,17,0.38987605444915147,0
0.10630296975601415,2.230578969695608,17,0.6132752502813941,0
0.9588202100905512,0.15211665152990483,2,7.2562469034076855,1
0.2329751997402513,1.4779213233659894,19,6.331151246249051,0
0.45312100346354367,3.3493301747089324,19,0.38140701648902053,0
0.5778173136491884,3.7381940814036185,20,0.5747890348292999,0
0.37522790796145955,2.177048124026199,21,11.260962703144143,0
0.3270063693085673,4.253835583057217,18,1.1141297670758639,0
0.09762060299519089,0.8775121031157137,17,0.3254360589978044,0
0.06871989373396105,2.367921964253089,20,0.588302036589775,0
0.14223055650849245,2.785384932819511,21,0.44599980176203613,0
0.0984311306757653,1.8023929688488347,31,2.1570394393437184,0
0.5803490677596236,4.856539106873438,12,0.8753526688105226,0
0.62521387104266,3.4446441450946472,14,0.32360525815668423,0
0.1800169723467507,3.0822454291422945,21,0.3316685872696378,0
0.4635338693791588,2.0771186028843864,19,1.389820598620475,0
0.635476981531941,2.1093448703642803,19,3.6147538064299956,0
0.24362176200525176,4.812337263307959,18,1.79262674571075,0
0.3302064566753536,3.5063691229175404,19,5.1004287099898775,0
0.2967588534593989,1.3557840169787476,20,1.6495311460802748,0
0.3327171769554306,0.879624207129235,21,3.798875615313571,0
0.7604659302213627,0.09699269495995275,3,19.191696733585346,1
0.049976045895842876,1.7438736246650415,15,3.5953600714137393,0
0.3227391950839133,1.0813388447483456,24,1.929254980534413,0
0.3237828828570551,4.700885453393863,10,1.2001363595521397,0
0.9601420805317502,0.05105911355587703,5,0.4036502314669806,1
0.38227378872385054,1.368966926613823,21,0.8898232179514894,0
0.2145455287623351,4.634749814777055,20,3.2896945162373084,0
0.28804306003828417,4.208738179420246,24,3.242662525355862,0
0.2928086804512538,3.2175674189392547,19,0.9413791531749653,0
0.2731565653911392,4.594130232200868,17,0.3865388706845433,0
0.6868695104593077,0.03776578110224007,1,3.414358251404461,1
0.052523173110443584,2.007693498492014,25,1.5741729653476122,0
0.5717513339950578,1.2824585708425822,23,1.1658266270424067,0
0.8612750104456003,0.13557459134353878,2,4.975096421015935,1
0.14205120685519118,1.2010491946794177,26,1.261132471447966,0
0.1330110735153265,1.3775977159731352,26,2.1227461434098545,0
0.1741672878621139,4.753433132308357,19,0.17734302001291616,0
0.227924488595298,2.345289271870474,12,0.7341014707064498,0
0.33897114086835395,1.8941452210870353,18,4.459601903333422,0
0.15913596980555628,4.527484650474972,20,1.9706173815821089,0
0.10047911733721308,4.682436624518632,12,0.6650162863651724,0
0.5037602346848399,4.896858985446636,18,0.33869016808602975,0
0.4355894019499294,2.091786789007325,13,1.2679689963369878,0
0.4023480517717646,2.6762986084490725,22,0.4513975282614503,0
0.7903222855206452,0.10066058105245394,1,9.435091478074703,1
0.48114532988473036,4.127240055791704,23,6.331678870382128,0
0.7633840822989634,0.15970261712426215,2,103.8851126533052,1
0.36589637306787903,1.0971089980549489,13,3.033338000868752,0
0.19202605042045184,2.76601223244515,13,0.8419024118985141,0
0.26614705052278037,3.4035352641931653,26,1.5376566898177926,0
0.023931841279112933,0.8736971659050394,23,5.613319610684794,0
0.31121884953376994,2.8191700165101032,20,0.39431585371694083,0
0.392431424481352,4.127807600836464,24,0.1420538965677966,0
0.33673875944606,2.0731696860339586,19,0.5184409236937025,0
0.2774440935263624,3.9739693808300602,20,1.1532747413401847,0
0.3657466958948728,1.0689046506934172,17,0.9897755646613121,0
0.03906921049553051,4.201993611430186,16,0.1002083257731695,0
0.09259916557945798,2.524714038966217,19,4.0719727038733815,0
0.17670470649949313,0.7543534876615162,24,5.770556146437471,0
0.5764076969995775,1.710180617035125,21,0.6221057420567825,0
0.06226518579359226,3.5153999172171817,18,1.5146824658042077,0
0.23179144542148603,4.2584746697124185,18,0.59733328313016,0
0.4958456810824466,0.7478188623183835,29,0.7941868579527814,0
0.23470679591908575,4.9374582945239265,23,0.9431197174914745,0
0.1735201095106766,4.6867688134304375,20,0.6401142321558867,0
0.3258116502877899,1.0973943951991718,12,1.3148720723422764,0
0.057226860176472404,2.2480579705766095,16,0.8751209605793061,0
0.3234390571272407,4.032839785447928,15,0.26951615401812123,0
0.14011541443052797,0.5854123179405665,19,0.38281916305570707,0
0.3865196426228783,1.887346365246862,11,0.8214202494919149,0
0.2999815315521785,2.465664163595082,18,1.1553243002319493,0
0.1413203383023024,4.028533214300688,24,1.340720117962382,0
0.5270002799123775,4.044287073542613,22,0.4752109187164228,0
0.23507987725374194,1.0978512550644113,22,1.3432213805401318,0
0.34864784313026376,0.847491081311619,24,0.7001986450719856,0
0.24853594033846418,1.3375907540434784,17,1.3832191096784785,0
0.37893788951009977,3.26386195887304,18,1.0095304057158585,0
0.14012596309659478,1.624130605681871,18,0.3225324051376295,0
0.0707594570953274,4.393609803234394,16,2.914995886173268,0
0.2710574795161223,0.8715789659809263,19,0.242895225438505,0
0.26136541568304245,2.475428737535803,13,0.537222621414313,0
0.24296049327768332,1.6144431424822272,24,1.6263186478766676,0
0.6596253282753997,4.023658625786557,34,1.2198488232645137,0
0.1184950754484233,1.8453671945225714,18,1.4023261567782688,0
0.184452522490244,3.943534240519266,20,1.7393404451472483,0
0.20316135110826025,2.094476250958173,18,1.4517223702533029,0
0.4133240637721395,1.8360565125135087,14,2.1651161566055763,0
0.48808745747782667,2.6593316060916625,24,0.8404171372121247,0
0.2186238443785717,3.6790103464011,21,0.9698898367040666,0
0.07113304067723182,1.0371326421943055,30,0.1968398482291449,0
0.07847144054014235,1.493069846737689,22,1.1584577351549148,0
0.833117056676622,0.051717234456202875,0,7.303172181557395,1
0.15391518984538463,1.6551588790985416,18,0.6474704099405537,0
0.36390636809041477,0.6227036597263944,13,2.3000213445273507,0
0.16456544555973748,4.963578610278245,27,0.5015689304762608,0
0.4910086348764436,2.112393573791323,19,0.9815672935673213,0
0.5197481123365527,1.0947298280616702,15,2.1263873251189813,0
0.41547972688728557,3.2825588605450884,20,6.395432325364486,0
0.07806635424167725,3.780283906316824,19,0.5629491631903617,0
0.29510506149468757,4.7199185151099465,21,0.7675065262016247,0
0.07901125627722187,1.9480041281221743,19,1.0403464002404064,0
0.25742762943699066,0.9282168158630905,16,0.7678561456543396,0
0.36558095146069114,4.077064456827302,19,2.2814171685929785,0
0.04127163583071355,0.6985951185046178,19,0.5372356922646504,0
0.02699826446378305,1.0670277734552356,18,1.9219598727196139,0
0.3476739041749229,1.0739195436036537,33,0.1709252549796648,0
0.20807917557790861,1.6239014252284925,19,0.7744018412983952,0
0.08860141467014185,3.2348269657383018,20,0.8937221439880787,0
0.8815319424215091,0.027246920231290203,2,4.417443858973571,1
0.10147908817199809,4.789936897013801,17,2.503959560494364,0
0.40418689098520205,4.455023071659289,23,0.3579970309646292,0
0.3851108734766383,1.2014826631970426,17,0.2424919785936994,0
0.060057526811072494,1.0199266541199015,25,1.4714177301276603,0
0.12425519536582208,1.1642042534873447,23,2.102708110021415,0
0.18964359470425837,2.5674300638732723,16,0.5761020245338264,0
0.5398867829173015,0.7554631215597956,19,1.2625570496342007,0
0.30572608205845103,2.8883418415078044,22,1.6504752023967248,0
0.14297952995027094,3.6353749284206116,18,0.9670042057233743,0
0.058667905964338615,2.7518913194233305,23,14.542283818688894,0
0.4126684486732623,3.6207506874911775,20,4.392741638672022,0
0.22235038168804033,2.649241256806635,21,0.9918147818456641,0
0.3779253770159679,3.1248033351381634,26,0.5797958769892788,0
0.1824621595046853,3.998626714634188,18,0.4171089221513748,0
0.2393592453582197,2.165033950096281,27,4.7661508159643375,0
0.2407714110242813,1.8047066572371542,25,0.7952294202644281,0
0.2556126043576342,4.267744654954635,15,0.42196573400422877,0
0.8931541787475122,0.18909044172239342,1,0.5045362380727648,1
0.8846803803144258,0.1604698301989373,2,3.4642922977409447,1
0.32439450860661284,3.445179758070666,13,1.8572911408800237,0
0.5881684389962876,4.23396312387703,18,1.2833085272893603,0
0.16279195249877346,3.4058721213973913,17,1.0174569660879327,0
0.39640953133400747,1.601386020398355,16,17.48143207252112,0
0.6497855851737748,4.615721867251798,16,15.94450884074642,0
0.6219470547010263,2.655594754488368,23,0.47118898069943327,0
0.4119606475304107,4.154399409753669,25,2.4505526058520166,0
0.1472802876274517,3.385161360650908,17,0.421102637337164,0
0.17783429787051602,0.9540875194065226,11,1.981602996505173,0
0.1784855574483702,1.7175556763858166,21,2.5781130146274163,0
0.37701103125435864,3.2917583631603025,17,1.6539897897195213,0
0.09522660409441858,1.0049993676878963,25,0.32977775133286863,0
0.5616940131702965,2.960382922581295,20,0.33309520777770746,0
0.3386081473836246,0.8050205332082944,7,1.1369236749446392,0
0.1009194387488057,1.412241233415829,18,1.053842295466535,0
0.27348151305928814,2.221343780372071,17,0.5476364511267837,0
0.2937965429440505,1.3906289560776652,16,0.6577866241673727,0
0.13462494041417972,2.797640626980385,22,0.6350540870746554,0
0.12443078333238312,1.8533617210238176,30,1.2258638105852897,0
0.4019285538187376,4.1201093860805145,22,0.7641722480032827,0
0.1787420536644166,4.1954331622478716,15,0.4120179637256888,0
0.15135160708840273,3.866850192192417,18,0.31814701985988325,0
0.12213133484137537,0.5736188277922298,22,0.23630596756153757,0
0.27118177650110353,3.9285482228924664,15,0.9308341513433356,0
0.5570064827434922,2.1103544478744785,21,3.0120509122761185,0
0.12386733300951115,0.5334961484847813,17,2.6662473467744565,0
0.7832638372638743,0.10371091740391593,3,0.1471719900030429,1
0.10089163630539627,2.8455899492784846,20,0.9881921480456085,0
0.4030555557593577,4.145765749414831,22,1.0931857472648006,0
0.17239304368290598,2.656625703009796,23,0.5407516913391813,0
0.25941677853655554,1.491709164648067,22,2.860837315065386,0
0.8533275965727234,0.04382161679941372,3,3.2729781655432943,1
0.236220706876694,4.387407185621012,19,0.6217159599871594,0
0.4865508444990293,1.647629615354951,24,2.083274520354353,0
0.06481059822700964,3.447046121826173,16,5.476833947845743,0
0.21897765110878362,3.357023350670389,23,0.642331536849683,0
0.10177654639351243,1.8014103588923365,14,0.40882954588902487,0
0.14208723981444074,3.8581739050899744,16,3.471027325290394,0
0.1909905227488464,3.7935887495533027,20,0.5271196283134628,0
0.9540618450886346,0.07457947952967066,1,32.40458485971173,1
0.20016623978435694,2.6378400595727443,15,0.6147044788352831,0
0.06172190086626153,2.0666720644113354,18,0.2898123967427283,0
0.5866229448377402,2.769667979666604,19,1.4325316213210133,0
0.025664295996157778,4.484034278813606,24,4.132520146749852,0
0.2162170517447876,4.5583835500551455,12,1.2955114951221605,0
0.5418147487448394,0.6824552918366815,26,1.470358688738767,0
0.2701750765166282,1.2852223605786348,14,1.0521345688728254,0
0.3996988562769025,2.120176089936547,17,0.7082092201353628,0
0.5139277814479503,3.522633281475349,15,0.6081073259320796,0
0.9215639881718671,0.08339966331732578,3,1.2104507696242317,1
0.04998652294167193,3.42887732201164,22,0.5048810152316375,0
0.06330756891934539,4.47847163959861,19,5.075815425188074,0
0.47286233203720857,2.7263093333097657,27,2.1380972506714864,0
0.3271025827028126,3.3505786647649423,22,0.3312194886376611,0
0.3067412043134074,4.197195609515949,15,0.5692707737230058,0
0.5068699835417224,4.374258543962391,26,0.3697099426422344,0
0.4547706335283137,1.95795066433703,16,1.9897673466381998,0
0.05850639160649652,3.6249579823589744,15,4.893537379902742,0
0.5353536946000919,4.392629077683459,23,0.7983676910499438,0
0.29499854282415394,3.6120526211092026,22,1.1131424411347144,0
0.19721964605390585,2.337035958964639,26,0.5105690076297811,0
0.47178107630347343,4.531736815912869,16,4.574233482361954,0
0.6283086186972889,3.7163910681771988,25,2.2518854453758133,0
0.1286580025195653,1.175575786753756,21,2.4929575188319837,0
0.42015865938797287,4.695076743580121,19,0.9776924601969195,0
0.41978772848874224,1.0288257326770238,20,0.7810819256514832,0
0.7731060598713914,2.2772755003162013,23,0.2552206519328986,0
0.5043133702015022,4.308544796715868,22,1.3465965298979683,0
0.5144811544273773,2.1037685793483836,15,0.8278425878695567,0
0.39125199594050947,4.1437989555317785,18,3.660258780353973,0
0.21028181800583928,2.4273814095991,17,1.0461636849713936,0
0.41357446059754127,2.6826737411945514,12,1.2596987688765604,0
0.3111339688880339,3.0046784576482066,17,1.7384547431341726,0
0.5520237968611204,2.1470323497773953,19,0.5354686119744352,0
0.24834925703212013,3.9807209609546312,25,0.3354116398888576,0
0.10078547915386885,1.239750816986043,16,2.291671428239261,0
0.9855804765474362,0.11870901134007919,3,65.53701247992136,1
0.31766101877492525,3.331520954295384,13,1.7968861871376605,0
0.2781858369169719,3.854433016813421,20,0.3022201998535659,0
0.07253895239709596,3.664559238739313,17,0.7243960631069326,0
0.7454991084420203,2.153932382129846,22,0.46843778407154374,0
0.2388593655811328,2.397709408874081,12,11.156838495479779,0
0.2906528766351958,3.9145475396860827,22,0.6361020161551257,0
0.4941473691592617,4.622997190649966,20,0.41643367679804527,0
0.3358287049184219,1.8673838448410323,19,2.0864116859802233,0
0.1612901958711158,2.7177371309032194,25,6.3596388700483,0
0.6242310531205311,0.09289393932195095,3,11.363840192249425,1
0.333378597367953,4.550895058600837,16,0.4630872924693531,0
0.926864089353399,0.08544443139053516,1,33.401200308555424,1
0.2161704749782091,1.2525500693090397,15,4.16278654337139,0
0.2586834152459581,2.0424101614578225,30,1.2215653303902108,0
0.19675243505079099,3.455581551295515,19,1.0100585978147123,0
0.3059263532172519,3.0281875387215713,18,0.2583552245076868,0
0.09894502542420135,1.843862533492842,18,5.719239839058866,0
0.8620325324441273,0.06393969679592007,0,2.5114581735523616,1
0.20088177069305665,3.0191978788494973,18,0.2052105364740819,0
0.20245954963111246,0.9583617389136878,18,0.19724337190258412,0
0.3162623277500051,1.3875547400999007,25,0.620466869687891,0
0.437732695067647,1.790699203048197,25,0.3659501738775468,0
0.6644027225826289,0.15943837893784762,1,31.76707467620885,1
0.3989919778678776,1.8939358777643656,17,0.6141013009955245,0
0.4593240293784961,3.3656584354629286,13,1.4101903250107681,0
0.08529841259728131,4.213522210843984,20,3.43809785922418,0
0.3208578655997184,4.706378065668489,15,0.7896142207326105,0
0.8216046489837574,0.035574956558578924,2,2.0088921174580374,1
0.1470422277659016,3.2252122616032195,17,1.223878345830545,0
0.16696818181031015,0.737320533300823,21,0.9659122773923151,0
0.2934249635257059,1.182791479657671,28,0.8309325419371049,0
0.22350600665583592,4.972479128499754,12,1.0925999498758865,0
0.2511022496387237,1.9248274673124497,15,1.046055623671287,0
0.24054502427201568,1.2037414929508585,16,2.678644113400613,0
0.10605847032889132,3.7800387190659372,20,2.4967963096056893,0
0.9591645054346298,0.1251806010756258,2,4.668517823964235,1
0.46938521636409936,4.873820129107829,19,1.0853591145664967,0
0.3169423645691178,1.8406795913654703,19,4.319586060456654,0
0.9393278869116483,0.08126425446580389,4,9.42498227805514,1
0.33695635133318724,4.803417499845758,19,4.594025540650846,0
0.11474864658142121,1.0786090513554858,25,0.2151059785296209,0
0.30446985445875074,1.6077282688577292,24,4.063026962552152,0
0.4263776791533286,3.9758928711081856,16,2.5842689816360016,0
0.6436237413079919,3.4236298291298106,20,0.8041968379646943,0
0.7980774343118381,0.14561521088138796,1,11.068859556400744,1
0.4076185433414989,4.568240100947524,14,0.2820733913598521,0
0.10286974628591182,3.222694762769183,19,0.8549634571964068,0
0.1908998979982101,1.0645934061758795,24,1.4070110755277916,0
0.7313080660662395,2.866321755828415,15,2.046052780771663,0
0.21639209599295223,1.0935949672566962,20,1.4438116551780622,0
0.5085903300867445,1.4781561089839255,28,2.2598152850000557,0
0.13209229671777534,2.2931663126854063,19,0.6621396038511527,0
0.39228016307883773,3.78954972766804,16,3.9438933797361013,0
0.8830099468584243,0.03426123720340686,0,9.747469266079404,1
0.3333388721494701,3.7717518463940016,22,0.91272103925786,0
0.23004103622874317,2.5945800533622703,28,1.3949382900658196,0
0.30184283263579686,4.42208316170138,18,0.24624726154652726,0
0.16293351172932782,4.671614717403038,21,13.779537068114445,0
0.07250924320076678,4.461773119419618,21,0.6908246548875642,0
0.3595428108278928,3.7818585304546986,22,0.904863766509146,0
0.229632975058763,0.8835363994430665,19,3.686423059710974,0
0.4374331493001777,1.9576258632171146,14,0.6588585507183174,0
0.5279588800921994,2.563756588506435,17,1.854362313603215,0
0.13930374428544676,4.270471795660316,17,0.8683328812445376,0
0.4268710363761092,0.19460213633988033,0,21.710945875223313,1
0.13114670447669302,2.631710368169803,21,0.17069241139637195,0
0.17172092915979198,1.1826708893915523,33,1.5703390351970692,0
0.08792815065062486,2.88603502237463,17,0.8163511855361191,0
0.16010009659185598,1.8768845894103001,23,1.7649864902440175,0
0.12385151639724669,4.456450718427785,22,11.021164832161272,0
0.3251165003421499,2.8756622560191167,18,1.4294185763991387,0
0.23666935813594528,3.0670333115849315,24,1.6036354600937814,0
0.1898699457798841,1.6011119958356341,22,2.601865637253473,0
0.23224659151715382,2.9270831075520505,25,0.26698621813161066,0
0.3364964292802057,0.5801803001163295,16,2.595552854227512,0
0.2990055507695767,2.643903820557051,25,0.31851196662976056,0
0.33439649476711253,2.996340676779367,31,0.5043241097744814,0
0.23041037693580874,4.887521720079175,16,0.6114775708160639,0
0.16453201135316553,2.7224820241849663,15,1.492789250646266,0
0.33514384552079346,1.0697769343884622,21,0.6129995283714456,0
0.4060937617365598,4.7174727822999305,22,0.6926713744983496,0
0.4301710785566295,3.1319781528611603,22,0.3970743633395697,0
0.17863973625558438,2.9220739800086535,13,1.7918913097222529,0
0.22054156121592897,3.1143376310565345,17,1.9548317322897653,0
0.9463059785732398,0.09143132976695328,3,13.642447341919357,1
0.046821243316311156,1.2467893765464706,27,6.5779559773976,0
0.2526390624444825,1.0392453316330401,20,0.939808086005444,0
0.1470300285342989,3.9473841382244337,24,0.921421206464482,0
0.7473884194760735,0.04607810870099225,3,19.38990793500926,1
0.6350628375893906,2.3287733337708527,29,0.9509399179359364,0
0.36212784718211977,2.214527479691349,18,2.840095531852793,0
0.19482826871356484,2.123845103857974,20,0.6785647429504366,0
0.39270977181542194,4.4855384949449935,14,1.1244672128735056,0
0.15580954702108143,1.7777160658973772,27,8.738373907809494,0
0.32483790519753164,0.8077211416032519,28,0.43639844064953165,0
0.5365427283191802,0.9795169464398108,17,0.7787035264557158,0
0.5751217024152233,4.812651017450403,6,0.3356945137105544,0
0.16782655555647033,4.591521673155275,15,2.642366247316894,0
0.05450790893108385,2.3949242786813882,13,0.49892607647012527,0
0.15123694492553408,4.081722875726081,26,0.2926858806461249,0
0.14637136776149676,4.821143048855936,21,1.4145997136327904,0
0.3993644517689218,2.970115039616944,17,1.597785847213943,0
0.9164625652894254,0.017046734869632405,1,0.5157896063783484,1
0.042463670559339334,3.254605060587176,21,0.6540007592924509,0
0.43009672093052265,3.361307216587798,13,2.55954519572124,0
0.3540649276828134,2.3035592524302215,24,1.584264381719419,0
0.3869322586081304,2.187433908213725,29,1.469856629785284,0
0.10075448363240015,0.7124374242314754,18,0.3233189259324508,0
0.2736438487394429,0.5296800803881243,20,0.3036496665179867,0
0.43780887780632266,4.43044702889094,28,0.32936006029092235,0
0.2691052487110979,4.263440768938008,25,0.09852824961767084,0
0.3709436396791709,2.6311033415115443,14,1.020275088058491,0
0.25198430846294556,2.5187501032645963,16,16.882979391798564,0
0.2877208059206011,2.7867437233445504,20,3.486058117201512,0
0.8807121918677194,0.08235491778213291,1,1.558277538655472,1
0.3018976570228689,3.397028339518677,16,2.470623784177382,0
0.8203886764590175,0.15588203293617908,2,3.445382735572091,1
0.19100433331778746,3.361827559957753,22,3.5127261221683805,0
0.7993470356185698,0.013244311374618884,3,2.3795839860653536,1
0.2751830158177675,1.0213273511522174,18,5.25253925084133,0
0.32863513523445226,1.5177071904123296,22,1.7267364671703338,0
0.2970309068629311,4.645686705408931,27,0.5514197734608778,0
0.3529304374927351,1.111734997204481,28,1.067630914004471,0
0.21729179893699124,1.2458315005545766,21,2.893073943463905,0
0.4543503662266589,3.5109772684750205,20,1.2069046595235824,0
0.43759011374402645,0.8900556896624141,23,1.7827222029805667,0
0.081989186543251,0.5429794795982386,18,3.3066883850156628,0
0.2039499124619266,3.75877982994999,19,0.5865863786135559,0
0.22415050621296023,1.1384313719016081,20,1.3105368624820488,0
0.211806444624589,2.787945811676766,15,0.0579197624827422,0
0.41291248872002506,4.992219950546593,16,4.6210182034685525,0
0.2969769712359223,3.1780076403769986,21,5.913530795545488,0
0.093522099880372,1.9076046067838797,21,0.6408807036287949,0
0.33474820543243866,3.7809894578578147,22,0.08011715628541231,0
0.2640941593360543,2.506194193875471,19,2.085128003951921,0
0.34632898787991656,1.1516654962246355,19,0.9635807652362559,0
0.513647902321885,1.5173517885306342,8,0.42604116366548644,0
0.23836580745154531,0.6417187406422076,20,0.1750408643450624,0
0.3689082718864129,0.9913255822740114,27,1.2714477997233657,0
0.19146099417779958,4.295659767629761,16,3.4613633450362054,0
0.32982752506567964,4.4061067446079285,13,0.40529159896123507,0
0.16519221067924117,2.075628892903659,16,0.1859144056059634,0
0.5963492101640658,2.2147904236477634,21,2.1585314463511547,0
0.6670086124577722,3.8986129388697193,21,0.08766942779396594,0
0.6937613151496327,0.6021516458946983,28,2.213435907693333,0
0.3578850521388542,4.51559472246495,23,2.0008243249716164,0
0.08495544842273282,1.7129942074532911,24,0.3855577355577788,0
0.11567353303268396,2.158040775772405,18,0.36567592192916937,0
0.3429326533858189,3.3329981387301726,14,0.40712839535568635,0
0.7993984586388833,0.06792517389116881,3,0.08741982908533338,1
0.23358122967461903,2.2129847011894936,14,2.384592562912846,0
0.655469949485372,0.08031752013610689,3,1.460495422002997,1
0.3659103378726083,3.4002666653393945,16,1.0059252950040918,0
0.3402573656768101,3.8735166165885926,17,4.136879023839584,0
0.48203259167145124,3.1271763065341833,20,0.8825766794631806,0
0.3409093287072246,1.5786781711084585,21,0.9380138214506976,0
0.1807544751306983,1.8813922922461794,17,0.30482457449090083,0
0.45466181220468965,1.2536149814082733,25,1.066205035227516,0
0.08407732876270566,1.6495727690375834,18,2.0039667104752192,0
0.6724565177090217,0.0415489734568239,1,5.679082241491094,1
0.028450068258546516,3.607156766296404,28,1.8279595455260873,0
0.3841659354214466,4.158492073734041,29,1.2168836207609093,0
0.24173147306114207,3.051509128682076,20,0.2629254087741136,0
0.18553110160203184,4.734042260138317,33,0.5988106472492744,0
0.5725208704111411,4.413310201150952,16,1.524568566164627,0
0.07768882408757202,1.1391341519723515,20,0.8476158784585632,0
0.8698736815852396,0.03683091361594296,1,1.8337354753215132,1
0.29241874568279264,3.8510731313603994,21,2.535815184841148,0
0.15279855660544353,0.745138584612597,16,1.1391674624873922,0
0.07184048263506405,3.311794449201665,17,1.3453453712073573,0
0.3545186174378472,1.7695670718588403,26,2.072931700268599,0
0.08876374297374391,1.107739520190462,24,1.218909353898292,0
0.17191044283660514,3.036490163130979,17,2.183180729554525,0
0.06452574128205427,2.727637264658359,30,0.13250144075855305,0
0.22602260380421416,1.2918143212601936,23,1.2294449351161747,0
0.49716515719179105,1.5519035790374336,18,2.6095391245111212,0
0.4854141412302189,1.7940249005032674,14,3.2647864482851268,0
0.2912654719496596,0.8537591505471503,17,9.281020092688678,0
0.0697195053019128,2.5286430906654753,29,0.44543761217133,0
0.2748227934453409,0.7406530702335502,25,0.21676555409836015,0
0.12264585535657443,4.627621943686108,25,0.614914260839901,0
0.1844408108965073,4.642907158303229,17,0.571160424177436,0
0.08328471136605829,0.5928594121255977,15,0.31103286864887664,0
0.6368088213574736,2.453819858328485,16,4.258697004573056,0
0.2587277741652463,4.615200216562673,18,3.0510826015302257,0
0.2513161878386252,1.3726894135578838,20,1.4437361170160508,0
0.09307798284424909,4.008661934242101,18,1.4203990978061067,0
0.15544757584701283,4.057597820528235,23,2.7448179921729285,0
0.32359506630122103,0.5435346258627347,15,0.45813693350416146,0
0.27995028878511374,4.585296973857786,24,0.7645331753751742,0
0.18936640634883664,2.131180544704584,20,0.8572333147354736,0
0.5952669596028894,0.610963266029285,25,0.5036369988508005,0
0.13308615952109876,4.095454489832069,22,1.2407657242136005,0
0.688059621380295,2.402703323717862,23,0.3132238484302548,0
0.504870303308332,4.0882286313779055,23,0.3152069575922169,0
0.5970729254878697,0.026348657383098495,1,10.154544834591603,1
0.3728856569833349,3.636487943955961,21,1.7945596942763324,0
0.355856743998382,1.5784871024496578,11,0.8526772885093725,0
0.7478511121738046,0.01135793727115421,1,18.69080047524776,1
0.8417969810134354,0.034410522066466324,2,0.17821908901773312,1
0.3764529590688882,3.5295547887285847,20,2.5064182696853123,0
0.1550372561427189,1.5415023576467484,18,0.9349393594228947,0
0.22605769209669727,3.5242822139505403,26,0.5660278254638242,0
0.27279990598496207,1.792500652602118,29,1.6984000762710767,0
0.254277743822502,1.3138164802527572,15,0.19321982939522483,0
0.282705923938811,3.321390016444773,17,2.3261090291414135,0
0.1264550113107524,4.743171141577575,17,1.4084973098383382,0
0.1922355939024154,1.8234834379580696,12,0.6931206141361391,0
0.210988248468824,1.4167791266608107,28,1.8746578903085083,0
0.023460584060572318,2.9063688001992896,16,15.403768375339677,0
0.059232238386613394,3.4329858644530247,31,17.235745408935312,0
0.12373288438611908,3.378640009677367,27,0.4971833412046763,0
0.2573527519686352,3.463933351354374,12,3.070346711975777,0
0.6214801988672664,2.9335454323849963,28,2.809562419052825,0
0.35653609853625307,1.705126769688471,21,4.418885649618274,0
0.788337417169523,0.1476076818611602,2,21.821641087427636,1
0.3987429210309409,4.889344586254673,18,0.4366932567625918,0
0.1270027350921125,2.286329231668712,33,3.5868955151241617,0
0.13290893983680047,3.970239656818965,26,1.4490338116151038,0
0.02910683069711246,3.3981356352734866,28,0.7524837770399804,0
0.38182089466625424,3.8107067455986483,16,0.11145182266989666,0
0.4951894114912173,4.175092297530729,16,0.1859833842003462,0
0.2708865366860411,2.6468838282324745,18,1.6101356865076821,0
0.49980774169199266,1.016300123369909,24,0.38459474813578504,0
0.06783727844109687,3.5936786240917202,20,0.37860063734295407,0
0.5072895753710625,1.3956469454376876,14,4.000901585705167,0
0.7578455507729883,0.07301220810741006,1,1.8852020122267577,1
0.7270371416054473,0.15463556803016446,0,0.22547498622508924,1
0.3762613061092808,2.8849123337435767,20,5.466679021737894,0
0.1037975113640768,1.9263550330620838,14,0.2609782774990513,0
0.5444528368923094,0.9398265588782337,27,1.9379946768002851,0
0.10002098840266947,3.351910537531248,17,1.0533641483363143,0
0.36350687574709967,2.8170738252623773,18,1.7008885998761143,0
0.9107039489372736,0.016423677670009396,0,142.94149090870206,1
0.1913102257596969,1.172083640664956,14,2.0935734269243733,0
0.5277990111107829,3.2989083145857485,18,1.2323071157503438,0
0.12211721341713332,1.5608464976753083,24,1.2474740402654452,0
0.6261351987969991,0.07650334576660166,2,689.9585074883051,1
0.042713610203230376,2.6554814548006522,22,0.30161720410611553,0
0.3100824874068483,2.7867266144807066,14,0.7478694604067537,0
0.4148808926955665,4.794788112201467,18,3.5131758723259923,0
0.425749790996093,4.162037579073787,20,0.6911485653514755,0
0.11816691544403787,1.6755386923499536,25,1.0846009565097523,0
0.9372719478512884,0.1257648546572338,1,0.1289649621935094,1
0.17636250933127934,2.5773199306810275,23,3.236991561173625,0
0.4782084939707456,0.9335046611087168,24,0.7512343982627785,0
0.3443780324831703,3.6786916660893105,14,0.783306174554395,0
0.32930619882688444,1.248170814351751,22,4.731214698516813,0
0.08835487434119346,1.0774988018710192,23,1.9419856111385159,0
0.12335845303053358,4.834104793287803,24,2.32900802709052,0
0.6312582156815286,2.291925906343497,22,0.18796073744670794,0
0.19824831248062832,4.185132891535625,16,0.7079236728695237,0
0.2883306967863738,2.8707936617634306,23,2.8882356620933445,0
0.19905902703694656,1.3480317149246375,15,0.3006260637949886,0
0.13228498091061835,3.1624392215000077,19,1.85102970842883,0
0.3960265910120427,2.7755726262217486,20,0.8873216722100682,0
0.5759528043511578,0.5023752965862456,16,0.6769652900885437,0
0.18522615323030134,2.2585524080311608,17,0.8327036000501357,0
0.40908858765817424,2.293555303525772,18,3.379756455631967,0
0.36828628442931055,1.858527600947887,27,1.029862245870956,0
0.17058191684775073,3.6740911301458,20,2.1874596882648736,0
0.3035332366499433,3.190112885368217,28,0.46104162254800063,0
0.08306599651570723,1.363412042875652,17,0.2215511326761552,0
0.3143820159336203,0.9302447263673339,25,6.30232983557424,0
0.24677330681249032,2.6441830329912355,23,0.8042992630796373,0
0.7883282120610672,0.12867113186550566,3,23.166781351852357,1
0.32438665626299484,4.7477069092904625,18,0.34287801121726574,0
0.14181513108971722,2.77137739069613,20,0.6745698120046781,0
0.2765820163096341,4.8043897655711145,14,0.6782843744352234,0
0.7072908792024226,0.190342363244921,5,113.8336425393845,1
0.5395762564410819,1.8091433769496792,13,0.4181715150355415,0
0.07910003543825915,0.6884435731661409,22,2.008645075880906,0
0.15806405918358035,3.400281853030279,19,3.568307456404243,0
0.3592788995034868,2.0782840288093833,21,1.0857199542414053,0
0.43212926362639276,4.375626080004177,20,1.6527505531285709,0
0.1991035714062709,4.203132756953698,13,2.4657940489724006,0
0.1075826633532249,3.070912272423052,14,0.362608909080427,0
0.42426735169951346,1.4469089461570164,13,0.72626447721525,0
0.13779518353200393,1.459318660969246,22,0.2481725296552952,0
0.210312119870564,4.446818749813547,12,0.8249312934618263,0
0.5604151728500806,4.303755001304408,16,0.9638169322111507,0
0.21497014341565776,2.2783657900136327,15,1.2768018772275715,0
0.14499071790665247,2.8978286681656553,14,0.29410308675199215,0
0.8447697959085533,0.06346438075088368,0,11.896870514462277,1
0.17683053609237495,2.936645833963541,18,2.496523931676699,0
0.21222365374628133,4.491119776746156,28,2.036397404026511,0
0.08239995298777926,4.617855818599438,13,1.1371357909482513,0
0.5850157699593865,4.565732941373719,24,0.9963498749703851,0
0.724842705868451,0.14793798974953073,2,1.290800299049436,1
0.30236261763209576,0.7079206894254195,20,0.4580986898687482,0
0.12406761786121785,0.7848160492807766,22,2.129438507734266,0
0.42426000539642367,1.6023533806100254,18,1.6217416969126297,0
0.2179491716511463,2.4997605724454552,22,1.098840834510156,0
0.32672313481494386,0.8961324776292465,15,2.3383892435483173,0
0.25180921962353026,4.091551351116161,25,4.67822874960495,0
0.1259910593746543,3.8045114513258924,13,0.26583244716232424,0
0.07756604355740115,4.818981880652989,30,10.766174115839481,0
0.2211400333734343,2.8323422765880975,25,0.10219904073733165,0
0.7713816893401182,0.04321045647286162,0,0.2896479126992799,1
0.2571997204301094,1.84135799712231,18,0.33368855549273324,0
0.3969978509450032,0.974281604106774,20,0.5167711816525342,0
0.3800504053380306,4.426189318662766,23,2.276500817788227,0
0.17627069193794515,1.8236488823864292,23,0.38573170618324365,0
0.34617944937448136,0.7233841472734343,26,1.2931084708812304,0
0.28940014406147996,1.9830412969301103,25,0.5500572018835451,0
0.09151612474734827,2.356299644121205,13,1.3017531874704433,0
0.30951325976799476,3.0754496410080767,19,1.6197750229736325,0
0.4322797444800553,1.6637325005577803,27,0.41181889800013344,0
0.3741169391781617,3.8287913297769425,23,3.0539164091821895,0
0.3549243692781437,2.1882774961771605,16,1.2902266178856276,0
0.40506851161488316,1.1246300779663412,21,3.648712144425733,0
0.5889300685140848,3.0176881593193015,28,1.054707978761098,0
0.5769568576664892,1.5047708089124188,14,0.18667243957362492,0
0.048329007991798865,3.164631155763956,25,2.5438887185558574,0
0.42818336419913056,4.485975760611257,24,0.28110410243718764,0
0.23096439664704616,4.586172402516269,15,1.238783740326529,0
0.29604440999532317,0.8859378999970924,24,0.53278574107904,0
0.1404042645337765,2.2479021904039955,22,0.611392136495816,0
0.4558159924176861,2.372342630802108,18,1.2977245879411796,0
0.2840891322822281,4.705108518446801,26,2.130738933637632,0
0.27624169170099866,4.91852604692897,20,0.3324495820453678,0
0.3384990930810829,0.7558875445413669,28,0.6573710345300431,0
0.3050935415195132,1.3810054843901591,18,3.513060825836448,0
0.2947976228626071,1.0373777265993736,18,1.2606761370248947,0
0.2882308279151138,4.329621647801632,21,2.43591921802189,0
0.36488379395453907,2.426362306154507,17,2.29290088482777,0
0.45138423607923944,3.0904923667288733,33,0.21255972860729494,0
0.1356312298030773,3.9229226256514393,18,1.6779932672475566,0
0.2275660738191415,2.247241908677371,11,0.7488667727357334,0
0.19324520675218462,2.0230542873973825,20,0.6706411457721742,0
0.22094179424482693,3.4644146344165927,17,0.7417822683999223,0
0.2116646241783359,4.530735759408959,26,0.4852994195510476,0
0.05764260122390466,2.6914611048051897,16,2.605420453079527,0
0.39809584186680447,4.828493021863045,28,2.4190521850343734,0
0.081511747928447,2.837205603827809,19,2.1152022276934574,0
0.05583682671495686,0.8280832537514249,18,2.4609236156134577,0
0.12905212519644282,4.692534792053804,18,0.23649448226031855,0
0.20912214941607538,3.8517691724167773,16,2.0222226052235057,0
0.10458296250240712,1.6075205843235494,21,1.6811046094367847,0
0.14007611549882634,2.356538247552959,17,0.416523079990617,0
0.3598881098962007,3.444114360700443,27,1.1025263043698843,0
0.5924252264115363,1.6608831206770112,16,0.5951168850585634,0
0.13561826735605706,4.574461914335645,14,1.3489990046959832,0
0.5202364505955486,4.423424536712197,16,1.9128171418361237,0
0.22689355767538855,4.196397552007235,15,0.8770631019321602,0
0.30598161471864427,2.370237412462806,14,0.5217929141252935,0
0.9350994792389814,0.17898449468800673,1,46.463681968880095,1
0.23828492862195647,2.763286246331364,16,4.00342771322634,0
0.796729251631813,0.02589812880657532,2,1.1243991663733421,1
0.9703793232579019,0.07865871498328769,3,4.664400163451681,1
0.1385988402427296,2.9177581811352127,21,0.7638822744860893,0
0.45855112272438586,1.8353455824877787,24,1.136408096211787,0
0.026475900217708712,4.744232244088227,15,0.818845171434224,0
0.27780653414347967,0.5407323879013837,16,0.9373293285625385,0
0.30001331514452734,2.6325186775512237,20,0.42870323303543345,0
0.04664737908764956,4.960877367015293,8,0.7964417937814755,0
0.3751274517310035,0.8315325437946302,28,0.5013786230079594,0
0.240716600197898,2.957920715907954,17,1.2421785848416034,0
0.07089354446140617,4.364953535096267,21,1.0284210311232045,0
0.033920704823748704,3.7803018446872954,22,10.255777885849657,0
0.15518620300654856,3.411220122823163,18,2.3632311712159644,0
0.19691225364269943,4.15172271865373,28,2.819278331611684,0
0.2099599555062421,3.636541297037015,17,0.26535161446116995,0
0.7372167777738405,0.053360309884663414,1,3.0062953128139207,1
0.3116643133219472,2.6100018251733,18,0.6501818567123341,0
0.32649339645140585,3.2538818772918137,23,1.3567791693345397,0
0.24613488998675725,0.5873001328472112,26,2.677755854847981,0
0.3516916226449943,1.8141885773472752,17,0.10782548832893052,0
0.45327207186311413,0.7076131645326661,16,0.37383359186852916,0
0.1544504482654689,2.8963818443644196,17,0.4472435276312868,0
0.2995857347330132,2.2925124812290623,22,0.2881754765946659,0
0.22377026473632367,1.8778478981905293,25,0.7899943627659772,0
0.8243958408820556,0.1486692184622041,2,64.93194995286682,1
0.2130668697339928,1.1159599538590443,21,0.7042975999034282,0
0.4785592717143652,1.7518220406292602,24,0.47416981553681725,0
0.1910922270212077,1.2273463693302964,18,0.18073601066580935,0
0.004402703965654353,0.693275739575536,19,0.5300222185353792,0
0.344062338195671,1.9034539879461154,16,0.21798713892976013,0
0.4463021416373004,0.8913441448226733,17,0.9405489153578267,0
0.14977339081972982,2.3430605061817342,15,0.15611028514597203,0
0.9222690556664702,0.09462915432325578,5,0.17814146334058292,1
0.37637575195570566,1.7808745422823982,16,2.182832648774763,0
0.19224544000357638,4.730089458392869,32,0.6207308523878803,0
0.12058744149389419,4.598540572354693,23,4.0408588230224955,0
0.6032419481632796,1.1662862953616435,27,1.073272793800881,0
0.29935436027134826,1.4858493791059004,25,2.260911826479905,0
0.16136155198895433,3.1983499864740814,35,2.4333280577707375,0
0.07820935125652893,3.334419253470768,18,4.929595345445862,0
0.2823652997004531,2.534799474637272,18,0.4700872871924982,0
0.1431318650699642,2.8157830994349444,18,0.452965878438674,0
0.3806678896993274,2.8907444074630275,20,2.20901751650868,0
0.31094702795988133,3.193632637698069,19,0.3276561413587607,0
0.4275666702617622,1.4157874053594415,22,1.1815301135128615,0
0.28152026552846005,1.166665904989987,18,1.5242411172718588,0
0.3205066485607437,0.9906484433879001,14,1.0480130484958061,0
0.3839540874762957,0.7131086612550693,25,0.17784225840514592,0
0.09934099613406483,2.057574631634723,21,0.6543724372015772,0
0.22216664727760768,2.149291074681435,22,0.3168615080248216,0
0.47112875227369,1.2312102115244536,18,0.9856676809558317,0
0.07979696550111812,3.3888295577541134,15,0.9337034642444165,0
0.2483669112053997,1.0879461299121442,28,0.4020389925707518,0
0.23347441210653327,2.3006246231749428,27,0.41812336241321163,0
0.19563305601760356,3.1219151140302017,24,1.8095442784733946,0
0.2874164450483084,2.5866517742279154,13,0.9284275189434438,0
0.3644870081149544,3.349274820212887,28,0.8158656883436693,0
0.42943296324018154,3.513789844075126,15,2.8662520100706694,0
0.9182243357248366,0.01070825057214905,1,11.50268968531409,1
0.19722026201626452,1.0852115234660726,20,0.18923162605284646,0
0.23122675199019127,1.3985463040597415,28,0.3606325696782533,0
0.4183037153961116,3.3108151709223947,15,0.7865941790340596,0
0.3190839206173819,4.2986847630894855,20,0.3926976891657442,0
0.33818459161815073,4.827225078930478,20,1.326024028609357,0
0.4297800245435005,2.9658092533604394,21,0.5230867361424176,0
0.11858056597111946,2.987847113694388,19,1.5474431051399273,0
0.0648943447739785,0.9741098414717555,23,0.3412252990694083,0
0.4120283053064541,0.9994951273893196,16,2.941059107501925,0
0.27486978522755945,3.9458001875740334,21,0.3658221708699279,0
0.1883877398883113,2.2993368746635627,23,0.8210002992941308,0
0.12587215287959164,2.8893336813641293,16,0.4225847037801091,0
0.9680916694943105,0.15691642333624017,2,0.2941219708620885,1
0.42095975740992686,1.0316831863582263,18,0.4079998581623651,0
0.26350546523111307,3.2669954734108764,27,0.19554229729257805,0
0.11887636771727753,2.0166879277042593,23,0.22119127131864844,0
0.10617588320569205,0.5688699164536253,19,0.32536262066971405,0
0.2480007784865773,1.1036822655074365,16,4.7700387111716385,0
0.4168858386996642,1.914934395828542,20,0.4598177632525986,0
0.2897023259482359,1.9112982329314607,20,0.3341512148223244,0
0.514648430288034,1.2493640919659041,12,0.26101403617965585,0
0.4947940473040245,2.9443683848434765,20,0.2687298902083483,0
0.7371952741609683,0.04947380826352847,0,148.47816759536505,1
0.1475808735018447,2.2391901347155025,22,2.229383303469098,0
0.2797916892096438,4.93935077895144,16,0.7388955282962458,0
0.051475767135376924,0.6180920089147692,20,0.28999970540918,0
0.10217792189301542,0.5667683607714968,21,1.951244334637679,0
0.1384575047936164,3.8926108004033098,16,1.402422623491836,0
0.5043391481521353,3.570039442941324,21,5.177871756359282,0
0.6673418778474278,0.0420748432739884,4,3.388514521578315,1
0.3414811657246058,1.7969303947416486,21,1.1429360595588722,0
0.16421369949891634,4.848533835144665,26,0.13384210123118306,0
0.23172433084250338,2.2011342875778412,19,0.7992726375415511,0
0.8875449603439018,0.13637676661075337,2,9.730407026266764,1
0.3824396860392039,4.753249538162488,19,0.46182643114425664,0
0.0873199831806316,1.8902092979773484,25,1.226309621078696,0
0.10775357498770029,4.6495742840553635,18,2.7025531027709913,0
0.3657497553053219,4.199684847993927,25,0.33359748141349044,0
0.3047368597025755,4.139191239544095,15,1.4107983938116664,0
0.4417859287682998,4.810872311310539,23,2.88611239732559,0
0.37175568555871674,4.752252370042949,18,0.47409443491277176,0
0.029825308658336883,2.545170344905463,22,2.069883419743834,0
0.4356646508247791,0.5759370704289182,16,0.2063929306353802,0
0.13971118762970008,2.403390644646551,23,0.09504408452667389,0
0.06515182463075153,3.084473640524733,19,1.1720139379717174,0
0.1347364637301231,1.411463204040206,14,0.44022145333467316,0
0.6877624203519735,1.337142842067622,19,0.5886559511796172,0
0.14347750732188672,3.6806787982766447,20,6.499646944787525,0
0.17508845570211712,2.5684108784729482,20,1.6998317657353599,0
0.32440401323246626,2.3655942757730384,26,0.5471409665041108,0
0.9301283796275879,0.038587972214757384,1,13.463458063145575,1
0.2581962938548685,3.2828349506091477,14,0.21204164913591556,0
0.07847920455650889,4.43944583216464,22,0.34417678389485606,0
0.26644041237805494,2.439673690685053,21,1.6697464124429162,0
0.21106320403213152,3.6112996485477318,20,0.7325524191982153,0
0.2440554441811173,1.8033100601226209,25,1.5117915320402306,0
0.22990920275166188,1.65441722643969,18,0.5964797110278787,0
0.25368659724041204,2.4525825951290994,17,3.140014099805436,0
0.05607797970302592,3.7045944958023354,12,0.8956134042754126,0
0.7494064470623664,3.948250354507191,24,2.7293536154816582,0
0.11761981787338215,2.749370905382353,28,2.1364940747630237,0
0.43617502550075465,1.008622625718827,20,0.9093129761551549,0
0.39457380186398644,2.418094687727933,26,0.8587290587185717,0
0.5705963852163756,2.190934023980345,27,1.6559579657839185,0
0.9671124285591639,0.06700942009451136,4,3.9980559054002773,1
0.17693514559686507,2.7268385465450646,23,5.523849321464058,0
0.33432963551984923,2.0499094638014457,24,1.6839279066395483,0
0.11636855400296496,0.5576659276482543,19,0.5181673259153812,0
0.0801041892601921,0.9689024433685058,23,0.7228747413296119,0
0.2106514257359637,2.1837354500688284,24,1.794584700643646,0
0.2226831721941505,1.152272011156326,20,1.7218918674469699,0
0.1595321759408066,3.295383286041027,22,0.5944061155975656,0
0.44360517782542314,4.605995124228816,10,5.546979638569646,0
0.3242548206233051,3.3948376699101677,15,2.846557807661476,0
0.18750928971001343,4.001606979781123,20,0.7824761103038985,0
0.3333889414632809,1.4587549963301116,22,0.37699981347311634,0
0.27009363069677883,2.6705941591001547,22,1.18219833833622,0
0.5144105606303214,0.13892274104660599,1,8.347407456934835,1
0.33148215350465116,0.9556977662700787,21,0.14686711382474843,0
0.5831339059093411,2.140999382636852,27,1.4683339612625093,0
0.5181611937676573,1.2233747973738138,23,1.5864294350367885,0
0.9192423028604584,0.015258165424755585,1,96.27436992778989,1
0.1909358935000163,2.8516658590844997,21,2.6753592028009847,0
0.139245091443405,1.636250489743547,24,0.8968525438166706,0
0.5211800978178395,2.6989143370217334,22,0.25909169533150683,0
0.32822520114410114,3.043246890151256,21,0.8361259477523546,0
0.057512597284992466,0.7047423763699316,21,1.787234216709592,0
0.12867812220432842,4.990698201956778,23,1.3102023857385607,0
0.1941658453518976,4.967178397719492,14,1.1343746272432589,0
0.04313830486697356,3.275057853481115,23,1.2810860086868192,0
0.26067240689559357,3.845408128935143,16,0.6340467175877085,0
0.19804807176448658,3.677500774386163,16,2.4793905770709563,0
0.339797860857255,2.083596317978482,24,0.1521537732499102,0
0.21673075540888137,4.013668889666537,18,1.2596255602713287,0
0.37891872378055774,2.891280393710006,14,1.344633403340089,0
0.15878400052871455,0.9351067725138364,24,0.19244260051787365,0
0.5788313812404625,2.269551005528169,21,0.6152790500216757,0
0.28091831110979115,3.0076424682361433,21,0.5517217219320747,0
0.19642614685132093,2.8220106012756667,23,0.8577599390077836,0
0.3618064254799329,1.7151538590498019,26,0.9224378090150147,0
0.15893852411759468,4.555212458114569,14,3.424421597208288,0
0.29411429024290936,0.971895464676785,18,1.1134345423609686,0
0.4547528456579973,2.698342350634222,21,0.60713432575456,0
0.46020535573775173,1.8905191174957117,18,0.16473081589169405,0
0.1253357688515313,2.089348844103469,13,0.41194512278336054,0
0.15095838424038105,1.04622923932641,21,9.188563073528082,0
0.10790837509592667,3.3124663289455802,12,0.4617403628229718,0
0.27610247385638664,2.171571185241362,13,0.08836083980078561,0
0.07516221586394284,3.6654149860169998,29,6.780845556428182,0
0.7677196642100858,0.05919079396292677,2,15.866974149589486,1
0.4494556030813266,0.9950600650545036,12,1.1357480202656833,0
0.1724677412880583,1.7820684245284086,17,3.8470863662781825,0
0.19228194986492783,2.692508255413976,15,0.6637938281517183,0
0.31610808993910117,0.5649619056544432,15,1.2122257704279633,0
0.4505072834527173,1.9465022906538914,16,3.155699368111431,0
0.45747214304995076,0.8421263481623149,23,0.3920045026428947,0
0.6462528313056212,4.35904140866025,22,1.577276654667587,0
0.5085687937019014,3.2806715160448743,28,1.7023148734972178,0
0.3725512303691373,0.5072249073177311,24,0.380537562489364,0
0.4602492480328943,2.2707364148911733,23,1.0339452239153848,0
0.057761177021247535,4.683784908669928,16,2.476908012461049,0
0.2991362555510638,2.77910586877311,20,0.9761437221087714,0
0.631150708106257,4.3372802150453795,29,0.6028720933353893,0
0.21102946770304107,4.340189171695441,22,0.9997028577234469,0
0.30421121501903947,4.707180002517582,21,0.09687480353274076,0
0.3513487435701794,3.197783043816897,12,4.515478657349691,0
0.5467012158474767,4.406030988237973,28,0.9310963003085164,0
0.2648779690291954,1.425321170870855,15,1.6214409859930896,0
0.565750563927421,1.9041564115550031,19,2.130836452100811,0
0.5371782730224524,1.0650886907241648,19,0.9872249500589291,0
0.33785161084452053,1.30288359478532,13,1.1323861104890118,0
0.46361761843963983,2.11189604244563,29,1.0503734960292277,0
0.5159552620334441,1.914813219592797,19,9.38132579611919,0
0.6493427150516009,1.6003080749342578,21,2.23019874571133,0
0.34322278178014104,2.583280255132053,12,0.41194423759871207,0
0.2683145145960732,1.3813905177581616,27,0.3981728412122091,0
0.193622447163144,4.658774219668977,26,1.952888325378111,0
0.5601243985308387,0.5472805290357687,17,1.7400281024927466,0
0.5852277767307641,2.110155905799066,16,0.3766773348375207,0
0.888513463403389,0.10446972663253183,2,23.964995751197808,1
0.32496174328251454,3.1353133592072275,27,5.506688287781223,0
0.426359810056634,4.334930038192226,15,1.333760096845066,0
0.08031970517361282,2.068197035986636,23,0.35055856508783995,0
0.11386173526631478,2.395713541952313,20,0.39341725164400326,0
0.04388184832631128,2.1174099319233664,21,0.999191594160778,0
0.2529393734117211,4.928649202376125,21,0.27155058449343483,0
0.2398276496628572,3.1431782830559816,19,0.31838497773637714,0
0.563552205307586,1.5855212950400068,19,2.174425451139181,0
0.4737881317499392,4.312564599633889,20,0.5822818879817565,0
0.4671328561913976,2.003853873733225,22,0.43917175942456405,0
0.35220195243037117,3.234383521769221,17,1.441044444803162,0
0.8535773083766598,0.12777364075995792,0,2.6290637715072944,1
0.6059271742789571,3.4755277974953915,26,1.0801951900297628,0
0.10057354515300453,0.6240038668961693,24,0.5807151729657662,0
0.042241858790593126,3.9952121132491634,18,2.0469800577851296,0
0.8071742757664423,0.09155391152959234,1,159.42533079467006,1
0.4558024005000364,1.2876112530398909,26,1.3942901434900692,0
0.06880178834941189,4.74301341160254,18,1.0363983869251394,0
0.29415330685848223,3.342894602540137,15,0.31012980395953793,0
0.21451428665133784,1.9253771394426544,20,0.5439507937420391,0
0.4073596723758135,1.8363267632126894,21,0.6386171835086422,0
0.175410881668469,2.110342691300067,19,0.6652065578776248,0
0.796913553511046,0.12097878586317597,0,2.3593023891457627,1
0.14627282711720846,2.6481806834626096,19,1.2319434512011673,0
0.03791492361132407,2.2581743604240794,17,0.8798457527155678,0
0.38732637962369537,1.1783545457426954,22,2.0272263868277913,0
0.3491999658439464,1.019203743217568,16,2.1064429943053558,0
0.09577775378286502,3.0045191134670466,26,2.6624922707175647,0
0.33054580194511624,2.0853734362441854,17,0.7734715740018098,0
0.3491261138132767,1.6735938586805736,13,0.8294339966840371,0
0.1719787524453649,3.4749265968723306,21,1.2400208977475513,0
0.2813059713430594,1.4936298735905167,25,0.8401220111347184,0
0.12447891300705897,1.1780988795661058,28,0.9409993970321925,0
0.18650364241153747,2.6069815560978253,26,0.6524904105108575,0
0.37788609664262374,4.289577973665834,20,4.074046805781071,0
0.8200947067398041,0.13547637977388322,1,0.33639065508611243,1
0.3732782692816296,4.252838658523821,17,3.7808229786727408,0
0.8644704724512454,0.14935439528982705,3,24.48923373074701,1
0.150151893904939,2.6588145905214216,22,0.9951521760301996,0
0.22550298334269514,2.8020240490359183,28,0.27608119032030504,0
0.33016499815060585,2.54011753018386,17,0.5415051369479241,0
0.5506824045635897,4.1277837219867735,18,0.6715971589984506,0
0.1184875780516546,1.0014206614814227,26,0.8064116997150862,0
0.4407119884896479,3.1564122186890455,31,0.600579383641493,0
0.3234529536964822,4.90903272481961,28,0.21511532126288882,0
0.44964345785677406,2.4531320689467053,9,0.7558287732880574,0
0.1287435526020419,2.8978731767068497,21,1.105563816576659,0
0.5189991725039272,1.3307950923531207,26,0.11243905679235182,0
0.2398367958426866,0.9629759556868966,14,1.3143439504440229,0
0.40134344770500446,0.8479505547538386,29,2.104771109373265,0
0.2810710825633002,1.9515156578605697,17,0.6543369161063175,0
0.06578993662326367,2.3034812691631585,23,1.8197724030780384,0
0.4622159384623759,2.686381260426247,17,0.5382911220011076,0
0.09763176306758292,1.8495779641706864,17,4.186327385050461,0
0.7853771555798503,4.810531577559861,19,4.630382451717915,0
0.2729990247687066,4.962694201343775,31,0.5560655521357251,0
0.3660541540022125,3.2628220753478274,12,0.34920914489320065,0
0.3684211979270206,4.4873596210622555,14,2.9180652644083422,0
0.24744876970602342,2.7423806955469914,23,0.8279240062055574,0
0.8746233309906543,0.0955281780040258,1,58.18510373269109,1
0.3276848859137915,4.216670104704411,15,3.1074284531810163,0
0.5106684847690022,1.2582020224642532,13,1.004847460420691,0
0.2761903551143037,3.1289534998320483,21,3.31367827318598,0
0.3143360486044908,4.504370843368654,21,0.6385525764809742,0
0.2962286770402436,2.571015400924413,28,0.67720498060839,0
0.3220258694220124,2.393523580669284,17,0.7474865999568246,0
0.3252137208010025,4.233622308147149,19,0.21200722994581536,0
0.870507051798222,0.16189628255056196,1,113.26393143532508,1
0.2950926992346781,2.3452666870292624,22,1.428381496609958,0
0.2524273997989839,1.6084249967042865,21,0.27231405542887344,0
0.4160360666048904,4.5695726003010195,20,0.264999177431857,0
0.451817015314898,3.5121985927493418,16,3.4213360907195756,0
0.4720195223971279,2.2177594525100295,26,0.8917574155830487,0
0.05574264811749351,1.8555862188969627,28,1.3808462872829712,0
0.1452618720404428,0.7426190258503862,16,1.7605320145711536,0
0.46052770163277507,3.9539094303215094,18,0.19685851689480766,0
0.22088307839696728,4.589759175436238,26,2.685921154044695,0
0.9305109024647797,0.10643518958640119,2,2.816374457684885,1
0.3704780810976864,2.7086789311917445,14,0.4738539397607431,0
0.2820892497525609,4.335013896837196,22,1.855949928615236,0
0.5046354799651218,0.11457561331103157,2,129.02119034683184,1
0.18817647179771285,4.841541523265056,19,0.6774962559271427,0
0.2587295463474994,2.8859852683052867,23,0.7636006689947081,0
0.3435936773280042,3.777548715851138,20,4.224105311910007,0
0.24304646089333545,0.5906999856201729,17,1.440137816202496,0
0.4041809879898118,4.399042325087425,19,0.20819100274236793,0
0.4759649096297627,4.717238042653905,23,3.4062880282356085,0
0.7856964076227538,0.10073503914119014,4,8.040271686831897,1
0.08971956405684561,0.9644469505262666,27,3.0255093598307843,0
0.18889920315823133,2.8638948103237314,29,3.184101099318499,0
0.31347214000346063,1.8318953702618708,20,1.2800389696587509,0
0.8073733141799936,0.16042342970652512,3,1.6110794754151028,1
0.17651524469452742,2.061388572990358,20,0.6215207805525834,0
0.8466040727303645,0.12299874923937644,5,2.8956218534125457,1
0.21488150352536342,4.581970522463859,19,8.56451769278144,0
0.07962077778235963,2.993211970256524,21,0.23459290464343974,0
0.1868968590630336,0.5028011175432738,20,3.662960011661862,0
0.07815185688705731,2.1849667068621637,23,1.8585084301391406,0
0.7450244769386047,3.461493480476856,27,1.0127673123623975,0
0.266353084033302,3.670255542866233,14,0.483080382656878,0
0.04646920172167863,1.2989649606805551,24,0.42682252910897756,0
0.2963968212279358,3.892170826010192,24,0.38660117137026956,0
0.16521362721794605,3.4192423078862952,11,0.3764989896055151,0
0.7534387975134498,0.16802855014712156,2,90.01550393200277,1
0.37933057384059055,3.1232524637363697,18,6.245589193235093,0
0.4254295091395667,3.682926824109369,15,1.0035575865124224,0
0.16737561558912115,4.37796110392307,21,1.2054534434556454,0
0.24518352408386698,4.418555482690494,19,0.7115921316906255,0
0.4495070682176759,1.759561440094589,9,0.3523989368432767,0
0.23746880282143085,1.7048104467799228,20,1.5848131350019894,0
0.09974102814724715,4.450199319421638,14,0.4576105468705497,0
0.30590270337787173,4.234171913011192,12,0.965998973244285,0
0.4363437170761571,1.7651535885778957,18,1.0020455996183244,0
0.3183003170087709,4.487597376972175,20,3.393285401515597,0
0.49938916869203764,3.24746760510187,21,0.9102496949539925,0
0.4314842655533419,3.5597643163634585,23,0.7081464544150212,0
0.39715890721574626,4.67340937981511,24,1.750775175564553,0
0.2257987354827229,1.1917619970598226,29,0.6805243555290307,0
0.22743603026847364,4.552526457510302,17,0.4023006566429895,0
0.7990306780872533,0.1520870652529965,5,54.06541377553523,1
0.4323911332757947,3.393989429846371,23,0.5223823841827087,0
0.00867961306755092,3.709576550995468,26,1.172337332952301,0
0.35189260473329764,2.721613847463794,24,0.4855287667289618,0
0.3624650752368554,4.4796608032941325,26,0.3527722308188265,0
0.1130020871836413,3.45476106865228,20,0.8431492565214761,0
0.4874399697221272,2.577258568267323,16,0.577118458320891,0
0.38064096188068175,3.5474287334157983,24,3.428959674003241,0
0.45917723991387066,2.9473019054927136,11,2.4473873689378887,0
0.19732079257419788,1.6266905811777865,16,1.0241726690019357,0
0.2659755720309051,3.329489057096233,20,1.4166925417831544,0
0.3221992565013015,3.374745758285865,14,4.17472875162393,0
0.3803417920517226,4.784819272690546,27,2.314929547273103,0
0.7886814485452242,2.9196742598571785,32,0.7091418090709075,0
0.35520544434104623,0.8627567390016935,17,0.8825228158263312,0
0.22806765866992787,4.447958206661365,20,6.554862509565787,0
0.21606748789105135,2.4811985431030106,22,0.5040906709905499,0
0.3994413598566533,3.1369190631062702,29,1.7295319883492584,0
0.5971384697771902,1.792612613179893,15,2.2296547342424335,0
0.48743170503658445,1.5875144352760802,22,0.6065280338072034,0
0.25482542728719193,1.315705381485977,21,0.9522802511833655,0
0.2659024180862759,1.9970604733086348,20,0.28006681391056976,0
0.4166355949448758,2.498214554889377,18,3.4087149240935943,0
0.25055227823942433,2.556392557501964,14,2.230136314832736,0
0.21846754002647123,3.4613996013094424,20,1.2252461520128157,0
0.22841496918168067,3.9166219018403665,21,1.9284102581542952,0
0.28423309286807125,3.3574584014856153,18,0.5919053775916381,0
0.36320585476239614,4.188701993056968,17,1.2436245304261349,0
0.07887534112695377,3.1870107729384367,18,0.6348300878463384,0
0.5265553401757895,0.5593913707155015,22,5.943529108449093,0
0.20624520711005115,1.5370990133134552,23,0.6788364772969835,0
0.21137375153616667,2.8100284810567304,17,2.4761250353033875,0
0.15025533249903025,1.378193594370007,17,2.9471003535437417,0
0.4497787841802138,0.1369760851553171,2,72.9454926055548,1
0.22863973228100354,4.303146895080849,28,0.7450043873780864,0
0.14921354701557937,4.996231754687878,17,0.33491248124900835,0
0.07783323189320125,2.85378440418613,18,2.2344959183420037,0
0.3500047796496808,1.6054747546042867,23,0.5044356384904615,0
0.5145641638462214,3.5495899655769048,17,1.1972508927173575,0
0.2446058365496218,1.9703479619045898,25,0.9207948614313967,0
0.6932145730744388,3.616890456877075,21,2.842893621490237,0
0.9130263805713058,0.043526767862106415,2,20.159217774366738,1
0.15774114578426848,0.9996959459214159,26,2.2440084861481475,0
0.13640119371145665,1.5205624630020076,26,1.2856420727396574,0
0.3347146440481447,3.415666503499417,20,1.3680998646326774,0
0.5216590581260576,4.917983799857706,26,2.285151418400568,0
0.6639097333363778,3.00047416559157,22,0.9671410789615961,0
0.1979452629487434,1.098983862123791,19,4.2817857430442325,0
0.23786417038379068,1.4573959660361187,25,1.0973625503825026,0
0.1466115874518131,4.362607760495938,24,0.4989328862122674,0
0.5106863530506012,3.741681763440373,25,1.6263602063576752,0
0.8199983001578677,0.14182522582109966,5,40.898303576060385,1
0.02948992187182795,0.5161914575404415,18,1.1692462237615076,0
0.6954702954996452,0.17458584666538213,2,131.84530242522217,1
0.2912411189944378,4.123968164526236,13,0.3560091620039374,0
0.08179551683395804,2.540433652959691,26,3.1980265052550947,0
0.09205270415874665,2.7180807282078288,25,1.0727341289884913,0
0.29301965559184967,1.5756820670565097,24,1.6037581228950368,0
0.20289560685111502,1.9275203056255907,23,0.4347734381575567,0
0.14148815077180854,2.858805996984328,17,1.4676716722020178,0
0.19213244818514177,2.461450052298286,27,16.048613468308446,0
0.34417289119650624,1.4766555681291675,15,0.8418170104557624,0
0.16583824545994716,1.0660189991180502,25,7.414367426578195,0
0.33754994672904226,3.8086848338890067,22,0.5433506643750468,0
0.5928072608812204,1.3153491004450624,17,0.6552893183614801,0
0.18929194545035025,4.415280583783158,22,3.652880632679349,0
0.2652388011660365,1.7828495054143954,10,1.2909650170694456,0
0.3917768199452737,3.231667592089076,27,0.965394545687408,0
0.7619494512718792,0.03044166564667783,5,71.28593175240546,1
0.5302641562564075,0.6041859512433861,30,0.20602594397445353,0
0.17300358531184326,2.271983586868081,21,0.7537766268437046,0
0.3613637790355928,2.1046297326601673,16,0.16513857438945845,0
0.1362436492614518,1.9566411440774731,22,1.2189634961345603,0
0.5224514069502828,2.0655230610088355,24,0.39019184713677535,0
0.47579466847806756,4.084165682721362,21,1.199486633421482,0
0.33242621063777633,2.683027489736741,11,0.5476756165854636,0
0.5829105720850714,4.026882061813325,24,0.8312891335956671,0
0.4087455970792459,2.9591244172138405,17,0.25265850681144025,0
0.4158803219059979,1.1162907263344717,14,1.0520052938537865,0
0.27158349791888164,4.64536153646538,19,0.5003049385914686,0
0.8897882947902853,0.17323961042645367,2,27.43597529582709,1
0.31615588515961934,1.7049022018742037,22,0.39749003251825216,0
0.12186495958717965,1.0331898509657198,18,1.3900146387358872,0
0.3516368760946536,4.166007499433145,24,0.4459413155159434,0
0.18824839955573278,2.36728763207329,23,0.6684525790083937,0
0.8309144833344889,0.058703842843094364,1,0.6516894766397006,1
0.23894293184229173,3.1865663781583717,12,0.715743947934089,0
0.22669525425893,4.275815782393195,14,0.14967589120589184,0
0.37333148907152847,2.2625909468056795,22,0.3002904233253857,0
0.8529912000438041,2.728569201137988,27,2.074506202328578,0
0.30781663919262126,1.4333492496979225,26,4.421822853356361,0
0.2661749184683026,4.187351597579475,19,3.182268338939368,0
0.6938198604847576,0.16792362782061113,3,5.61819260745264,1
0.33399454134540835,3.794331167299753,26,2.43092346447852,0
0.22021874726058477,0.6102624555393258,20,0.39167313444631097,0
0.41538790749054516,3.261085628747963,19,2.981322650258633,0
0.07077984808037131,0.5405495030906826,25,0.22113911788718915,0
0.610574348360882,0.9933008871026392,20,1.2215753826348312,0
0.4691609713499512,0.7518666993637086,17,4.946479085540856,0
0.3355727554660978,2.42511046193267,17,6.656081221642454,0
0.1773135112589843,1.8242780531106493,27,0.5350643639510052,0
0.3774360442308384,3.3591672899445135,16,2.170711670948435,0
0.2480028538003163,2.401273309730602,21,1.0819514824375447,0
0.4036570232196845,4.712708666556252,21,1.115729847871025,0
0.22662098329492245,1.4960726133166333,23,1.9316283090543287,0
0.3353057395020193,1.9406509127554428,18,2.888728308792423,0
0.3822985196377373,4.697993270225905,15,3.527726268216754,0
0.26330284410817417,2.0582822265648577,20,0.25395218491370497,0
0.4172694086465141,3.8215400410413785,20,2.4259703873459717,0
0.8082328652178332,0.11732999848995834,4,16.041216249072892,1
0.5765864014600783,2.0439993744600184,25,2.341039607831881,0
0.32473877408300666,1.9370490801246305,20,1.203855218066502,0
0.01959753957051795,3.3122546246117595,24,0.57222381481777,0
0.1671869158604711,1.60459882847338,21,0.15908470417251744,0
0.4328121482778718,2.1793858191810966,9,0.4626087156635076,0
0.8466457885759197,0.05744884904539645,3,17.193815891630486,1
0.06321386853494655,4.434528988064097,15,0.8759432386942164,0
0.9240950979139335,0.08854598125936536,0,12.909156139401663,1
0.7821684252442912,0.07890722036734789,2,3.765938467996739,1
0.40774013476179394,2.0101227225281644,25,1.7873229218264437,0
0.14957105824153474,2.324595114429747,24,0.3866827316389591,0
0.02675353162137127,3.729682967172542,16,1.108608930337976,0
0.04796189775057848,1.7890580649033987,15,3.1534253352335084,0
0.2619894505483884,1.1984922697035783,22,4.244427816883654,0
0.36986402307208327,1.4608756913236611,21,0.15086481264574916,0
0.047912549543738206,0.6347844831364893,25,0.34415558795692525,0
0.4407689612065402,4.639640982557183,12,0.300643950749963,0
0.1515690485702873,3.6109392296917537,21,1.0192960676597556,0
0.09651961714203892,2.564129931195006,19,3.4672998122523278,0
0.47093081894338246,4.004939071318166,14,1.1316778015368094,0
0.3160564910640976,2.628570595035109,21,1.6946508357908987,0
0.40361597410107203,1.0609608589555501,18,0.35645822676926747,0
0.08201295006201247,2.9125383213245195,25,0.7973727828271451,0
0.1940495573153216,0.9730056385142172,24,1.5391220585212397,0
0.14760508781049078,3.9613087252251957,15,0.9711988961551075,0
0.3145359274319246,4.269863408884199,25,1.343449040966118,0
0.14118063445137574,4.608193121483048,16,0.5271782953906082,0
0.051220522291045935,1.5766948990381953,25,0.4683643924210653,0
0.29346524434229976,1.4629712637337362,21,0.9222559799130058,0
0.06035570346143818,4.079081395072173,26,1.1827779558358693,0
0.10900104534624241,4.820394896191646,21,0.6038980883751772,0
0.10210059322515415,4.836784003688578,26,0.12536310958932212,0
0.06590031857114369,2.104962375134426,18,1.5325289789668377,0
0.18964041807322493,2.4545592848784787,19,2.9078564308881565,0
0.10445336621166695,4.154571496877844,13,0.4380595357550425,0
0.1359145669569145,4.936675210146682,24,0.4127136695905236,0
0.15045124170211907,2.00024356895128,21,0.29697217385562474,0
0.5436534773406876,4.576243290779075,26,0.5451985570218786,0
0.5234748451347856,1.9719579275367618,25,9.044485361572502,0
0.2688856354531654,1.9205634492632753,24,1.9354489179473118,0
0.29144615751636316,3.2951997093894145,25,0.9092939872407496,0
0.43139520503332435,0.8186205916786561,23,0.8217658793556096,0
0.16086020546486693,3.0958903557689594,25,3.5787033571894358,0
0.4317634281496767,0.93961451867503,19,3.6488389553271317,0
0.31143466312245927,0.7029074212084271,20,0.140559134428275,0
0.3349699837926608,0.6312941161897548,21,0.27582059989337876,0
0.7709243843695069,0.1275785100619015,3,3.2618577194895577,1
0.17958810602161285,3.218012595700318,21,0.26829955007874057,0
0.15839684126369702,4.2818920630351816,22,5.762337841177332,0
0.2082352114077087,2.0480131219111772,14,0.3818776041930301,0
0.3825770089177601,0.8071593511991668,24,1.3841013493790257,0
0.36186902607538357,1.5940423659151504,17,0.45602725086712503,0
0.6652156737567132,1.6852846193630273,13,9.058937129033312,0
0.3402786907549542,1.9735233454355152,29,0.30247925055220337,0
0.18243577571900796,1.940496917702443,16,1.3356372571584585,0
0.15305977143288604,3.1540859728609942,12,0.3360671894294568,0
0.2587467946061168,4.448098050594265,16,1.7710531303265955,0
0.5491890548430839,3.2346707336046956,23,0.5499558098510319,0
0.6715994591261938,4.265707810682482,22,1.441832918635379,0
0.2532622334874773,0.7153114943376833,19,0.4170616970664941,0
0.3392054353439426,2.5593470339815108,25,1.8658722573403905,0
0.08085710815748562,2.5673076172717764,20,1.223953367555547,0
0.3490579573830245,0.5736541257606624,21,1.7505651421493513,0
0.1623375592777343,4.622469606335008,28,0.8365626842173027,0
0.9693545981239248,0.15907787440328766,2,4.751514556940595,1
0.19397928124379762,2.7860806342431683,23,0.2701129800433575,0
0.22870561526304226,2.988060246896496,19,3.532649323087695,0
0.3739906633005789,3.733499424822657,29,0.25777001104508074,0
0.5200524716871938,4.489570717477139,16,0.539056944551766,0
0.3265031302425188,3.1566046420635288,12,3.457435588730449,0
0.5358887746321855,0.9289471490853436,24,0.37191973314806254,0
0.44464438432835723,2.9821796256479756,21,3.187441499494761,0
0.21905067094098266,2.251292824914256,24,0.7811338676554188,0
0.4156526264099631,0.7614150326486447,15,6.8311827013074335,0
0.18799522353539586,3.8114504028446428,16,0.22469877659594858,0
0.5318322887332435,2.268847282208454,13,0.49594953907810957,0
0.49953978598017507,2.1697633715483717,27,1.4569020633683567,0
0.32511730528014754,0.6398743440751111,22,1.0638869884578628,0
0.30891320985405163,4.019949264709483,15,1.66868507441695,0
0.34414169650596144,3.1848613244673034,16,0.26377809870647057,0
0.18880456867790762,1.5869455550471492,21,6.775122923065609,0
0.11619259892256847,3.64974311724473,16,1.4983326334765517,0
0.08098120993819588,2.652228158699927,22,1.5777703434797428,0
0.04252914296112647,3.959133493155799,15,0.27309429629769333,0
0.234428986750577,2.9938042950204755,13,0.22777422738063982,0
0.5499602470237659,2.9186909958514726,18,2.662094980745219,0
0.13275058951026328,1.1889041578466193,17,2.268567994145012,0
0.879659466492622,0.057482972334175236,2,144.81341258774478,1
0.24018487477682943,3.4058955404405338,15,0.5303292682768018,0
0.12295079954024671,3.1200352505468465,26,0.5051776728050776,0
0.49473211417096874,1.1118178917121526,19,1.0557299209001294,0
0.20659583565350187,3.6638354424568536,20,0.30683480563103743,0
0.37672049671549174,2.3103324467461723,22,2.317213488092734,0
0.3864551812583159,3.368711005586794,22,0.2638624924155649,0
0.618149378035711,2.743538189427129,23,0.9006132851248988,0
0.9072301311897192,0.02416771178089268,1,7.028801935146731,1
0.850478656990458,0.022925800313069254,0,1.586279467065029,1
0.37552989618756,2.3121056678198366,26,0.28354674227784665,0
0.09163086999869781,0.9764846789892041,18,0.17547199613941514,0
0.1445375488101516,2.586815197194535,20,4.713225838761292,0
0.44974536606210275,2.265024506682467,21,3.641044370186943,0
0.24673255557844218,3.6194540937305817,12,0.22796230275281582,0
0.285121757241196,0.7435127595915838,18,0.32367355710654666,0
0.20431028795808265,0.8891818161841523,21,0.9024319787471373,0
0.1270804349000449,1.4377073476489417,23,0.7087884767337497,0
0.4798987914640541,4.934328824875243,20,1.5183309856689915,0
0.30711148712440256,4.491086398503171,17,0.793120171954391,0
0.1609605551196975,4.864218401260991,22,0.3996047948545866,0
0.30869226776350817,4.206601621279227,20,0.1685670097818222,0
0.39161825867032757,1.6143427638797097,20,0.2949744197128563,0
0.1060321399338608,4.737640655392272,26,1.3544837230830888,0
0.2924998187625271,2.371439527177913,28,0.49531437303871245,0
0.2073189843806143,2.4551517285470226,10,2.190558973884217,0
0.18153670678300252,0.5617876620843131,21,0.7924554376086209,0
0.751436396512468,4.479558187032126,20,1.6235544622267049,0
0.8980425839566252,0.12447187437571694,4,21.98274165301299,1
0.500587097793118,2.69842023725761,20,1.1178447584612559,0
0.8493638511049852,0.18540966566172362,2,1.0992838666618618,1
0.4075637643779346,2.078783047105552,14,0.457173674237859,0
0.34557112927346495,4.411717717978994,14,2.1060105877720696,0
0.42259635473737367,1.2076291555334249,23,1.339439677128064,0
0.19001288494439908,2.048282754548893,20,0.19999671788812817,0
0.8769225992220845,0.03806901934517496,2,31.864655533310657,1
0.14950838973534814,3.0364817459279565,13,0.5067752340045023,0
0.3311892300134117,2.721452831059237,19,0.7716130522876816,0
0.5364707727662588,2.639855525431933,15,0.1047316797454496,0
0.044405681693863976,2.786321192228592,27,1.4673759568947098,0
0.09590308698125612,4.693861761285677,16,0.3645212752950392,0
0.5711547211183519,1.3263337745434556,18,2.115640113201353,0
0.129158503986192,4.951809040803562,18,0.45575531313411277,0
0.35298499076484013,2.2608435321833618,25,0.44367759718640715,0
0.21967754224419472,2.5275861252486753,19,0.17231183084634547,0
0.1848186428846542,4.688654328858937,15,0.22627918911289663,0
0.4863925728126446,0.6499173752109129,27,1.3496736488281798,0
0.33724036100420585,2.351572751483876,24,0.4833832005928083,0
0.1185099678246038,2.9724421813079176,17,5.954389628227522,0
0.6355499028623052,3.6856510704107652,19,1.4409506577377247,0
0.20426305556051796,3.0863898653653092,19,0.9534127688691553,0
0.5917950720841842,2.454740164397302,24,0.2583361673034806,0
0.8829934578087222,0.08620667890438333,3,3.4356530066630833,1
0.5666088421068232,1.708793541860893,22,1.02087920143149,0
0.08638420252362142,0.8078217670500025,24,2.102035395118416,0
0.3653868370638523,4.136225535503579,24,4.879651451345906,0
0.03247456170368665,0.7104144493496687,31,2.1542503171449727,0
0.7206242394456848,4.636428020376652,22,1.988445244036489,0
0.8545582767655303,0.011892500981975357,4,1.8363663380704454,1
0.3240834319714876,2.4223414852709926,18,0.3470421699401427,0
0.46970047190451414,2.434259432496693,19,0.4526096797085363,0
0.5063016724215419,2.334318672845183,15,1.4448812513182423,0
0.31110335262978506,4.939531385383621,24,0.48195897913639246,0
0.3871015599782495,3.431890782023874,22,0.5842397988766931,0
0.3927705980816362,1.188343914627705,20,2.526179028409969,0
0.37385041356199034,3.456492418200409,17,0.23468441015948904,0
0.47089367948410643,2.3378468828520393,27,0.8109818417574244,0
0.08813900011451616,4.029563278829724,18,0.7002050246719486,0
0.2924457477915481,0.8260287328536962,19,3.2489012993034616,0
0.32373846690207664,1.7377489562706283,23,2.9926239557291225,0
0.16341378078580276,1.816025232080241,29,1.8818572599169747,0
0.2591409811186013,1.3458024889545364,14,0.7259746355159704,0
0.2585423723692891,3.1266305880832834,17,0.6769233013903373,0
0.21025333517737102,1.782035407074662,21,3.8403070540588877,0
0.8563770251297063,0.07953040061958322,2,3.8765946204760118,1
0.22177041332235395,2.2538469336777904,17,2.6845033598707695,0
0.15343514570728134,1.664013344487681,17,1.6361780909972887,0
0.38815028337239443,4.072314824109746,17,0.5130562970375079,0
0.41350694183496917,4.89624310665003,22,7.5927668391177185,0
0.6611280358890882,0.8100381222976416,16,0.3422758508386109,0
0.3356978973094263,2.51180599439763,20,0.9876978753336572,0
0.38961632650210054,3.111863981974688,27,8.940308838326006,0
0.12475148802973365,4.2550968084313325,19,0.3210562976575732,0
0.47710855318638457,4.7590830110688955,12,0.6583954559921145,0
0.10600227401572522,4.364542546294864,27,3.289578401974194,0
0.8451191465639355,0.1632209779954404,3,2.077070070065561,1
0.22944787438030748,4.14766925501463,17,2.4844944811859375,0
0.14546827490229522,3.045736301865612,27,0.4426470777752122,0
0.6479085445700365,2.7925234440009086,23,0.43659555731083427,0
0.2701280503471899,3.5668015583581276,13,3.8171820872641895,0
0.8356774587186031,0.011588828712118278,4,39.830450971559706,1
0.3667297276181664,3.0558681089055857,16,0.329967434330966,0
0.2131765202610751,4.375184547189538,20,0.2356640154994588,0
0.38125840918899523,2.905264296734051,16,0.26016306524772853,0
0.13830213097362493,3.2898307208389124,15,0.9829379847037587,0
0.38907976456016347,3.6618698100593505,25,0.3201416052818961,0
0.10582043004689554,2.5281187272925485,16,0.7765606733756526,0
0.262973571601677,0.544466842785221,18,0.4696384081087798,0
0.4355247970089078,4.527425978356782,16,0.5873765436654619,0
0.09792290462613301,2.7980137378905723,21,0.24858129698750997,0
0.2033950200424838,4.478176513567246,19,3.151641496374661,0
0.26137483402138645,1.1344794998620509,28,0.1981095908652121,0
0.6281142053277466,1.5197652781708952,21,0.6601549215328348,0
0.17658798061278244,2.4170873213857393,17,1.1214544037879528,0
0.17854737178943236,1.6775846556204619,19,1.562986662551602,0
0.2486896457263861,4.0753704784926725,16,1.1813722600672407,0
0.3019574640097967,0.7039310566982964,19,0.2527420914859628,0
0.26524752215192643,3.070208534618233,12,3.6498910187987494,0
0.45851344981453784,0.8765863856057536,24,0.3048056831523397,0
0.29199664724775176,4.760647059177217,13,1.0571546794663051,0
0.045556888464148314,3.1596001663640556,25,2.500989859544243,0
0.2885870720265646,3.8976151589035934,21,2.127868604038026,0
0.3471370987410193,1.711094872485525,17,3.4126054923905,0
0.22904559633428048,4.216458212859708,28,1.0375271206269663,0
0.15723083231371351,4.73207087100376,18,0.8271850949914087,0
0.17892571163440202,1.9784842945586882,19,3.6936978874178394,0
0.12003366886464778,4.785073378936023,27,1.0264382517094284,0
0.5751010192014984,1.1900110141333404,18,0.5707021452860627,0
0.5260461615342434,2.943527904278872,15,0.09175289100588893,0
0.4576116576849722,4.052196282089659,16,0.11475969184356567,0
0.11211260781805338,1.3865308052421565,27,0.3068301055440545,0
0.056207212358208206,3.0011921695389443,22,1.5797995046344226,0
0.34352802817217626,3.2887126900361774,21,1.060844315632463,0
0.21085849864100584,3.7814909306694413,18,0.8458686223835865,0
0.27648340946529937,4.623655849703696,25,4.42303980465602,0
0.5013252392883013,1.0985436237348836,23,0.5966053658130396,0
0.5437198293757822,4.825485186869797,18,7.841224351553275,0
0.9010281121203302,0.15665731041593217,1,107.16463833205269,1
0.34565018723990887,3.6014315202104443,12,0.1338699660787049,0
0.1050968775609975,3.980020293581485,25,0.9626619371966639,0
0.17478372494646907,2.319663560492556,19,1.1618425416069336,0
0.07058728383359378,3.1063088632117646,22,0.6161677638164541,0
0.9507733116093929,0.018929751456624032,0,2.7606678906522077,1
0.2027217360511933,1.0258495508717695,16,3.1402438330434332,0
0.2418342114591324,2.742784349208709,19,1.3072153436002734,0
0.12047065849949858,0.6767316489856028,17,0.25695678715552234,0
0.017033565299109578,1.3497110173411169,14,0.8887320033963158,0
0.0808257118156857,2.884431644381487,22,0.12223909214207508,0
0.1972097923307919,2.31240062631234,23,1.1037852451416363,0
0.8313809835185548,0.07287050417077694,0,29.031799084440046,1
0.19770837630387658,1.6236523171898996,21,1.2806536460633544,0
0.09077749958438984,2.2798538289002535,25,0.1863422487031024,0
0.516012372757507,1.276503288787258,22,3.4396436967182895,0
0.4842657392331491,4.039851581070096,16,3.2838055085551026,0
0.2826947914970639,2.4074347849435473,10,0.4393924427352698,0
0.2073119423887492,3.0091012712733343,25,2.041601616957522,0
0.3389512687122073,0.9195771925554821,15,0.4329352323052593,0
0.13139241057105308,3.884626643766279,15,1.3650664402215285,0
0.3406666099858689,2.39822424242663,23,0.2488807166160181,0
0.9094874537062576,0.027536779924695116,0,0.14782601734041273,1
0.21128104107512827,2.0783273483852227,16,0.6481327817220709,0
0.37870752714792244,4.2186864956585985,29,1.827711085748413,0
0.21710143457171502,3.692216433258264,18,0.5719016329611268,0
0.4770114999663116,3.3326422314063286,18,1.4070845452820038,0
0.5383679287665212,4.767334358945334,23,0.9693175583669665,0
0.07134978454309125,1.9091027115921695,26,10.91008846711493,0
0.1799712617518671,4.481486361302604,21,0.09704056593965979,0
0.6827279896244156,3.2449134400123705,18,0.5919044188005186,0
0.24726991023885064,2.060388692821929,21,0.8100104987107648,0
0.11569487408794131,2.0148678780497242,19,0.8337603443464491,0
0.472613170121889,3.186770635159946,21,3.287947709328953,0
0.35337213265910344,0.9997900484584545,19,0.12165163891186923,0
0.4275445460845136,3.631008437924299,16,1.5477733902503816,0
0.1660816561364627,1.5401731653452002,17,1.2985659101430473,0
0.292828931763026,2.524401545432772,20,0.7108567627251182,0
0.11735148202016406,2.715920235898294,20,0.5101611432071654,0
0.5115421034119713,3.223195521688985,22,2.056208637543307,0
0.685720724759261,0.06030600327332506,1,2.610742386102018,1
0.2687680664263385,2.7919416919934235,17,0.8973713581380132,0
0.7908944736757588,0.011246351340021929,3,13.408180155698734,1
0.38358960411861937,0.7135245524366336,23,1.6261899643705684,0
0.13206060555915256,0.7943692728807457,19,1.3259516314298223,0
0.07865409168944928,4.862222799812868,32,1.6724015673453678,0
0.3613665729067565,1.7948112695983283,18,0.5696501203633029,0
0.14248405259831123,0.5369221054417646,19,4.57741438861071,0
0.3628900443871723,1.9892108906853554,18,0.30179978737661706,0
0.9739796573641758,0.04429032878805945,3,2.5381460095430803,1
0.1955246391816469,1.204107495453643,18,0.11043333000649351,0
0.4858345585075698,1.9203377362884881,13,2.2132037114308667,0
0.17183824201865733,4.542544071976668,19,3.8540329795623403,0
0.22355914063174018,3.2607925544173413,20,0.4409010298734966,0
0.24931442692304784,1.9181641347402882,28,3.5278325246883915,0
0.17155665990471686,3.47506882326362,23,1.3952452643824387,0
0.8519002438923193,0.07289374775585857,3,2.7613832469986073,1
0.17468194968037548,2.315839187587984,18,0.6023433939839801,0
0.24905064056744208,1.980745768010029,20,1.3571215915982613,0
0.3273726038841382,4.082431473733701,21,2.4121638272585866,0
0.3312759748591245,4.165176906082645,16,0.30008467263095706,0
0.2575672795034246,0.6317592200606492,20,0.5862522977371509,0
0.21475924157612,1.6463536789490913,30,2.8912347066555633,0
0.47886440030512545,0.880185863066965,23,2.5000459369952974,0
0.19753547128881646,4.802541077410871,23,0.13986616958312392,0
0.16032036913303388,1.985977494699911,27,0.436149165859761,0
0.476776715926446,0.03746052217231661,1,145.12255508776053,1
0.2554445989332779,1.480572855001962,22,3.0560341756086955,0
0.4247152502756612,2.4438735162106524,22,0.3443984689604024,0
0.7174716043376356,3.5853141546035943,18,0.523279888324937,0
0.03917526543011283,2.9904951697113065,21,1.9252229286394695,0
0.4279597334121864,4.067213210816226,24,0.2608664673567853,0
0.36792827275727447,4.633976542576857,8,1.565708997834346,0
0.17082551067171997,4.667553436800988,16,0.9743433254853119,0
0.37889196226854527,4.361273495457718,20,1.6977389392926223,0
0.14605964056838913,3.166421678284753,20,0.2626575298563267,0
0.22965823547887101,4.118188302282515,20,0.7964948190699963,0
0.20111027235361773,2.700943843533807,19,1.3577776386749976,0
0.043404555677218605,3.4326742033728115,16,0.9183317444913391,0
0.3353916555948886,0.7551787954895637,29,2.6109924886893334,0
0.14951968223093132,0.5888553776129759,21,1.7171138316387808,0
0.48250558692345236,2.351946060030679,22,0.2081347815138223,0
0.9287567412313358,0.09020005949344116,4,25.791803816975953,1
0.214755012983096,4.93631639223392,21,0.358515845036108,0
0.8871088987122333,0.10480340466390292,2,14.804886809446312,1
0.09545910245057751,4.266655001302468,15,0.21275094753298784,0
0.34204591003572404,4.448765013729217,23,0.16606174790220898,0
0.22862628678097235,1.3308049793192296,15,0.6533195161461802,0
0.901014686182584,0.18003588815611563,3,49.83614851841272,1
0.2802319501839079,1.1329680086643092,18,1.2404531537366508,0
0.07314618213332268,2.7604150492116375,23,1.1105423827704686,0
0.2784945699649077,1.2579509647695513,24,1.7988813021111105,0
0.5491635449091905,3.804381772475503,25,0.9638900505548108,0
0.3898837928197819,3.9776844760912695,23,1.1720447438779014,0
0.5865399325170246,4.509988312606407,22,2.0794245157217657,0
0.11113697919246002,3.079968021974429,14,2.021331309082596,0
0.36357252253462274,4.685455794184818,24,1.5426169317165164,0
0.17437425318837577,1.3169051018537319,17,2.777827157286407,0
0.3354929824198995,4.8257820249570305,23,1.047440554914195,0
0.07933364658971544,2.2165522248875895,20,0.9056678755425067,0
0.23958063291084167,4.977867255061133,23,0.15733272572641363,0
0.4589827996229596,4.752923118678222,24,1.8063313597310173,0
0.011165212101841245,1.4483177141454564,25,2.512181396550794,0
0.0667930329710198,4.9560044641349075,19,2.7974651025999413,0
0.24461658019769247,4.03120120414788,17,1.6415559740035863,0
0.21883126676159656,3.62039752628854,22,0.3293006604375071,0
0.5075994370220047,1.400557822095319,21,3.745618972407143,0
0.3162629826380238,1.026619553811087,17,1.3616923859157555,0
0.36047385802244963,4.603736469771833,18,4.275032000545314,0
0.34499154241989305,4.187261740085722,17,1.0691741842041182,0
0.8942262510701219,0.13471833215290757,5,0.04451898766804335,1
0.3289569521422614,4.787876390788031,18,0.7966263165412604,0
0.393167107890354,4.710307263002469,21,2.2147650585150296,0
0.2880680941763437,2.6918853595354597,25,6.744476336951156,0
0.7658817542824856,0.08939346621588978,2,2.788374066330168,1
0.2282841409460687,1.9234644041777829,14,0.6473843881868357,0
0.375291841115036,2.1433905032339373,23,0.9253391820604888,0
0.1356056370831533,0.7762716067047821,13,2.6482404841214726,0
0.3916523228689814,1.0939403492301654,14,1.5646222062247792,0
0.25107489684561024,2.638944970942051,29,0.13451054011761732,0
0.2249639438472276,3.3677565771142164,23,1.488551336708116,0
0.13249662301109688,4.830013377800923,22,1.938646400728347,0
0.08229224361036379,2.5108156237195134,19,0.6513535834832468,0
0.4787419141901842,2.5003653759811595,21,0.2964305091928631,0
0.11886559948290229,3.6813134707840356,21,0.49322383050633867,0
0.9193089835377312,0.19272927180558783,0,4.4436768292020545,1
0.24334228292771998,4.579169128483793,24,1.089274759436801,0
0.2957545737513491,3.0348541502117805,20,0.8637490435417124,0
0.1366467061639107,2.4142645574866757,12,0.22954954997419705,0
0.1731246506737473,4.320836479007049,19,0.2592694610280028,0
0.8387371938645274,0.12292277129399494,3,11.036482441638901,1
0.12966530110105648,1.393374352651068,20,1.0069956261397228,0
0.11211526702684022,1.0213618127250248,21,1.0891502260670816,0
0.30059781301995603,1.7294172124923284,17,0.6303542711203465,0
0.05306221969761377,3.5560396512258565,33,1.7499086852731571,0
0.4282435113243961,4.425000211423841,22,0.1344018098953961,0
0.5077713201107904,4.775841372210799,20,2.1234798392724374,0
0.3124349542149907,1.764619270716698,20,1.0428009714625026,0
0.9729793147686999,0.01953864376092687,1,4.932817304156926,1
0.8612385862352937,0.12215824456503585,5,0.43637934457949634,1
0.4975817871475689,0.720487865511077,19,0.5127474177665938,0
0.2748976081585589,2.4572980958262227,24,4.916483935854468,0
0.2651565538158294,0.700422949522266,18,0.7508593767184426,0
0.176015324649499,1.866373357864501,27,1.2983275033475403,0
0.32736207728510336,3.37631548694961,19,0.7009926798488423,0
0.39405928849752625,1.8776804891988321,26,0.6403868066445532,0
0.29507162051850366,1.8108153622692684,22,5.283686739261037,0
0.1980925424912342,0.5397981211628471,21,0.8337793148679841,0
0.1727097926703641,2.25668233628121,19,0.23037767605437331,0
0.31222147871182415,2.2177008454141496,19,0.69576170514096,0
0.23829721435018397,1.855799706340548,22,0.7803765890350873,0
0.04422294004540561,2.9666822372241572,22,1.1858270784984566,0
0.21966733218595816,2.3264949485770186,22,1.2370367962163726,0
0.25817315688794507,0.869069229693756,18,1.621948992592672,0
0.1842098107544622,3.282391709299518,29,0.3431016268855791,0
0.4956329227483777,0.7912415700355571,26,3.022576788128797,0
0.07474763487231341,3.899866975925508,27,1.4630942072084945,0
0.3145092696731895,4.516771097231956,13,0.8409808332044336,0
0.2531331225020217,1.032371033395482,17,0.17207140185340578,0
0.2867561908772252,2.3631997409404453,17,0.3663998844809487,0
0.436995987463716,4.853147260569491,24,1.4230131290721784,0
0.6659722046570258,4.227503589935965,16,1.3547133432584237,0
0.3641070433601571,2.8504842717748478,21,0.5170807869000743,0
0.8446707998201448,0.09161865422834174,1,1.6153890865235272,1
0.9676779765890546,0.027117400662299652,3,26.667983540656437,1
0.10294827528852735,3.3364185717505808,27,0.9206353178967484,0
0.45609747133049333,0.5659184308713707,20,0.6708906820268505,0
0.19227786284150508,2.879138735507747,25,1.2210478166276588,0
0.4089946851395959,2.768043727114353,17,2.631352740132578,0
0.8451049858488692,0.030959799969033384,2,80.1192161175524,1
0.3564939408744921,2.216714323527529,23,5.946512285846902,0
0.1573238542624598,4.920499699565879,24,2.287480707036191,0
0.20384042190196358,0.6221991060092433,19,0.2884477243034354,0
0.9533636139993539,0.15867809967294966,3,2.264627831389678,1
0.3863407073207468,1.257399611112492,23,0.2502539000858659,0
0.05976748620792531,1.4118670198346313,21,2.4111617952846043,0
0.2551249451594358,3.0812960380549774,22,0.9364565032012784,0
0.09122498095477641,2.1749453279981084,17,1.0102022318471273,0
0.12079490916259893,1.4611882545580535,19,3.2223860723897713,0
0.17423638423165574,3.129117070631246,12,1.7498695791321606,0
0.9528373901888135,0.15599534025294615,1,2.274299918113966,1
0.8782808671732605,0.08587656979913892,3,4.285260063479831,1
0.21168203380141346,0.5097752166887735,16,1.7949170299846977,0
0.410868216230249,2.535761121424939,14,0.3387155189362902,0
0.1648590917926318,4.448538639317432,22,0.21404771163877226,0
0.38228088526528803,1.8964139283300911,15,1.658473511303131,0
0.35204019155585337,0.6880576860958132,13,1.5274381312467586,0
0.31460398451782157,1.494444618836844,19,0.4102805481282838,0
0.06920131333208945,3.209456094574277,18,6.448641436899151,0
0.1312054992585454,4.41386704948617,24,0.5027168841347627,0
0.25288247448895074,1.0861934765476016,20,2.228089538610382,0
0.09044614764595309,4.386036784645487,24,1.2409333602085688,0
0.38678399167749394,3.520622952614462,25,4.898522796220019,0
0.3853808660976015,3.7128794363257147,21,0.6495803669647116,0
0.18654011135264192,1.2177389007101418,22,0.2659392042336539,0
0.34479933769966353,2.278776112252312,26,2.102366761236019,0
0.1964680896846725,4.0875796484276,17,0.5991955791435291,0
0.2551100916689315,3.933377340406044,15,0.12041302669885848,0
0.1616434284500947,0.7680135270287507,15,2.166035084867979,0
0.13309272572575975,3.9634055121723586,24,2.6959658304747554,0
0.37113239930370645,2.6190566127308696,25,1.298911004144824,0
0.311552737739302,3.5105074963080716,21,0.47222424492158155,0
0.31855776542609787,4.9633447038505585,18,0.8565596314526491,0
0.3813272846847759,1.035728442220634,18,0.9862898093101331,0
0.2646885451477488,2.3267490032010776,20,3.1436711299594093,0
0.2735764119781637,2.2453535623532472,22,0.6488191735423182,0
0.15874072546640897,4.894815503918998,20,0.22516083509005494,0
0.1411136908700767,3.9131100261448806,12,0.5371063228218946,0
0.46758675763988194,2.8105878706836,17,1.0026799900282513,0
0.2284522314308471,1.5557288756619017,22,4.077687533060804,0
0.13155316937817757,4.087091419938172,15,1.5694172863419737,0
0.14723017275311373,3.3045024314327462,15,0.5832360594940568,0
0.18574677093317604,0.8041837340621902,26,1.969289602984874,0
0.17476769303553688,4.3917332393207476,13,0.40113463200960736,0
0.2302511008021528,2.9472360847651355,20,1.8453822134783517,0
0.14841033105003712,2.2269137941505406,12,2.2120977713767798,0
0.1442731647988355,2.147446250444114,24,0.7510017406632729,0
0.4793741377285703,4.7451032150763846,21,0.6558612110299665,0
0.3957170958157488,0.8227673157793765,24,0.6660647711031078,0
0.1154382115404782,4.531451142976348,24,0.33001705372837925,0
0.10973011048386948,3.50389963127602,17,5.59048630178256,0
0.38288510481422267,1.2615297850130198,26,1.3299313121456193,0
0.8739269595524621,0.17832220193882736,2,0.4786568482825393,1
0.12548326217659825,3.6690582554999733,28,1.160753906237536,0
0.15686721590460193,1.6181916318971024,20,0.6020806696006231,0
0.02613369436877185,4.743127001864462,24,1.3535506991411963,0
0.46141094228573243,1.8510409134113845,25,2.7671213992043286,0
0.9461931721518501,0.16365515712629952,2,2.471002702945312,1
0.20459788553352798,1.6249197466263838,24,0.16162706588503786,0
0.819586780323368,0.15197069933580584,1,2.1998319503068724,1
0.2338170663341628,0.9598916716582646,25,3.1772211527568226,0
0.11591573359213488,1.6090319987023438,24,0.4506033311449502,0
0.1367392845116787,0.7731494111485123,32,0.6006719196990732,0
0.28751102528518907,4.560726704709664,20,0.21959749431364273,0
0.6207625807587314,4.600462599221781,27,0.6011713990010014,0
0.038819555959103594,3.182239311443527,15,1.6858106809710796,0
0.6008597855611179,1.6379793852651496,21,0.32920880035792127,0
0.3075253802457338,1.7658237640563188,25,0.9619602149178362,0
0.793839213971894,0.14565796238572773,2,19.768254301909355,1
0.2360359050879149,2.5598121255414643,20,1.8789645341806904,0
0.2153544566624771,4.199629506898403,31,0.1351733152206104,0
0.11281029687819676,2.3467939403416573,29,0.08287772956307006,0
0.13591698089877657,4.918276974920083,22,1.5712831387401585,0
0.8105464993572571,0.17544554524616818,1,3.3151863106772064,1
0.13060971290947346,3.556354994850897,30,1.4359275819885573,0
0.33246017575760056,2.2885019853571604,19,0.6010521444366865,0
0.028160930143784447,3.3967983160806363,19,1.5796823227102175,0
0.538910361836751,4.761864716085951,24,2.175061409437162,0
0.13434968802781394,1.4102532379886163,19,0.6646632864254142,0
0.37405486188029996,0.6420515552261787,19,0.8215941020936998,0
0.5952698665909953,2.9717154877946315,19,0.6013487141074871,0
0.3632602022306515,1.3438178819250122,17,0.3624199095494614,0
0.766057164479338,0.142183894908763,3,43.66034365985814,1
0.2770986425206635,1.7848403377933317,22,0.33085003487157,0
0.2175728185294159,3.8568188913596613,27,0.6097582635639063,0
0.8852242480301447,0.06288082611137825,3,7.89011341527179,1
0.5343691830263129,3.182263652396637,23,0.9234893972457549,0
0.43709586177692716,1.901270187634138,24,0.9745232654409077,0
0.30963280260518167,1.7882649247723028,23,1.8938068362513478,0
0.747331521283835,0.16717289116625617,0,243.73357770218647,1
0.19659625197788674,4.584234800369465,20,3.257932046705273,0
0.33379885336224585,4.992063997538787,24,0.8901334575231102,0
0.284794252044814,1.1748789522563334,18,0.6217559578769782,0
0.1945805122900736,4.03790431098143,21,1.1899432965746857,0
0.4576665952841706,0.9316569648928561,17,3.832073737694038,0
0.5046322199026394,3.626063543977249,23,1.3830493789322589,0
0.3125204738092869,4.951128879703812,17,0.9336087732996612,0
0.357962676061402,0.846637066382314,20,0.30689498283174965,0
0.8034574061595194,0.1399831393927431,0,0.6439974767108992,1
0.6044666336486161,1.8869104857154935,24,0.6788521262805955,0
0.07342951131270345,4.241037869145725,21,1.5088096314804775,0
0.46679842831956014,2.0618471225814545,18,0.7493870077957587,0
0.22192298511673772,1.172837459358623,19,1.102175995053557,0
0.3298361719329782,4.859663915111302,20,0.41334660763053815,0
0.48499309396993423,2.7914925275153,16,0.8578630378770554,0
0.403983940454574,2.178362358468826,22,0.3113159895301577,0
0.37207150979821135,2.9810849476948675,21,3.2401022872995706,0
0.11558883379282715,4.1540073969986056,28,0.5157981747079885,0
0.3916387738922904,1.580006854694995,19,0.20335733484516821,0
0.20602758762344894,2.3689665393257258,18,4.090485535961218,0
0.12559583136379712,4.081951670569872,13,1.748677132289925,0
0.2117275800675726,1.6286141615251046,20,3.1684539323387666,0
0.23798900236192183,1.6281452999340023,25,1.6953941252294575,0
0.31330278328409883,1.0649676013644336,23,1.435392520192405,0
0.3742793691269458,3.8369426935361175,19,1.0183147615544144,0
0.033914894584991105,2.596875779083838,15,2.0206064529281487,0
0.10508016743442537,3.282830167899162,22,2.4765726497547704,0
0.5453708103000402,4.756868762055467,25,0.8263515309181084,0
0.15121591765803602,3.0257979033118967,19,2.3743587914574045,0
0.8588741684515373,0.016960619900060623,1,38.80271097331166,1
0.14908613647845026,1.9106657771514486,17,0.8185613832153384,0
0.7313781398009218,0.0643490433573761,9,40.181408841077875,1
0.6813833552814469,0.6379364973770707,18,0.5662560922883286,0
0.2674701293627726,4.846983918960354,22,6.041414243224589,0
0.14599199077647998,4.853100007973825,14,3.161116670767862,0
0.31703022277919984,0.5225272550431814,20,0.2672023316210415,0
0.24499197114163376,1.7868176144914327,10,0.11526386651623372,0
0.20935917560752523,4.849071517981017,26,0.5304640200281152,0
0.19794563226936665,1.597572909451216,16,0.5062624405008682,0
0.39083819428736427,0.8147354339290886,26,0.8407472620903903,0
0.19936571234128814,1.9715023499188442,10,3.425327820091365,0
0.3156173008171169,4.8557219307761335,24,0.7579936508513542,0
0.46145424924795947,2.5146483033790266,19,3.7784032240343417,0
0.9610227175890051,0.18019811397885452,2,77.71630665261321,1
0.24754588168924563,1.2142050764878358,15,2.7638779861024125,0
0.12896981690350556,3.308985299586638,16,2.714682680650144,0
0.24791893730752812,2.6176658344103334,14,0.9979829897602167,0
0.12450918535529587,3.619602463251098,13,0.9646595973439138,0
0.26973938783262746,2.7177627924158623,17,0.45499712796574554,0
0.31760141259846264,3.3135648041340664,22,0.27017133821166156,0
0.15689325504346796,3.87824603147188,19,0.16494691081745502,0
0.20756397161434434,4.935763639458749,13,0.4046929300076209,0
0.2458577658826552,1.915517341458111,16,1.8373979753839618,0
0.9659794305020557,0.1837600577295567,2,3.278291946035493,1
0.12636023908786204,1.5905246892636313,15,0.5859591778970422,0
0.1451535379826328,2.061823836269988,25,0.12003978241323797,0
0.3580250330633108,4.246860831938744,22,2.094165347854064,0
0.2103852031120832,2.8810376056002776,20,0.9656401111369388,0
0.5340372455359483,3.6551573654469935,25,0.8602674757379711,0
0.4407723068658876,2.239583822880424,23,1.7207579901290315,0
0.30122002237358586,2.372574498962238,20,0.4439446586287015,0
0.19924084927993613,4.610002098231378,19,4.838808761468774,0
0.2560426815600721,2.7768134750705564,14,2.394474300235867,0
0.4401957990066441,2.066087843451167,22,0.9951336548910498,0
0.2163947243566964,3.4217858758703312,18,0.6633946989628118,0
0.5478156101429168,2.801795881366392,30,0.389873757818408,0
0.506676669444665,4.079240708609816,14,6.463038894144109,0
0.2802172425560724,2.038195707508277,22,1.1683710908118647,0
0.17326333331967475,2.341190414182936,14,0.545353028837696,0
0.30276566098953445,2.425203269458841,20,0.33463018165124775,0
0.3648823529936121,1.0748754604385828,20,0.6060992503856864,0
0.5399042091464497,2.3969346326194327,29,1.8509039573356072,0
0.4057702413942324,0.8314949690878561,23,0.7220964139250498,0
0.366782531619017,0.7073021004393492,20,1.0027400164461615,0
0.04966931710651685,4.316833808845547,17,0.13989752506636352,0
0.06540679433292104,0.7975554218483901,26,0.3109746576282285,0
0.3290418604364899,0.8129510699477912,20,0.49102116358541315,0
0.39875350684983657,3.1612584266841086,16,0.2603710839399198,0
0.3784602178534552,4.2396668595025035,18,0.4566142198519427,0
0.1413026520829594,0.9922976969892281,16,1.7888023434640015,0
0.3512685277183047,3.495587154035184,19,0.5553789666784061,0
0.21223902273808606,1.6680133261181593,16,1.4836246707261225,0
0.12103633791510283,1.1717140638068535,19,1.037215969560839,0
0.2780093671076506,2.3453021210726304,24,1.4732607152654709,0
0.12142517102880528,4.182044563424903,20,2.5575770537014875,0
0.7450896570491412,0.027513245924077043,1,0.894863789622298,1
0.08561710846769655,1.1469579104512961,20,5.733067413629382,0
0.8189209337702555,0.19938128302927213,5,0.21002862443885809,1
0.13128947898030102,3.726496845583529,15,1.1995532426510513,0
0.19699216031634786,1.6575371851145422,25,2.524744891553026,0
0.34411655425876003,1.0024589346304507,24,3.6053527014192253,0
0.33696312218321617,3.4937540270083156,15,1.8832867943986458,0
0.5366948590255256,0.9279745655723002,18,5.307279826269988,0
0.07371078093100786,3.764143000352526,25,1.0055962479629559,0
0.2782969365982481,1.3244110754109504,30,0.19864390633714996,0
0.26178421021126586,2.7845248726216667,19,4.412123583049663,0
0.38565166092430764,2.5534126692007293,27,0.6757544674038806,0
0.4569378042450612,2.9451116187352486,12,1.3109573226622289,0
0.6330198351258295,3.525666040519763,27,0.2772138928396446,0
0.2570767859595195,4.365565162432672,18,0.3663810190600419,0
0.738325326839978,0.10447282651240945,1,210.02645773649834,1
0.28359951459041044,2.4042294230815124,17,0.23666794537622368,0
0.855424043488957,0.11976216799330412,2,33.70941334534208,1
0.3494897686495327,3.031567347607592,23,0.804776604351527,0
0.13548438134447144,0.7219843735705251,19,0.4833388883414364,0
0.12180257326866376,0.9318609407575933,18,1.1206623450948499,0
0.4756672716652325,4.856085324259006,21,2.3076687572892913,0
0.23255448386774413,4.718218511155722,15,6.225914396749868,0
0.1444646754149902,1.7253220050850926,20,1.0120454929837974,0
0.15865290572586527,2.0978407088725435,26,0.2633656797026803,0
0.31642210922046476,3.3870593411586505,14,0.8739416487374958,0
0.016808121175305512,1.294348789196165,16,0.504628049598747,0
0.3324312792850177,4.05548158742975,23,4.168828709829486,0
0.36135504632890003,2.586435785885958,18,0.5395998339267729,0
0.26209265498433226,3.7336986017085545,17,1.493053710368509,0
0.32597663971571905,3.121430279865411,23,0.6852074286821194,0
0.11979828274347816,2.4921776612807607,31,0.6672239934885644,0
0.08663197308961332,4.810658901083579,21,1.7736295693468378,0
0.15971382356582628,4.953745801172031,25,2.050250739972352,0
0.3160817141544765,3.758323583665804,22,0.44433417662059144,0
0.14282285908720727,3.130103801358663,16,1.405144212771528,0
0.4063620523626813,2.6612909054874767,22,0.7672656038916502,0
0.3531688888455737,2.88569403512865,19,4.522073190519919,0
0.9200021338771901,0.16732260565783233,1,3.586358925465618,1
0.8069087643229959,0.12343693307324316,1,1.7284199797122848,1
0.3124964103847623,4.147893474455443,16,0.798280699847564,0
0.40660249277623794,3.774291666023118,27,0.7829424617900522,0
0.16268591002247437,3.868075870601445,18,0.5812926768941051,0
0.1298696057032807,2.9989434787400793,25,2.9201894766322347,0
0.35364964654527675,1.9994058228200013,20,1.932473763868,0
0.3305294050108002,4.505352863876515,15,0.5320653058373265,0
0.8465810609009321,0.1094379907042672,4,5.078657848769461,1
0.3245955849068854,3.564625572174775,16,1.1799029836693804,0
0.1824993088793439,4.852172375946453,23,0.07832298303282624,0
0.5879184255075514,3.1039801512242065,17,0.6406860002737873,0
0.2897062276038904,2.8021580854226866,26,0.7693802048901686,0
0.4695312579478455,1.4685058647863385,19,0.16925016718270042,0
0.769116424063482,0.19502918482727627,3,479.51631490365924,1
0.34986654598049655,2.8233267491754814,18,0.4600569151487801,0
0.3878699936683805,2.1997939185571203,13,0.6293109023398273,0
0.3074777039955815,2.1271975222942183,16,1.1783616803469117,0
0.14629571784838521,4.9185926123143675,20,1.3920561943603762,0
0.21971022860909814,1.7327899298388334,18,0.6793571000274161,0
0.3591791734731084,3.4630456286818716,21,0.7483489441030335,0
0.2739860711059211,1.5408872643931786,19,5.08367865403145,0
0.15639874141564497,2.344029771853484,15,1.4958004114509085,0
0.32157795268839323,1.9828295288240807,23,0.3209492378914249,0
0.03667531788820276,0.7695314611718302,28,5.786031313383709,0
0.14782594778019587,4.1690846013693985,15,0.9258347022558517,0
0.5242025233505502,1.8441460792792799,24,0.7028891885251888,0
0.3519712723664102,2.6886398831749516,18,1.7155105006020965,0
0.17804098554802963,1.0967177784338094,26,1.2970379269618104,0
0.1732178189857176,2.1786721634964725,26,0.8831461216479006,0
0.20224984584183517,3.65827855817515,17,0.8377582350649915,0
0.5143160646890806,3.1089817479718063,19,0.32318508317860534,0
0.26026161246521684,4.84604069737227,24,1.9004851720157818,0
0.053784491820763884,4.917567624057335,21,7.734743088260157,0
0.2863497699350579,1.5692163703043223,23,4.4253241675384585,0
0.27670109405670335,0.8105614127441738,28,0.5137092094611032,0
0.32118077580976384,2.1037207767703108,23,0.5850290768611646,0
0.51133671652077,3.5578910252103277,21,1.5655367148389556,0
0.06318734182203299,0.8453104688809321,19,0.7688374474804154,0
0.41098022881147184,3.6727518193373534,32,6.032399157477672,0
0.1515509248279011,1.6666187418665974,19,0.48859674480292214,0
0.030932861824006643,3.0220106692693918,18,0.29183828012450425,0
0.6276662347711104,2.657141579462619,13,0.44254771786813935,0
0.4330611298042421,2.452365708845166,12,1.4697546722668864,0
0.4631693735706268,3.461154551481136,20,0.374693968078345,0
0.38360430980630106,1.3988381404950347,19,1.2614260353133004,0
0.14702583511990983,0.7119658190257325,15,0.8849114800271608,0
0.3279014390191132,4.537120196964392,22,1.1475441775883786,0
0.33454913306653816,3.8419034126078575,14,0.36489389510564,0
0.9662667586290284,0.030958290664853325,1,1.040098653402406,1
0.9271190027923862,0.07259028523194375,1,4.701802151746233,1
0.12794565176082157,4.990179009233069,12,0.817277101195347,0
0.09523727599491733,4.183955411972075,18,0.18653971268927425,0
0.31448425740215286,4.55682779951066,17,0.5530782699548347,0
0.5902345570980279,2.982130532544685,26,0.7085748265526176,0
0.3547289695912685,0.8038288266363808,23,0.9299858373629221,0
0.24054858678912341,1.2149895318709247,27,2.546643181681911,0
0.42023372192220554,3.320449938175773,15,10.548336195934803,0
0.5618380786297722,1.3402176754346695,20,1.982289181187966,0
0.06818978330960968,1.5504112569801274,27,1.8296745463160946,0
0.0968318288611007,3.9979565737860057,23,4.196354259155553,0
0.687908081634166,0.1877040920866073,2,107.35891494216024,1
0.11496080787230974,4.686065809962508,16,2.8887851735236842,0
0.2950829942753755,3.3737145805409687,19,0.7493710082132509,0
0.9310886934520879,0.01802112648923407,1,13.895191925592801,1
0.09466823396226978,3.5536599467419,19,2.777592911407267,0
0.33906739004444797,2.579065799517055,16,0.48565106069418845,0
0.4171632847940257,4.457513443682793,20,0.25257712878658545,0
0.2339079409662104,1.518977035891242,18,2.957844627774051,0
0.19989559717549027,3.4641848484106075,19,0.8793615621350538,0
0.6309765784931396,1.6789078530830908,25,0.8896822395498314,0
0.2722584338902084,3.052489155403043,20,1.8308342894703182,0
0.08022270701480334,4.021449588649726,23,3.5466585953522354,0
0.23269978744743736,1.2019846474142255,26,1.6237741241537609,0
0.6672805224210908,0.04621858099989128,4,31.5347031414311,1
0.3583688230728718,3.1841231890613626,26,1.9211295653281963,0
0.21889842495179399,3.806388245388943,22,1.6602276663684605,0
0.10360358281121511,0.6205388714605694,14,1.3737734241771498,0
0.11063846280865058,0.6279752355878473,17,0.7414518898863729,0
0.8384727075193986,0.18702077493213817,2,6.8401114778628065,1
0.269385891882334,3.308761945193276,30,0.5317003612344585,0
0.25937548951941986,1.5689777269682754,21,0.6119519462959069,0
0.41299585211061496,1.4760923530034886,18,0.09080890974895395,0
0.33309940663982635,2.7216192844716147,10,0.936716870752994,0
0.3140931350960272,1.6806580985821666,16,3.9975473207665,0
0.4601771473987193,1.1549732018877268,16,3.9591367644961095,0
0.5583863273230149,3.001260757816944,24,0.2351262053704161,0
0.34471831042803874,3.1411204544880023,17,0.7285658128216652,0
0.1480047397536743,3.2570753543415987,27,0.7457823862568755,0
0.28135867536682413,1.6903457325789555,18,2.1926022945460435,0
0.501076268645974,4.667590271833504,16,0.21524606487549885,0
0.04190207597205996,1.209316669926071,30,0.372781152207017,0
0.7674097164296657,0.07926334554942388,0,1.6212762576093056,1
0.37622896160996244,1.510918035187216,27,2.2006972332960175,0
0.35810131085339886,4.111199359399123,22,0.6708515126979531,0
0.2291835998256533,1.9960599129919876,18,1.2874205312965776,0
0.3281240284972125,3.7953434267004895,19,2.158353387348901,0
0.19912848742460934,3.943584136207522,19,0.3910777447929139,0
0.14247590484831255,4.145365383220289,22,4.325217863755261,0
0.12045255110868568,4.534855827976196,20,4.621625053522999,0
0.2372428752256462,0.663531914964721,19,1.63412119288183,0
0.61375381526629,0.5571444054920948,12,0.8329672782342398,0
0.3477102167629416,4.664793742975976,15,1.0236836905385642,0
0.3683295114187925,2.40617560532483,25,0.6569763858980927,0
0.056081953066325026,0.6157966685854026,17,0.1394623553602347,0
0.9554406883380637,0.03853118883581616,4,42.01353566723135,1
0.3520539978982787,1.8918138957890482,21,0.2606598572164222,0
0.21204978225073895,2.0129449973732347,25,0.10305919809165888,0
0.1255427237843114,4.67101768935999,14,1.669548092805031,0
0.0798605992142228,3.0343039174875015,20,0.30109235757701086,0
0.2188228707025183,3.748971299658822,20,1.0581029816891692,0
0.296020747378613,1.703465730070572,16,1.348645772778311,0
0.5619257591520233,4.477304197516779,15,2.7206120059889525,0
0.5500716411432183,4.592798432095991,29,0.30936504995083713,0
0.3544521800225178,1.3603631584181999,20,2.8089561999765476,0
0.49504646993533885,0.6738940031876575,20,0.24286296493974688,0
0.2691821980348382,4.602487849352309,22,4.966799369858308,0
0.3991380490367555,3.5886014689161776,20,0.3115963299034039,0
0.2244830865455625,1.446254333336126,14,2.234634203231957,0
0.852978481688299,0.14150451887702714,3,3.298959350763432,1
0.33403585211162684,4.54669220715333,20,0.47648887937177914,0
0.2716173064771057,4.24663709013076,19,0.33766322180371583,0
0.10985428534121146,0.5286011300461566,30,1.7766016086533698,0
0.8181504775657226,0.13202698747454425,5,8.813173861022502,1
0.4219397517439178,1.050487232789535,11,0.2524298563324474,0
0.8867352375750607,0.13482034493266562,0,6.705153987025211,1
0.6259956741427899,2.6314257682343123,19,2.4805251266168455,0
0.4241249347363029,0.7255970002325551,20,1.0330411520675702,0
0.9721461430617198,0.07973074971566396,0,15.662210259274636,1
0.24226140445819946,1.8892822147606672,16,1.6146535887338722,0
0.5181502212411295,1.6518931209029084,24,0.8213543315317662,0
0.20065511470487804,0.8073398164050414,17,1.479627257316398,0
0.035066206528559046,1.4011012155614404,18,1.4520482543797457,0
0.8389187381137716,0.09026799553448156,2,2.3726906863361643,1
0.5220858513619447,0.9736398765345735,17,2.6388175841369366,0
0.3206498530846424,2.3932596880175616,20,0.8994899607999445,0
0.23274078314473895,3.753504293594626,12,0.5194980926964732,0
0.26621372832172646,1.791053003331159,19,0.5124137562777843,0
0.12218045928256648,3.0323534970629247,14,1.3503473517241993,0
0.12940396965545592,1.67743889207692,16,0.3914130264747494,0
0.21920162296408505,4.746176335076197,24,2.8173123747065922,0
0.6831265000497633,0.04980413383456349,1,0.05631697747851824,1
0.13345381388847616,4.851595514233506,29,2.3188616229748895,0
0.39554129672403254,1.6690000056112384,24,0.5751016305415902,0
0.9399986332714471,0.1532982904355012,2,1.1806066361433223,1
0.39138660135195513,2.802275382858009,18,0.3049664933532506,0
0.41179245952389076,3.8602988322751277,31,1.0853517901571486,0
0.2193718618398437,1.9974537217274677,19,1.3493040380343815,0
0.24956278770834525,2.760143442848935,20,1.2381211297508479,0
0.45865238002528,0.898005204140434,22,1.6918023497064427,0
0.9565333579770507,0.13989052637541796,2,3.3694120949407336,1
0.5550046202964979,2.438831169652986,21,0.759403124382432,0
0.3223174855699046,4.363108626619884,21,0.7490721829938461,0
0.2192190599457423,3.5388466775308207,22,0.6749755138081022,0
0.17687787533018912,4.651470023094481,20,1.728368921678014,0
0.2328692881342584,2.482990734913473,18,3.3461778423494586,0
0.15491533006213845,3.9346322342691042,16,1.3709442219832706,0
0.3215369119580309,3.922476056530358,18,0.03732258157882264,0
0.2605573853286083,4.700330793551175,15,1.9404782524487827,0
0.11140649984163563,1.046779733584166,20,0.1255166613694185,0
0.14818795601348905,2.972433871669568,27,1.2470310215146359,0
0.21411447393586383,1.2257849077234426,21,2.437343101521492,0
0.7653724910463594,0.7567183948677676,21,1.1295138310109356,0
0.7297147634146008,2.948401703826157,23,4.058065470814443,0
0.5467259117715273,2.3556592661717133,18,0.4404972951307744,0
0.6027646804923574,2.7175431754203423,22,2.0562828481978914,0
0.1398995581726492,1.47218724445804,20,2.2584124654724813,0
0.5606114118260668,1.9076189505196979,26,0.5333568252771045,0
0.6117976510375461,0.887204936391083,15,1.0155821078947678,0
0.22504445060835226,1.9856638457361582,23,0.2518429178875196,0
0.28823154019166,0.8780929314149267,24,0.5069858136840978,0
0.1364034523017168,4.124224406128926,18,0.34539786434298875,0
0.267330943184421,0.6593550178591054,19,0.6843566283763238,0
0.1565135277101956,1.9114659314985465,18,0.85681510850237,0
0.07353226959845491,4.1944117096251095,18,0.5772019218957481,0
0.19974812516899637,0.6096925878507744,19,0.16996693307311586,0
0.38560034139413957,1.8058849753405766,24,4.822321675619258,0
0.39362583969625564,2.8192489424848293,19,0.6843444855565155,0
0.11168154469886417,3.4798690563262404,18,1.5186444450654202,0
0.11763742782040627,4.9496759654340465,16,0.1200116940428706,0
0.9109253803777351,0.17186560591486041,3,17.87830921457715,1
0.04756163858522418,1.6571223742130743,15,2.647742775927118,0
0.4238426217590846,1.1320201769946963,18,0.33419761770324163,0
0.8339937163313147,0.12023613851119729,4,0.148101345750329,1
0.35810522527710775,3.925653480189105,16,0.7546351752268311,0
0.5204400308746363,0.5098405825981183,17,0.22604074990299866,0
0.28973648489256815,2.1933386186040766,15,1.0930656804807442,0
0.5105035943927857,0.6069390878552339,16,5.445263247483743,0
0.30737265267924774,0.6709850346391626,19,1.1405743415762808,0
0.20792710198111758,0.8249507625478614,25,0.15196670722702227,0
0.30496912209006233,0.8461472083683022,19,0.28142230922745537,0
0.8929380748399047,0.01919261311759001,1,2.6482843955758013,1
0.24976961320855043,2.344647352009235,39,2.2014658427605145,0
0.5590641859317447,0.8349243925883849,19,0.5014277886993304,0
0.2594060819113006,0.5181169262303165,17,0.8485380597399785,0
0.5643248709170781,4.594955435495561,18,1.3333677600001308,0
0.5915407292182356,2.2906091790538117,24,0.5445719477462874,0
0.45668847956610814,3.9017835632510214,14,0.9172019461835906,0
0.25714235898007726,1.8923740316352267,22,2.2163440491553046,0
0.23565055664337742,4.900234389709756,12,8.84794986243708,0
0.08457362113933924,0.9035879161446698,28,0.43913469776220265,0
0.013896685942194145,1.3846486011188952,22,0.15500749646282702,0
0.16156494978197275,1.224755929863421,26,0.47672283942034377,0
0.1456946526155285,4.943421181419075,33,5.262959306757334,0
0.7013360976076632,0.1649249484425075,1,6.019825776430647,1
0.14649273940376675,3.252093280195445,17,0.5820908633762675,0
0.21534114067254168,3.044256418917234,21,2.2128170862375423,0
0.576604913296166,2.3446360261884576,22,0.18515493021259308,0
0.1689700642638091,3.89526536024245,22,0.49328025705089945,0
0.336014221571713,4.531678452817419,23,0.3568064430447709,0
0.2905142288746286,2.9191810231890547,17,3.2512421608113597,0
0.14416645098899866,1.442566535275563,20,0.4626354004246849,0
0.3541692025754973,0.8196260010796018,28,3.3490164823813715,0
0.2102900379417277,2.53094127030445,20,0.9217291286917407,0
0.4481493743096443,3.6128353404653564,18,0.44554319109310103,0
0.20349931088382703,1.465176414260739,23,0.8776201479157428,0
0.48267932684454834,3.6755603493322395,23,2.1463451470394874,0
0.18744704666121714,1.4273985722531637,16,3.592238406852213,0
0.7644509250980049,0.1542460408781403,2,0.25857906187460294,1
0.2082880073969174,2.58603995858886,14,0.4975407833575802,0
0.8068517691170564,0.17416639574563408,4,10.428451836223378,1
0.30186183924484117,4.480912104646082,16,1.8994256072570235,0
0.4282748114485845,4.270882549034038,18,1.404402665990822,0
0.24013711351761624,1.0811409942686032,20,0.7168078735552847,0
0.21830410986751608,4.635912404146569,16,0.7666350582148522,0
0.11620859703376028,3.0069432354349654,11,0.8959105618955517,0
0.7299190494969652,0.03669833062212288,1,34.14802777693823,1
0.13364171414701467,1.7911058579675425,24,4.088619653816429,0
0.4590086218133294,4.1776997278654795,23,0.23583053781933647,0
0.42239883657948424,4.786841533811339,12,0.37259521254880823,0
0.39442240219676844,4.059163485820921,19,0.40203172595020764,0
0.12667084883771068,2.934709762833827,15,1.293224281719141,0
0.18304152672527962,4.053088831187725,22,0.8665524126431673,0
0.3342362395345823,1.621021462304429,25,0.7885831738741222,0
0.4298462054008722,2.1767700829441905,27,1.0038658833558451,0
0.0990622374286915,2.6846901406812087,18,0.5544289956163285,0
0.3406199235061713,4.117897570196535,25,1.2304130719752242,0
0.34428795787800065,1.6930200930883719,17,0.685063417768137,0
0.1301540835611602,1.5901794343815236,22,0.20116922937262402,0
0.13552499946348104,4.495084177620052,16,1.3050765739635701,0
0.10779593569628239,1.2754875793154241,23,0.7916033937781523,0
0.5826994461504169,2.0609961474140572,24,0.5797544423728691,0
0.31030953565130537,4.059730066868501,19,1.7130070257244445,0
0.12819566770747426,2.6020029517496837,18,0.7129338292263623,0
0.7057282457267018,2.584309439205504,17,1.8356205244035533,0
0.4881794593810054,1.1328737078265332,18,0.7725999056124193,0
0.04279347965711006,2.6213465260667386,17,0.2781576339333958,0
0.2066868957360485,1.7582980917057114,18,1.0068931734137034,0
0.24830664826956325,3.5338373903286873,19,0.9526537774395527,0
0.45011572719829307,1.8678804795714845,16,0.42396486514982856,0
0.09900596591540249,4.259285802490411,25,1.8075725261482496,0
0.43182151374873773,1.8199285879856637,18,0.1314444099523807,0
0.7992401185911802,0.058541035160585106,0,68.92112321091825,1
0.9029609018633038,0.11028344202548154,0,1.0776619691796525,1
0.12703351201878826,1.2564058078254463,21,1.096730758751622,0
0.8383733557275764,3.5631460084830797,32,2.828736144370614,0
0.1886864159686535,4.159126031063645,20,2.151691541089687,0
0.6819200708343133,0.09446382032260237,0,5.708134142098022,1
0.3639946533163833,2.528150276189681,14,0.7296665188018117,0
0.19912473075378084,3.6864104032047735,14,0.6032632756495012,0
0.4371408647735529,1.4461574620366595,18,0.9148857325661562,0
0.18253698052983844,3.96434873096286,20,1.6341030976383026,0
0.4002408272037386,4.10859320156924,19,0.44283486367989716,0
0.9714038118128173,0.06916785799850741,6,79.96856241239854,1
0.44312155044908025,4.269804915312217,24,0.6405575377057419,0
0.10409204358463944,4.8920148796870935,20,0.6428127282866825,0
0.07059679477168605,1.9881022382974969,22,0.3609591155641531,0
0.29450387147977175,2.189816522898975,20,0.8687778036523862,0
0.21069700031367614,3.760077939917646,11,0.8187594974872618,0
0.3998406131910092,0.7790432871492833,20,0.19271127714586841,0
0.1672473665961818,1.3728844043924942,19,1.503979628239611,0
0.09430738484491724,2.3061288139369505,21,1.9306192358502166,0
0.13587946513999294,2.63913100419792,16,0.424866809133129,0
0.13566314410828142,2.003687283558965,20,0.19735257047834873,0
0.8615862239642521,0.0771524430373977,1,1.7901106248454381,1
0.8052909667587226,0.15854007694253225,0,50.1609312322162,1
0.4031255598628572,2.4478447912488104,21,6.3201379165944385,0
0.34879317348847344,4.679620789685909,23,2.330145382937237,0
0.6150421822417544,0.05219403997753536,2,6.244240797252435,1
0.11604634620161097,4.359682232552333,21,0.6918802753149631,0
0.21787175717129567,2.5958203292856505,13,1.4067805330833933,0
0.9673153294331369,0.09252812132549519,1,0.23541850857561972,1
0.46674369376002767,4.19759162184566,18,0.4951602761280614,0
0.22592030710947988,3.9566402686327127,25,3.1347841946145967,0
0.8905663750546289,0.038454998621878934,2,64.63060502892664,1
0.25244880494686467,1.0460919921604326,9,0.28649163580671005,0
0.5980152319649721,1.8329006056775308,23,0.9332039589133477,0
0.5613525347135218,3.6647833539531374,24,1.4728854546128214,0
0.34701060169897524,3.557759481092557,25,1.2926329700493462,0
0.2867489690125311,4.986785725068524,18,0.22214062090488249,0
0.37643995469049796,0.973411694063298,20,1.3028971112196988,0
0.891305822704778,0.1357689742653286,1,1.5773938116486659,1
0.5701791642706404,1.6964659163910611,20,1.1453248458440664,0
0.07447316613839003,4.8716145771814015,19,0.22156286456729912,0
0.4291231957512696,1.270610615727862,22,0.8441241864840139,0
0.4217590101007345,2.4120089291585733,15,0.4991351888758422,0
0.3425335089370011,3.609021694191771,13,0.5021603961300201,0
0.8372509123258763,0.015009547603093192,0,7.127192531584683,1
0.34309800849040617,1.7980102473757533,20,0.07747315991662446,0
0.4985483492979857,2.4342455118789283,19,1.4668225245175204,0
0.08428754094397199,1.481993076845352,21,0.3351661996724331,0
0.48203858651222753,3.5537870967950407,27,1.5700245952195002,0
0.11487099992077432,4.531478730063702,14,1.4078113166302741,0
0.3922781886401084,3.6216810727809965,21,2.4656523536140167,0
0.4646359343133383,3.8464481925167187,21,1.0644943159376203,0
0.4743810156679672,0.14842495004356437,2,13.23461627012279,1
0.10102745050007562,4.896815817149662,21,6.816853468355204,0
0.11706594484606461,1.4739291314297254,24,0.5038571862142369,0
0.5797690537296621,2.2300031661946873,19,2.3826217427524945,0
0.1924780512425938,1.6666532897564994,12,1.4569011184940819,0
0.35532240032029255,0.7839505513249594,27,0.456125744227119,0
0.19866570813529316,4.542247737712383,21,0.27474372588073065,0
0.34810794939433254,3.122517126731007,10,8.909047066636031,0
0.26198221437928587,3.1341739685833896,18,1.083660561147112,0
0.34335681101320586,3.307191695533021,18,2.2424141128514705,0
0.6329046808448703,1.7613550426221463,22,1.536897617772703,0
0.38034135894229143,4.970628160046938,28,8.448610742312052,0
0.3811831068235503,2.659393085726547,18,0.7280822849335062,0
0.22753715509568956,2.0377786666939737,21,1.2903294449208846,0
0.22798474884149025,4.429412220776701,23,6.89684976181747,0
0.23083235699791987,3.7535992101890243,16,0.81796027202514,0
0.4210903259923305,3.4265383489094687,18,0.5175607062076745,0
0.14528882772873392,2.4576685837346703,13,2.0059295186837445,0
0.018744582584626125,1.9412579742606444,15,1.5609174139496187,0
0.28182075369569864,2.649738417903177,21,1.8788659587397267,0
0.31757128599016926,1.7561498448310702,16,1.4230847602393988,0
0.527256105649864,4.414318682500166,23,0.8874428079539615,0
0.79011739537857,0.18693677375116433,1,1.6193236699535585,1
0.3035934872097268,3.9772355414223384,24,1.3287846911647823,0
0.11528436065906941,1.034701129045398,24,2.358900984910577,0
0.11360689578323471,4.148996863896884,19,1.2649265398137801,0
0.45769011402474125,2.331432869620872,22,1.194854677297084,0
0.11501586510497908,1.2469060999373354,15,5.799557102805261,0
0.4792177027115322,3.7818338517940835,24,2.3996657994280874,0
0.09337586602240125,1.2692963553018322,29,3.073464112560384,0
0.611209502132142,1.1009390354191364,26,2.730292745697532,0
0.03668407810018758,4.026917842657456,23,0.2848420454136196,0
0.21477312143074445,3.8355417527286253,17,3.319608759847523,0
0.49472873915989635,3.7784708947024646,31,2.59215065827954,0
0.24175409272202134,0.5587809489686446,18,2.563298204193622,0
0.1107344511546411,4.949292353259344,23,0.25083488228926293,0
0.8714167948973124,0.09827976874430681,3,2.9946325401677982,1
0.9022617800387314,0.07741640286489519,2,2.2305770078755183,1
0.25497624268043834,1.9550201423373492,21,0.8737699940777179,0
0.2935217611927249,1.956405599757574,18,0.19082300296542457,0
0.2523807568350871,3.1409868485363397,15,1.8077076270090802,0
0.8038855532766334,0.0879296283925268,1,5.802984935866178,1
0.3441427746739158,3.224139327003109,29,0.12894911912564436,0
0.7033364684533276,2.6041850319506787,14,0.2264875273267582,0
0.18567188136663948,4.000318321511116,17,0.3172232519422574,0
0.12548581099993655,1.5555890036042794,24,0.09591724408115336,0
0.36530195935822835,1.7414060216115521,19,0.6320235275436573,0
0.35052746302094223,0.980596441476745,14,0.2557189263212074,0
0.25461027133083974,2.514702034523251,14,0.8026420985213099,0
0.08293816727645371,3.7976603956797117,22,1.6508903310679364,0
0.1872184789209294,1.7487379016409084,16,1.582577733409014,0
0.30830068539822786,2.1894751476870415,18,2.9728508659721338,0
0.2915983366034796,2.605310521637552,27,1.161338062488947,0
0.23701937183183366,4.8957605072427555,20,1.1087648850759073,0
0.3813851480751175,3.463150674558357,11,3.1266441439137975,0
0.19335050455487657,0.8751890118985722,18,0.48467404471071335,0
0.1948185945241991,1.6615582989738262,17,0.3009974041447738,0
0.6720843388080523,0.15685063664390922,3,80.29605061451653,1
0.096774490182979,3.506965302238089,16,2.8244425817127388,0
0.2111085010278137,4.988288491208618,23,2.6499466200067916,0
0.3804386256055918,1.7456474860151172,22,1.347975282696567,0
0.7686001502112052,0.18095269604428038,1,3.23655274435133,1
0.17477391227691486,4.824825477670763,17,0.47384808583535337,0
0.8665695851753179,2.604859512825735,15,2.540338621166961,0
0.4595065324000731,1.1989741134953935,25,2.579901636261949,0
0.3991694650727244,4.400180288358193,25,1.4816913390485953,0
0.5438084735092074,1.9441611186103465,35,2.6326691435218805,0
0.2608853969821368,2.5228219771187073,19,5.242373582458682,0
0.15954716316453504,0.9380826636807038,17,0.34418314081981377,0
0.3142122253491837,1.5175895573292293,22,0.654913165311337,0
0.395384917654799,1.0618698191877978,23,0.3477400147478904,0
0.4922697453233694,1.4069839581852852,22,6.067493958108443,0
0.1780409052703536,4.508778235099458,26,0.45937304938599544,0
0.18622383984426727,1.6683982107131383,21,1.0590937193994956,0
0.28497094348660884,1.0523150687175424,18,2.814519386192233,0
0.573570652432081,3.419061224843789,15,0.5247674545236977,0
0.034188097395745895,4.867609104991074,26,0.6531011291222145,0
0.40143136666140106,4.554628014583235,14,1.6774478209983912,0
0.7098698324373749,0.09785514260023205,3,1.4212120934104338,1
0.29900279779807126,1.776622740510614,28,0.3427152860562406,0
0.18376372221917575,2.9152878003608507,23,3.309124570973949,0
0.09503713814458215,0.7297303995993434,13,0.23419919474989695,0
0.3300823240422414,4.813525526962165,14,2.4501612656856486,0
0.06290528789664451,0.7558497078424593,17,0.8089355456179473,0
0.6184910450684269,1.1628021504491475,17,1.1292674647400356,0
0.36240408950870306,1.2596089338347178,18,1.0933654951493763,0
0.33937492606149133,2.12302203664004,18,3.4752564104051835,0
0.40052847448714685,2.2624704156150828,21,0.3981619586644687,0
0.5830482938417477,4.784067703629883,30,0.5706685532738994,0
0.5388267907326321,2.1639626010545325,22,1.3789522479748695,0
0.2710889367996222,2.9458177477156804,24,2.4787886638847088,0
0.6097459791620136,2.147699146494107,17,0.9000897489447294,0
0.1930607934482085,0.8579071685550825,19,0.16147616594054892,0
0.5550471697658058,0.09130814121920089,3,4.176571889731913,1
0.6580902503215664,0.1324405726606528,1,1.9162509386408724,1
0.3765309349699956,1.2315132583940271,22,0.9831696459056009,0
0.18646956062174017,3.4233773270453165,18,0.2659541027515951,0
0.5276213909986558,4.257506151560774,21,0.7711533380632206,0
0.20103152672226568,1.640873220590302,18,0.43761908173871367,0
0.32643704186851286,2.236833176124806,23,1.8110773457514748,0
0.22260492868647352,0.8736241787407295,24,0.05042404703680849,0
0.18367211189688762,1.3315656299155298,32,0.6843571809111908,0
0.42130376707897627,1.2595447744888113,17,0.6860695715933964,0
0.25781456277498593,1.0341624053979621,22,1.1089244517536188,0
0.28317409280569994,3.314590490758016,21,3.2439983057163073,0
0.1580349867303235,3.0012587983715178,21,0.5320313341904712,0
0.6538167408188389,3.0066585721430465,29,1.4086128746729782,0
0.31594143727971696,2.6958827180790226,34,1.6806774909301123,0
0.3257569543384187,1.7985244470109072,18,0.6759044032691459,0
0.43918240106645157,0.9391114199040778,19,1.1109268379500628,0
0.3299010905646414,3.7538489435590496,28,3.484506530983015,0
0.24564035264858106,4.34371750056903,21,0.8064732136064094,0
0.19301475397412923,4.689344782055878,19,0.9231441437518197,0
0.12249359814629597,3.6657594367597945,17,1.2772897469324214,0
0.1607645894901175,1.6327975928675897,19,1.9844521468080796,0
0.1681793093290641,3.676213538536771,25,0.2546599311456369,0
0.11621389192487334,1.2000842454705336,18,1.5585869332254096,0
0.19778643378756802,4.775616836061282,26,0.46880015838945194,0
0.21402707301499715,2.5510029936278116,24,0.09984939296462529,0
0.43576584246738065,4.793260339764897,21,0.7292306935970612,0
0.7898046325569225,0.05171906649815344,1,14.620482157466562,1
0.31983496945663104,4.2763481817251625,22,1.1956111460085561,0
0.3185573683667063,1.982825727567119,20,2.190040995533047,0
0.3910634202354025,3.8945018072997,30,6.7009402724329625,0
0.8254292146008424,0.02047791255236109,2,4.220368513458433,1
0.44510414629647516,2.5452723902162595,17,1.4598108139969332,0
0.25074243065822166,2.3721226367147374,20,1.7241699902567984,0
0.04186333940289941,3.8564512779021265,18,1.589743032272274,0
0.3239450513034291,0.9460841917237284,24,3.735334573447062,0
0.4144088123796559,4.1860634296816555,15,0.31345788554803783,0
0.5540083125060371,2.798384138967303,16,1.6762787613753862,0
0.22561040803413995,1.2404811195464605,20,0.2438047479028647,0
0.6365050527018932,4.668690642423092,19,1.6673163771801862,0
0.11828425022514778,4.163975980024075,24,2.2062594475373474,0
0.28062452633867113,3.427169276957849,21,0.8466518182909502,0
0.14605158161126475,4.400588007723078,25,0.6771529401173991,0
0.2968637176833077,3.0159452339379738,21,0.3569112626161595,0
0.419591637773717,0.891070059138724,19,0.7374195983143503,0
0.47276638179433683,2.707870097662266,13,2.4863952297558822,0
0.5521651012738144,3.687268814892766,20,0.4098291555607953,0
0.3797980261833527,0.7415804036110281,20,0.21463978886919907,0
0.22784699829615473,3.4117754084100986,15,0.33000927995208434,0
0.5361425372136595,2.8468452982361114,24,0.21090721482636113,0
0.21158149343210692,1.971213798302058,14,0.6739548786939087,0
0.361130010567591,0.5901001996022565,14,5.97649151073149,0
0.2554982504980656,3.195148120224527,23,0.7143314418390982,0
0.9598589974168904,0.19273360745899476,1,19.03367618586041,1
0.3941264486645996,4.972000515263023,21,0.2630325445890043,0
0.5480902412461395,1.6974075764659238,19,0.48716047383477845,0
0.24526122331608993,1.3177431204823515,15,0.7120197729085049,0
0.16662435094401157,2.7017958460286833,13,0.351526501671897,0
0.16713597700447222,4.818670987293471,13,1.5281147735487635,0
0.27920382368780966,4.719862531962704,21,3.173887138490809,0
0.09595182858622084,1.1456775017247327,21,2.9417599001530275,0
0.42895937883606666,4.608287747015308,27,0.5466945884823965,0
0.26247593210006964,4.810530781272172,23,2.4435063125798537,0
0.5443360583435052,4.36740430306895,17,0.8477632177363031,0
0.15592131081501281,1.4079407926734548,20,1.4589122805491128,0
0.17824703519976204,2.333944342460085,21,2.2706090209375893,0
0.4768505409254365,4.481606357104836,21,1.607307970758364,0
0.20414710899076705,2.993105826763273,11,0.6203337833458865,0
0.5105741166071869,0.9447968659861814,19,0.7819301011424961,0
0.6047010678942868,3.7500517106269213,17,0.28761769661856657,0
0.18273110794142902,2.113607976042441,23,2.6310606875965963,0
0.09959221191403786,1.8744641312475532,21,2.6738325638619314,0
0.4407013735765972,2.9286235984551996,26,1.7141622686054998,0
0.45913525520781734,4.1485132966045075,11,1.4517563822621082,0
0.261701630647761,3.603577315495783,26,0.4759029326718121,0
0.13421861037898547,4.3574790327433455,26,0.850714310029804,0
0.10375874099598938,0.5169425126145075,28,6.127184938592948,0
0.08614600857409782,1.7563547376752329,18,2.1303586033748454,0
0.1676867033448465,2.2995762095307555,16,0.08472962054466382,0
0.07577132738467318,2.96351362804907,21,5.8619736962267,0
0.22940884053967525,1.7223852720511212,17,0.3285258091925568,0
0.08974253518889151,3.809692679283962,18,1.6573357296750908,0
0.36877749205264726,0.9829296140986978,21,0.1740557473154981,0
0.19666499707905408,4.500419460715438,16,0.6310950237424374,0
0.7089073155798091,0.5384527335934397,26,5.422748572234196,0
0.23807080241563042,3.90009643522111,21,7.391358978778988,0
0.4808781791478587,0.6770359132420931,22,0.6616160835722671,0
0.09251941183396331,0.6177095980597187,17,0.24642035005256072,0
0.12084689263900315,0.5155086432263398,16,2.4009797914976656,0
0.20784359220885956,4.031899116050038,8,1.8426654694855156,0
0.34681591663939,3.6032626180177596,24,7.353770691928684,0
0.0517147714794342,3.182546504974365,22,2.843782788528488,0
0.07951403171470056,0.8929602276878286,25,0.9380515502800126,0
0.2389170232526283,0.8369458154818388,14,3.02589556327308,0
0.859551406708311,0.13917803984312538,3,1.9242909001343638,1
0.33519601176361996,3.5116092998964707,25,1.838977489343604,0
0.11171447030259855,3.877750006688212,23,0.5511403056468946,0
0.3351900622097154,0.958537421940501,20,0.12382930367883992,0
0.13873811591058421,2.727658152221805,22,1.3470351026435463,0
0.43643764443066435,3.5740928256705464,21,1.6761305675498974,0
0.2889588543914398,1.9535696431914935,18,5.800447522604494,0
0.3677164194980987,2.9121357223180984,23,0.9520654047564426,0
0.14121227487213597,4.425067198113096,23,1.431359143210443,0
0.686818989654262,0.17248487399417586,4,67.46591999291309,1
0.2437715672079366,3.1591906414251083,20,2.278156518948592,0
0.31311856199736865,2.2557482640688464,23,0.8359591515453482,0
0.7492404565559537,0.08171675075566368,1,20.580143005616847,1
0.29212625999517394,1.5161130626994441,13,1.2443271467958552,0
0.6839133136821789,3.895523181117338,25,3.4579669587989894,0
0.17149112217341567,0.9746420804833016,21,0.5921141786535783,0
0.09822973026151408,4.531767794459743,22,1.6819525145252372,0
0.8214983926027893,0.15927016210840356,2,3.260354585749027,1
0.8400069273669862,0.06322960587267837,2,167.9294489592962,1
0.2880238331920055,4.938493718212137,18,1.9418759194704867,0
0.13932722981361442,3.2315060491647083,18,0.6822775773549292,0
0.2602165939442978,4.383789679378376,16,0.3057129766752904,0
0.279996839043704,4.377782788497985,25,2.1368404603174826,0
0.2776294618306432,2.298654522622865,18,0.5215277141461196,0
0.22040268910753666,0.5319146048212351,26,1.4260916675951745,0
0.798970202781295,0.1297465669014226,3,9.29368624351997,1
0.7552241507001,0.08763603866057622,2,1.0984538190118587,1
0.1526653439565853,1.4974332929119258,17,1.8230535034056408,0
0.4053260931267854,4.379135120950996,20,0.5623421433831776,0
0.39857865568633216,2.335758338305321,19,0.42775333230205975,0
0.592665728832445,2.3373946796967067,29,0.3471037694319616,0
0.40394702832096474,1.4033063564381592,22,1.261884413072273,0
0.05186969468209272,2.7392987882859483,18,4.704992907774763,0
0.1984246909609919,1.014949579264784,21,0.5719291808169997,0
0.25557277865146977,4.5070487272494,19,1.8241810306649424,0
0.4520697104716762,3.7252256387030425,19,5.171315705329212,0
0.9463746027912666,0.028660530371959057,2,14.966408505044408,1
0.4843474251774516,3.3573109174789106,21,0.28922210347682753,0
0.05211539592797755,3.821084710629947,22,0.7454085101081336,0
0.6481417669099114,4.670757140045193,16,0.8033452345887397,0
0.6345389010717123,1.4765950572087436,27,2.0984457809944033,0
0.9887154328241756,0.10127317860799223,5,3.8301517170602004,1
0.4880756435326257,3.501262323119397,14,0.8368034077158489,0
0.3658900901170611,2.4211436179352175,13,0.34868284807114786,0
0.51088049168444,0.7360011687418976,21,0.48798284592199065,0
0.49387668185501293,3.687072538758844,29,1.6418115902051869,0
0.2450241613120512,1.6308889113046936,18,0.36254210765166733,0
0.3178914663196307,4.739775248320237,26,2.280126573668273,0
0.62202274074414,3.209019499847645,16,0.4896903817633278,0
0.46477676635505627,3.001583928826213,17,0.7296648536546236,0
0.49585950709243526,1.1229801585531751,28,0.6248463076695497,0
0.27380889806662767,4.535204441932892,24,0.5312178209713182,0
0.6799331184189162,2.102835138633119,20,0.628578902632457,0
0.20481563137009104,4.550662366262106,19,7.614162080053729,0
0.17735690912132268,3.643874804104811,10,0.8164149038381063,0
0.5899599107635759,1.3661206735794553,21,3.506261326375626,0
0.1545178386649891,0.849617307240851,11,0.1990005709145519,0
0.2906805258999569,2.1007155392737795,17,1.3375697728677247,0
0.06161357199121762,1.7067309777455315,26,0.3806357595175858,0
0.3601541585063191,4.07808481630223,23,1.5020245747691705,0
0.1878002003805922,1.4901608411497962,13,1.5685290636371378,0
0.1615933573921783,3.9770549487349083,19,1.2655081218922508,0
0.21543263950424216,3.7153446954923046,16,1.6559631816363352,0
0.14490876652128382,4.965480233872533,22,7.53233797931675,0
0.411738247803406,1.462271580786715,28,0.14970922255668245,0
0.4178468651342044,1.7768239189496682,8,1.023630424671106,0
0.14690397131014837,1.1288673735543933,10,0.5852825403875798,0
0.1503282326665673,2.081543532972713,31,0.533197045238202,0
0.15499871960427822,1.305561091460972,23,0.25397505987499336,0
0.8247439709469065,0.1699765416872574,4,3.4000316255270646,1
0.06028517426923541,0.9754402320085875,12,5.417914633935473,0
0.22205348904987204,1.3954695053980493,19,0.6849710148830114,0
0.3493666699274734,3.94047051742509,24,7.94546207134584,0
0.523048154525885,1.649183375413161,18,1.1406051592699114,0
0.5062989800559925,2.356890641832732,17,1.5459413559551325,0
0.12651106288950933,4.407124132160793,15,0.34834992723162345,0
0.4059713214432677,1.5198901265893427,20,0.6671277752960872,0
0.20615616328767417,4.8328807756461645,15,1.5469392413983956,0
0.6678685460978875,1.5157542910960078,19,0.48705074778778545,0
0.13721778903527357,4.266107039458747,11,1.490127386571385,0
0.22778634567775324,3.2330816394253614,19,1.0382119538095091,0
0.2911521006271944,4.518581051219327,28,0.4373660917186831,0
0.3441503789044014,3.089971517918079,23,1.4787921109704436,0
0.32624681686503526,0.96598699652007,31,0.7679313574009881,0
0.05228693683765248,2.7191888044996455,21,0.5309191707946622,0
0.6678213151372465,4.7675048456378475,23,0.25792059442725224,0
0.1310419507601914,3.964256235346496,16,0.3073191370913639,0
0.08343259547141649,1.804878702272864,21,1.726378992676632,0
0.3119640793370499,1.9787121080363066,22,3.730763556071939,0
0.13768190854700357,1.38289230774782,15,0.96467424214619,0
0.40985057324090846,0.6803984794703556,16,0.8797717737507916,0
0.12462624656807877,2.619655674190536,17,1.32281857027388,0
0.3414882404395134,2.3706869821874355,19,0.13161422160260614,0
0.181082705433017,4.644943870089776,20,0.38875913810805723,0
0.25054185837603893,4.057864632655692,21,0.9642793725327101,0
0.08692484527089693,3.940654340929887,18,3.8049382634563833,0
0.31054598154840274,0.5690173182915297,23,0.6957645517658343,0
0.28449568561710875,4.635648307507894,18,1.1091161771494746,0
0.08865826746357361,4.470274616230661,23,4.696073723309968,0
0.6277044087955698,4.730752935794197,25,1.1157541697165365,0
0.4407983214863033,3.7843570153167305,27,0.43187403983723316,0
0.16189860096088904,1.8398804478722217,20,0.6379192439795269,0
0.2527825439552348,3.3955921493186985,15,0.5955414477124914,0
0.6307999878213162,4.524970090958934,19,2.473063017452429,0
0.5722392545273715,2.595560759793948,25,1.6788576344924364,0
0.4488842438771781,3.5853542774786167,23,1.9742070163267227,0
0.6226090953424976,0.1330621198507115,2,126.21552855993833,1
0.37529139483046137,1.6382890586087586,22,1.8964355424734927,0
0.20725497813097518,3.916932062138658,19,6.402640671531424,0
0.23539623144906668,3.9623434859238302,25,0.41832797664481675,0
0.056190215407837966,3.048260929997987,23,0.6589926345408387,0
0.272402651879586,4.979636274413712,18,1.1103604863104286,0
0.27983903821120554,2.8675325453847003,33,0.14205848726091502,0
0.42302375687645927,2.608200096393704,19,0.7081708758984842,0
0.119941085020253,1.5904514863113204,23,0.7663267595975702,0
0.27179399769176843,4.145111983348883,24,0.6864044645067024,0
0.19353735665725041,1.5514506390045542,17,1.0387452255643532,0
0.3000003312479366,4.360887622060581,22,2.481280584554748,0
0.40012948313887126,1.9088275140948028,24,0.43653487358843507,0
0.2467566339770357,4.4605050462407885,25,5.726324502787693,0
0.12175104703269338,3.018259555993633,20,3.078434302824495,0
0.3490694604212425,1.3075318437813281,16,1.6057595040471697,0
0.6393681226599313,0.08874274921912222,1,12.026352928970871,1
0.2227754920956386,0.8225284485632566,27,0.4066828800576952,0
0.23459740626536216,3.419613839281943,15,1.0017336890953867,0
0.100593954976594,4.6802699681888225,15,8.25061287806939,0
0.13936259377053903,2.5266614861772974,20,1.1091314541235582,0
0.3247981786081375,4.557148235101455,20,1.5424768809466949,0
0.37338291303807036,2.760971944675412,20,0.9395418618034527,0
0.25538194613085946,3.2759661189535203,24,0.9379034857968395,0
0.7942758606641287,0.11747513786332618,0,58.809451430949295,1
0.6770969958315641,1.3170538236082054,17,0.14010394624854303,0
0.10168474470127709,1.5418332911697954,17,0.4957154293844887,0
0.260946894808838,1.6392001057894272,12,1.3951556115838233,0
0.48600814507675605,3.02270724878587,21,0.7135597516193533,0
0.6812619333701813,0.03291654114345858,0,0.1721242273655014,1
0.1301033698106648,2.2838896240628292,13,0.4337063107947769,0
0.339246113866735,1.3738429034093043,14,4.694252237837668,0
0.09089767603945398,3.6111426957101416,25,0.6367233057468682,0
0.4313467979316005,0.571097521417951,18,3.106310607601841,0
0.5457630300832229,3.856716725695178,27,0.9065369261175251,0
0.030009758915296156,2.3235931491601747,9,0.8638566533221861,0
0.3866133607586965,3.757865194863536,15,1.4455775699421172,0
0.6238416618343888,2.3848054770086633,14,1.6617302161984115,0
0.40380010682312156,4.209563236617155,23,1.1133981495050456,0
0.2142361470655046,4.698626380978756,19,0.32939123084023353,0
0.7512821969896326,0.16883881725535899,1,36.672790576785076,1
0.19357927124279745,2.4600044195831634,25,0.41019964545149407,0
0.22116394542717563,2.0216728802403168,22,0.5024982199283832,0
0.4154178419102568,0.8743322061910257,20,2.1027370582185396,0
0.5312718855612547,2.802918020619071,18,1.6556492022646543,0
0.07528677011350435,3.1677664183528678,18,0.6689822138248771,0
0.9174541339918184,0.09252152303726496,4,25.809502670640434,1
0.33722688795257355,4.558103038649693,10,2.0412496909989426,0
0.2586883977423919,4.757054840265061,29,0.4634103515556942,0
0.5217998060356445,3.0582943601549646,23,0.7251028802869437,0
0.1768255750001346,4.43638430195121,22,1.1580183739045915,0
0.7137428394363456,0.11631583074497984,1,4.313622089819466,1
0.04995575273056908,2.3565450392566225,24,4.613441686549643,0
0.7716385577547326,0.19055226134910866,1,2.825200661267928,1
0.15542878993618398,4.965082038346935,20,0.4568840132670404,0
0.745923128164555,0.09380503864486714,3,0.03813847285765026,1
0.33218618130757194,3.0631412561925746,16,1.9236292504387564,0
0.17622697376524415,3.9273025694751436,16,1.3828652587125496,0
0.5135748833750587,3.205893397795531,15,1.3296156788993296,0
0.058702263944200056,1.2264302954386133,28,0.4167313160001706,0
0.3074447224471694,3.6030821789520706,15,0.5109915758744118,0
0.45602393762830734,4.10931199604777,27,0.7893237858533696,0
0.3929585393108898,2.663938641069323,13,0.5430850806895408,0
0.17915791055043712,4.800351023110242,19,0.8604352626924896,0
0.32867251861924046,4.485438026417437,20,0.9346076058368908,0
0.39756975505234393,0.5703852808230793,22,0.3798457757956102,0
0.5064336956053571,3.494649097499166,15,0.5013329610460521,0
0.36145076658160585,4.761243743973274,21,0.35160055031839565,0
0.5106299801508418,1.971886729418142,25,1.0350838783564764,0
0.29055181801948887,2.211098643465342,24,1.217988051989445,0
0.6853196451158186,1.720445972942972,23,0.2210854415072729,0
0.7248208544083657,0.042378657292136315,0,3.902345851208473,1
0.229474693063353,1.0362914570645811,23,0.8573310118565707,0
0.12688741479792034,2.58658906222065,19,3.807312515727579,0
0.15638710325678162,3.324815749564822,26,0.5624400620879655,0
0.247003335658182,0.9732160304159867,21,1.3768353369333068,0
0.07884063441218138,0.7790829041209251,22,0.13776031662676397,0
0.18557607599339493,1.281701179883611,16,1.3890649014563305,0
0.5928713090446969,0.5999500828396565,18,1.3361479261095666,0
0.2540256952054836,2.684938991243483,25,0.317242913695587,0
0.1906096453192185,2.62120832927545,18,1.1361978120148992,0
0.45304497775966307,2.4545570681035835,10,2.028833277518286,0
0.5617379372703534,0.8759177640673607,21,1.1336474489257031,0
0.3511440976498098,0.5606802539780988,11,0.478560159906027,0
0.14764510925380792,4.957413527919487,25,0.23122942937325,0
0.9882976625200396,0.04231705275462169,2,1.1205887870696993,1
0.1281306306764546,1.7550428535652216,15,2.2852620142326905,0
0.16787984583753232,4.089523142740284,18,0.7561227069352505,0
0.33777687168269144,3.178019688163809,29,2.9978781562200654,0
0.8878542145813003,0.06182189689843193,1,54.17442711133221,1
0.9029900852978242,0.01948787036653659,1,1.8214253737640622,1
0.14541825347825524,3.513411891295662,25,1.6521813431638346,0
0.09678929961519836,4.877859914196209,22,9.260621586853626,0
0.30435983611787953,3.3149932487226645,18,1.6761044766811097,0
0.1422984648485531,1.186921322605965,21,1.724178826136539,0
0.09802191416149976,1.4072726946205782,19,3.434641250433697,0
0.9174771088649261,0.09073567058812361,2,10.687627674269756,1
0.2082910327144476,3.9160152488924207,19,3.0032535326082757,0
0.3198297220891817,3.49073712664681,31,1.7861825811482377,0
0.348654091018584,0.978082046712494,15,0.6084492603488547,0
0.32963407540815387,1.979276254912362,18,1.1372787788539647,0
0.11254839948050156,4.393445494803666,17,1.697170529955909,0
0.12559776655325314,3.4220094249115536,22,0.39754612362541797,0
0.6593542029931901,0.1814190195695233,2,33.519079275971336,1
0.6931997972185653,0.17116542488263303,0,4.979900852512297,1
0.4777659637219517,3.1406337243036715,19,0.17826418059600366,0
0.27963964103004285,1.0881494555244635,24,0.6881965107896348,0
0.57481572514501,1.363368208559934,27,0.1688786412936121,0
0.7452315627876408,0.8849431216848329,21,2.952672030777063,0
0.1446530067389425,0.8128875925586352,12,0.5392408915753164,0
0.253076081859945,1.8089768265753408,12,0.488287594920936,0
0.6651162207979973,0.19173092463628777,1,2.9892758542110163,1
0.2634649701032199,1.2111642613616718,18,2.421207319735365,0
0.44740653543106884,1.9968603149088966,20,0.532662916729824,0
0.21986555977091105,1.3197473790459708,20,1.17504202809971,0
0.6817250521167206,4.592884860212243,17,0.8092911571904129,0
0.1255581665262385,0.8927239326884667,14,0.2345233042266604,0
0.24659513504330094,1.3722718427548652,22,0.17433338506528406,0
0.15847449232780036,3.3624106023991174,20,1.4259746648674345,0
0.19724402521408899,4.238186995746306,18,2.1450809910239053,0
0.15589391198920943,0.6080985222654725,19,2.220052395460888,0
0.21120923091277707,1.9615937319237937,19,2.182663725236084,0
0.18189745836939794,4.188357480739789,20,4.033591306667655,0
0.11118140927124459,3.2457001533586896,20,4.316513928122335,0
0.2787274259318816,3.2687169729071384,16,0.6502210106446108,0
0.1220309876087063,2.775630499017957,22,5.193593072438809,0
0.03426180588339484,3.361970319538537,23,0.22596955877572336,0
0.7992027562430821,0.19888473836823553,0,21.655920873184442,1
0.17262343514854345,4.693250848714402,21,1.1980938153739202,0
0.09389376295980606,0.6323239131625895,24,0.9536946247291844,0
0.869335431809172,0.16921058488509602,1,1.6056929274094964,1
0.21945907243087123,4.806323898616818,9,1.3904408506670753,0
0.33459470103834976,0.9028352149025214,21,3.7265005356950422,0
0.062250168120714655,4.493918830971755,17,3.76498386161569,0
0.6121003402126141,0.13156892977260765,3,15.64240425134917,1
0.7997138417456283,0.16564877646030288,4,7.325495316028383,1
0.15958782360834264,1.808577990418377,17,0.34359899737353894,0
0.010858725778629822,4.18313637071604,20,1.7194464945897607,0
0.10406760188533377,4.2948390084452885,14,0.2490964685636245,0
0.7827005310949358,0.017709255849815086,3,8.260283860781454,1
0.9236769347415574,0.17961374147762826,3,10.227954612989391,1
0.5086109895830618,3.9140643487945574,16,1.5604408769464104,0
0.2031102892677549,4.438282164773291,13,1.3245334670162194,0
0.1050701065433648,1.24136708513534,24,3.7158147130494488,0
0.5630251724446195,2.4089976518448415,16,5.638058532081629,0
0.2415972676511853,0.9237013426413045,20,2.449965614061796,0
0.4776704831354882,0.7738748689761894,21,1.2937703036263413,0
0.7545307308607846,2.660904022966256,25,1.7358806266015314,0
0.01951616999607883,4.293672753938994,25,3.440401794222016,0
0.9245758040137357,0.06997484997072562,3,64.70903358567327,1
0.3977617237192583,1.82127615538877,21,1.4063593818480915,0
0.3663048752288778,0.9976527203830317,21,2.557662244005587,0
0.370384717772364,3.381636024323903,18,0.37699301968311166,0
0.7509560232151747,0.08694579329466577,2,23.248232580050093,1
0.3503805932422251,3.03623950416157,14,0.44261730817897615,0
0.19958708872130534,4.190544119699691,17,7.183026885633599,0
0.02168187135625829,3.5798213588921284,23,0.9645376929199121,0
0.2411045174412174,3.436780439545519,20,0.9366384734553507,0
0.2656035012178061,2.623511921062513,21,2.3679304011222713,0
0.30489518955162664,1.5749827135272334,19,0.3490442863345652,0
0.7256521284469339,0.09880924749942352,2,43.64624710355834,1
0.31712095450294253,2.8063607211668575,16,0.4506976528010595,0
0.10393590782760698,4.603125476498096,17,0.8058810546780448,0
0.02974158397037022,3.7095320444983484,24,0.29614711654036574,0
0.16688495163133393,4.506398579134005,20,1.9489154087249156,0
0.11719654201636408,4.0439158917672025,28,1.5632854906995222,0
0.14423702317149617,2.9712433852920683,15,0.3917925454333632,0
0.45097412021213074,4.709527990570699,23,2.5375131378779012,0
0.07442151336713887,0.5174746890709017,14,1.3908226869980786,0
0.18364009224604264,3.0272649855491176,23,0.5728306861863731,0
0.2851072074457494,0.7243755670848592,11,0.7151722492926792,0
0.1770912908516741,1.5232978709247242,20,0.137795680905623,0
0.7899255873915774,0.10239617550538983,1,7.716758887686449,1
0.287371449053434,3.274697714144306,21,1.7408565566870189,0
0.04420226033452414,3.8761300847873015,15,4.041960101430265,0
0.22453553296751846,4.536212829940787,21,1.5708505103954098,0
0.24584990173330545,2.4195172643088836,22,0.5760505259448534,0
0.5934397079765643,0.6281447361104735,25,4.392882602883618,0
0.11795480919042611,4.088151288456689,23,0.8726897461801085,0
0.4457596887031693,4.370042946717635,20,0.7723932962200436,0
0.20178719529183242,3.163069014774768,16,4.576586388381863,0
0.24277241884914633,4.355359660375105,16,0.39625733116266104,0
0.44613130840539955,3.275440720552142,20,0.1755729202845515,0
0.41024492789320594,2.689126880161061,14,0.5037616077968153,0
0.17553393144690377,2.9575994622766273,16,12.014289477980542,0
0.23484486577030314,0.7107600173501136,24,0.5295296002659907,0
0.5763575000530573,3.8242911878015433,11,0.9053880758283559,0
0.4014765143554149,3.3200158317313684,21,2.141600680701665,0
0.5350596830519373,0.6295934388549069,20,1.1298815509833984,0
0.1729478262035904,4.627578944055036,16,1.5623475218331135,0
0.14274881343333043,4.496476323559458,24,0.8374812031189731,0
0.13337754099562912,1.7004968243883574,20,0.8592536665318412,0
0.11412380847412455,4.434878644081673,19,0.919905993615336,0
0.878930854319901,0.012873159185948424,0,16.443070167651967,1
0.1580160289401458,1.9768339040907645,21,0.55811592525614,0
0.4492079279627899,2.411394207097498,22,1.6367515023420032,0
0.2139998271331036,2.9855537200695084,24,1.0256331182422471,0
0.4390588074265448,2.288932161264282,30,1.655917180876331,0
0.49000681340998065,3.9577941586816854,27,0.8263808292528453,0
0.49517473784291915,3.8157819908095765,23,0.8125406388375137,0
0.04071221009625266,4.6903113945699095,11,0.37283650951601055,0
0.2322503340941455,1.099050103176925,23,0.48223957099048026,0
0.10255415107228297,1.6037580251536878,21,1.1364143791635488,0
0.061039482205301046,4.298498349844241,24,0.599633114416328,0
0.4129401067126449,1.5353048718078766,26,0.4893486348049179,0
0.18984010153967917,2.203383526864255,18,1.0648182075734187,0
0.08425537197330132,3.6518525753448254,25,0.5065209206444379,0
0.4197188083339681,0.7400334684379841,19,0.628781538896931,0
0.36965802635502415,3.991510950642862,20,0.9557704456472452,0
0.23276858888480392,3.613165654855103,20,1.7513345197789827,0
0.14028616028473034,1.206146566024307,20,5.386354209085565,0
0.09100603809794303,2.867919538297929,26,0.4616739836855617,0
0.07232621710439963,1.3447486429798838,16,1.773830418496807,0
0.2879178074755766,4.361383145318555,14,0.44421771340897975,0
0.03767540879767188,4.124755875392191,24,0.7218395899661549,0
0.4125017052390863,3.7261912366361813,27,0.6632487447466759,0
0.3336953747323306,4.994340847105903,19,2.6711128995465288,0
0.3017679050518022,2.9623347998558094,30,0.691881677538896,0
0.21150499531598654,4.256551667061847,24,0.8728011259307076,0
0.2463170667658222,3.6464485713958723,11,0.7839606830891412,0
0.19290179352796508,2.5738121322797043,24,1.3765417168675564,0
0.4864867287425542,0.9099673473626901,23,1.489336901503436,0
0.16883974194713472,3.9953716894451077,20,1.7901047110132728,0
0.5183944983394587,1.6731360884175306,21,1.4568734467516302,0
0.4180522160647319,2.5489185418835096,24,0.7206000226696924,0
0.8989988050995745,0.12193126188603488,5,1.7774582597184694,1
0.5387457039973145,3.124871345846284,20,0.8881796302211641,0
0.04234014201656446,3.3110107942946576,22,0.9048202170911163,0
0.4157154716736555,4.007910922376976,21,1.883136035574807,0
0.5474762290110993,0.11307783922134072,1,1.093342509922719,1
0.45417078367370645,2.0422825616467697,22,0.8358972112856524,0
0.2611766965747791,1.9398061020215256,19,3.3018955163052253,0
0.17885867533209104,2.907734823118087,25,1.2987670318948792,0
0.51757894810857,3.04699718512043,22,3.774611415514308,0
0.5682032152609939,4.520313893024185,18,1.7960325206694565,0
0.07521308308584758,3.361547649912171,15,1.75233520847867,0
0.07700651662348426,4.3003937130303935,17,0.18406370325563462,0
0.10145276866355599,3.9916911229675027,18,1.0005257690038192,0
0.5881398628471072,0.17596395023471922,1,1.828946563132282,1
0.5778483807403061,2.0655123340048585,26,13.599620255718246,0
0.6664013622251985,0.1847339054507968,1,7.755194279605033,1
0.176092753921391,0.7653659014967347,18,1.3103132839150518,0
0.24930025230023897,2.670696212092766,26,1.235342829321579,0
0.6433502926428716,1.3485193978133427,18,0.5610555646141205,0
0.41197959516547167,4.090843682305168,23,2.1543899801119646,0
0.3448750116968754,3.438819914506933,19,1.5780054283953588,0
0.14329133874840155,1.6572253835585098,18,0.1473220959785504,0
0.3161775597010726,3.69687199721925,28,0.7374686141309814,0
0.2805614469581936,3.725219715669352,15,0.7143947328472591,0
0.2916618494289792,4.65253078542392,19,5.752466151416263,0
0.3165058384058959,2.9971128104637175,24,0.4897186088349191,0
0.2888401040937301,2.6943110951251326,18,0.3688356108472347,0
0.0413525099328687,1.9350527933965918,19,1.3098170216686877,0
0.9388025288183295,0.1554905201893053,4,1.3251435538711724,1
0.08872970678393971,3.6381967429261484,10,0.28234957485859113,0
0.36194788802516675,1.3445084066697572,22,0.29992151273181217,0
0.3503790992251734,0.943640126973408,25,0.45380976690536956,0
0.13471523364008928,3.709169699991336,23,30.133689296917158,0
0.9590470172480773,0.03250560089468035,3,1024.7756091883355,1
0.07466043245669064,3.105117044856606,20,2.603298292222424,0
0.4359035058298374,1.719118944112546,19,4.722665511366246,0
0.1539280336397054,1.8036570916182584,20,1.0188894004075617,0
0.27286986650994915,3.0595096231569037,18,1.9700079853962493,0
0.9233429038348827,0.1747020049282363,3,0.7885265944686346,1
0.1682052133617299,0.5876389594383548,23,0.48907350308111275,0
0.09923663596002702,4.046386927448761,15,0.7362335925837115,0
0.09826241405083361,3.715048402823074,19,0.13695600366547817,0
0.20909749960458335,1.8153238824794866,27,0.6921304030633517,0
0.2530190795008176,3.365546103105338,26,1.8501292330253891,0
0.40676511707359764,1.751332327911346,23,0.21759304459795617,0
0.3581476947359671,4.357203419715297,23,0.4133334117847996,0
0.11601046583380649,2.2664354048844535,12,0.7515438891753552,0
0.0952275188952828,3.033985664609886,28,0.7267027481890309,0
0.21988747214597296,3.9136811740016677,19,4.238636722952284,0
0.5062552831256933,2.252558838226961,31,4.872226520284467,0
0.8627379738905532,0.01171188172778579,2,71.96936923265724,1
0.23710822809568158,2.4765117018783522,20,0.2888803846551159,0
0.3968912088197872,0.7446311828543868,17,0.7898452562514943,0
0.3164670055531024,1.011632311684238,22,0.9346105211645754,0
0.05579350721178613,0.5865590212198806,16,1.1352399805432265,0
0.09919866386393937,2.4873372538233007,18,1.0328879214986977,0
0.08596961209903785,2.5653441660742096,24,4.080745573259292,0
0.15917759604404902,2.113169546872447,17,0.7814815779149415,0
0.45937235882337063,2.4921591718741842,19,0.415803706548774,0
0.27798212977110104,4.248124670017335,18,0.6234633236656338,0
0.14226836343843632,1.7544694434132593,18,0.24897808265981725,0
0.5781462825196176,0.16148978713930773,4,6.792671798132053,1
0.10286420918530288,3.4561243258202787,16,0.4600698917950047,0
0.2603679261464991,1.493626399130747,22,0.7388405144408241,0
0.36464919067319584,4.082818794021485,19,0.2622221273591042,0
0.16460645883065575,1.58498725065062,19,0.3147393214078071,0
0.16300763456211434,3.3060448844917447,18,0.49765669161373016,0
0.1551062288627005,3.4861845435887804,16,3.370528797529622,0
0.16201795595161803,3.9280451747700775,13,1.0228643816677223,0
0.142480395326413,3.326725634855228,19,2.7561344200084483,0
0.08544333113663867,3.1407015268694307,22,0.8096130360110168,0
0.30992014966035875,3.426852251285169,11,0.7081596195253437,0
0.10130508852598559,1.6820256832711855,28,1.1041883115880016,0
0.36063552132235405,3.3716684553764753,14,1.6889251512090557,0
0.08880201902830986,4.170803251597688,24,1.1677391904246504,0
0.8334277801904073,4.573513587379866,18,0.08823861656862651,0
0.29719320209041,1.4274752600403178,17,0.27023856328814694,0
0.20683871262315548,3.280237783977519,16,5.720970125268574,0
0.8640975737506242,0.10487959092775771,5,2.7097915429542256,1
0.41885114761829506,0.9588524169777743,22,1.631705015559286,0
0.32409499403812614,2.8615770160876473,17,3.733102765971962,0
0.4879170543590696,4.7480970606388295,13,0.3681904516384388,0
0.23597879362400634,0.7462232322847622,21,1.1799640381373313,0
0.6762850417910761,0.09304348884754611,2,4.600220320651105,1
0.12256762770910658,1.545701239398804,22,4.370448106103603,0
0.6860229279659208,0.19544087942115165,3,10.71814660044347,1
0.20892667124677536,3.0592237001181255,17,1.0815648054328737,0
0.1379351181400121,1.2103729729132426,28,0.5652109561725648,0
0.6007971146385404,1.669048498741286,23,1.453020198340274,0
0.165946903766068,3.710598114182382,21,0.9433588202313339,0
0.39719756828544917,3.555781693821999,23,1.520552565681846,0
0.2622288329418985,4.0022926353553405,26,0.6443806122574955,0
0.8952469655347681,0.1761118889795361,3,77.26190418969114,1
0.3246662274735404,2.387491735575571,21,0.5856270626757409,0
0.08224512682911395,4.780462814867416,24,1.583414618365895,0
0.2597715501120991,0.9586552005862112,17,3.4512444538054514,0
0.19786101128003847,3.6607545340512004,24,1.489750591689875,0
0.07918649493839344,1.4568078948867076,16,4.14362294237359,0
0.05518159163029484,1.8164886949922192,24,9.820600242675798,0
0.9096188490772665,0.12579095574360963,1,7.8945325076196955,1
0.4466890935706426,2.405771649935649,15,2.602219524532863,0
0.1974791456974236,2.2865653946146303,21,2.3405216833998357,0
0.16299675276151102,2.231584757710747,20,1.521532353433106,0
0.3149190345257132,4.257066112329442,22,0.3812994362648326,0
0.8761057343665286,0.16517307359588548,5,1.707148198699362,1
0.34304873381924894,1.7279610331748383,24,0.5550964626537837,0
0.40776072645348205,0.8165858899863563,23,0.9008663109579372,0
0.12724017881809294,4.002074279581794,12,0.469852318547891,0
0.2382382350696948,1.149734123593483,16,0.42939328501897966,0
0.37088981536955884,2.4480050244587463,17,1.319862880373806,0
0.47815581959008174,3.355062799988361,17,2.0591111454164874,0
0.12176974608281006,1.7956039150577494,22,0.2199132104766653,0
0.25321228812299396,0.5503408031368431,17,1.7838374697506478,0
0.34405213326956224,2.422849450187591,20,0.1778112139180184,0
0.09055683026841495,1.1024280263055064,23,0.5341304797120164,0
0.2090669555788944,4.649108742826784,19,1.612277832483194,0
0.1320659906392778,3.0332329777756497,14,1.2128356853206375,0
0.43276107896661253,1.2931072404506494,27,1.227473733598626,0
0.6002164276035109,2.7737489208852675,21,0.9197458743169273,0
0.30220081779492336,3.549206863377224,26,6.63253094249669,0
0.22328109486679293,3.946202882027001,21,0.21466350497429776,0
0.3484195833283016,3.1691379426359503,22,2.234595150606131,0
0.9345470011004499,0.14273755817496317,5,1.5820251208570433,1
0.3754302562599345,4.842018522658565,30,1.0474878919346289,0
0.2925267985065254,1.0841217228985527,18,0.10078025088299482,0
0.299889696874203,0.6276586638455779,14,0.6291033055673008,0
0.6206993915032063,0.7416344791592927,28,1.2628003630789097,0
0.27446272794397264,0.8234844448556224,18,2.105155789519202,0
0.3579290948210406,3.2974880125457977,19,1.5033136257768391,0
0.6085890066111833,0.028816230170387924,4,0.13558846210128564,1
0.4656574258081591,2.9298531884638317,25,0.45318888391471857,0
0.08092416754148092,1.8158079938641356,19,0.4461811277156354,0
0.3388613786743262,0.9479905750453665,19,1.5942572138301145,0
0.22625617900223283,1.1643639559918995,22,0.2907886261746783,0
0.13400125506585053,2.1199260714063715,23,3.193463865438217,0
0.21161219276955023,1.7750102062179782,18,0.2898514915345576,0
0.5664393530051531,3.5990474437545426,19,0.20083218857869262,0
0.22488693051760325,2.598265149981158,22,1.1466030187004577,0
0.17620690153872542,2.0188912339591463,21,0.34826968050474305,0
0.039690316296108585,4.356659434890292,18,0.5283378889900834,0
0.07353286304075064,4.0576859246933825,23,5.579430854902775,0
0.04144744998351068,4.311464669112328,24,7.189532165239564,0
0.36644597945354956,3.4059918866783754,15,2.523095398499591,0
0.1985287152869627,1.7695425906293611,18,0.38489998501714023,0
0.3283040779857511,2.3471811246701555,18,0.07108482436957224,0
0.33327646860809546,2.352682513716136,23,0.33252607245929056,0
0.21795166716169617,4.027341402447647,26,0.727227102979972,0
0.08489379434636755,1.4176350629751546,21,0.46686853542077145,0
0.2652012648920519,1.164131078100207,22,2.1568067627768546,0
0.2138561629434665,1.9331346527292361,27,6.709971254843896,0
0.2775591853212226,1.9527735289007981,16,7.547096185467211,0
0.20695177927092823,4.598602096831828,16,0.4999305908886763,0
0.3003391253475111,1.5546707114891856,20,0.8132105266547462,0
0.1986970887345499,3.130128348805974,20,0.5357220666885648,0
0.216028784966909,2.4530093541863893,26,0.24802567292504166,0
0.2539230113727568,0.9796031364005413,27,0.9304086745835397,0
0.32672582269922207,3.4363204555532696,21,1.1934729498318473,0
0.4783415007269259,4.416779180842507,20,0.1634971298402898,0
0.10398958249867052,2.121636807195233,19,1.8717692442493958,0
0.20205078270062307,1.1958629015279367,18,0.844437537731988,0
0.38442145039869063,3.751556954139046,22,0.5335471146627613,0
0.206534594479164,3.269076526919811,17,0.5894563430773897,0
0.3320888361380508,3.775247089517368,17,0.7540632310304229,0
0.02486342035557484,4.442784132779957,16,10.90444099421536,0
0.3282977505722463,2.4041256436305334,19,0.21604701801242154,0
0.4087024469142048,2.835960733862427,25,0.3691798693281804,0
0.9231978759225571,0.023674524334824816,2,8.516464682901416,1
0.5439163575483191,2.8257995618651677,10,2.6813561387949028,0
0.6561871628701003,0.17313893380989465,2,1.9852080978466022,1
0.08578965323796586,4.35273222478715,26,1.8875613339082342,0
0.6787643248198993,4.3101688488790755,19,0.4569158079575847,0
0.41452808933383534,3.567106792259433,23,2.9895932276492654,0
0.2838916521159325,4.110895198931202,19,0.8790817956029361,0
0.6249190297975366,3.0457259468061357,19,0.10552946390479538,0
0.40034209056295195,0.6680702924448733,22,0.9839934006926233,0
0.10258264787068254,4.358246163248964,25,2.2313686102089294,0
0.591349893658538,3.2452828260078954,14,1.3509139171802707,0
0.177568470734375,4.8629844394900665,17,2.346169151435542,0
0.3413101285056307,0.6054587297176497,16,0.7822338530904117,0
0.6753082114784196,2.632260104766691,20,3.0468724441534087,0
0.11918990943747487,0.5808526094749498,15,6.917562311376412,0
0.5040668195572849,4.307442686610776,29,1.9613779042592683,0
0.39350190133652985,1.8149175434377125,22,0.9020813659425958,0
0.7535767027699409,4.00033038060993,22,1.1370871778788,0
0.187349992564072,2.593773908044337,20,0.7147967822939159,0
0.06563384591510563,3.136606242714415,16,0.4226171115303941,0
0.344252124006017,4.619460052263047,25,0.6270230703944939,0
0.8988196639899839,0.12034691417692538,5,11.509317786488525,1
0.0963267081020802,1.3535408346434954,16,0.2089507092583383,0
0.055081819206094444,2.7627892558531637,17,2.1715864458444827,0
0.19199939540007185,1.5783276582274977,23,0.8479984578562598,0
0.3072866655499232,2.967356065082137,15,2.0557422427174568,0
0.3606615595602611,1.663021529806147,26,1.0448194165792157,0
0.3240339038236608,2.185987259920485,24,0.32512491413192146,0
0.02983333391709038,3.4553249253921035,25,0.30883067586825097,0
0.12449800309924057,2.0489626028520065,21,1.4865365308411935,0
0.3894270439114801,1.407139390631526,24,3.0407594560999023,0
0.1278649484000427,2.4282564586821427,21,3.8099825298227534,0
0.8647794445134896,0.08914136259571638,2,22.444667810223972,1
0.5495244840772363,2.7010644928806737,20,1.3849508250502174,0
0.18153142292892369,3.2629379762973025,18,0.1198808359192702,0
0.3170890396860783,2.014396453226288,32,1.2200098375256927,0
0.30893431989783454,4.208632361970008,17,2.0689531794392795,0
0.18089504348854055,1.3862028705285372,21,0.817775093442433,0
0.29156669101556304,1.7608343725948687,14,0.8261413283695059,0
0.3853014346117203,1.0944847501557484,23,4.930548179749503,0
0.38575159374820833,3.404758517729552,17,1.8627143153588408,0
0.23564336864604826,3.3776338525532132,22,0.6269443374002434,0
0.20479121062031028,0.9670550172379933,18,0.20859562189796216,0
0.26810298158486295,3.2414856172875086,19,2.308672566316409,0
0.24217215567060038,3.9477170919694267,23,1.3665248046922878,0
0.37073141129332204,4.20921484123004,12,2.2878853604638327,0
0.3292054492080501,1.8191145338275452,19,1.0534850056095209,0
0.12994561395222468,2.2487569864233183,22,2.3587686552696714,0
0.1038316341024458,1.1484492879360477,17,5.131775676004757,0
0.26937263909676273,0.5177874672421872,10,0.8152985082202755,0
0.10323473646239409,4.3613889337015115,23,1.2863224828806226,0
0.5017293400660363,1.9559123939843404,15,0.5752595733681677,0
0.056008026022153,4.913182961541876,14,0.17324135035304364,0
0.5295464761990611,0.608043808212626,23,0.6612348093349678,0
0.6103010915390975,0.07802416439317718,1,0.3348205407178986,1
0.2132595989108823,3.977935662459161,21,1.1180818682368006,0
0.2844184204641833,2.522816758567597,19,4.537618409216388,0
0.5182992778018122,0.7122825728087763,14,1.5321514623512476,0
0.5933484509965001,3.68243776630119,16,2.5739809023580724,0
0.18022512795880455,4.160280002260186,13,0.6687417059388101,0
0.9414197603138641,0.090094994005521,2,2.4469798237193077,1
0.7616599425760824,0.17660000728062894,1,1.8944921504393353,1
0.470811032173275,3.3578143329388217,16,1.096151093532309,0
0.7475776119395487,0.17354528944493516,3,0.6995125859700418,1
0.3196687599433253,3.730346925044919,11,3.329617206165639,0
0.09221472790581582,4.391996019506088,24,2.6605048878309496,0
0.12659759292938658,3.0751738675958555,23,3.7878552516171125,0
0.44572443515884463,3.570226248196846,22,1.645298836327209,0
0.7922552505477335,0.012248275263798026,0,28.2900711794856,1
0.14357447591784914,4.378187163314977,18,1.1315221079577378,0
0.3596621770350982,0.5865893803651907,22,2.014628201843129,0
0.33436139339053067,4.297601303907183,19,0.13052716112350418,0
0.1325413589101702,2.943271118938709,18,5.021004898167523,0
0.17639250502129156,3.0362160876615447,29,0.4204690877112444,0
0.9232978148094398,0.04708576854436105,1,59.263175369677896,1
0.2495612876772461,3.2313437865068524,12,1.2842218988826177,0
0.15063751896489963,4.4434566078213384,20,0.3357759624634875,0
0.2486342157079383,0.6321361715801982,25,0.5556719532071269,0
0.09654632126874996,2.9718641594863646,21,1.3087828845660694,0
0.31145954977513624,2.595598535694396,19,1.2135656656438876,0
0.4536712817593738,2.9347190998799877,19,0.22778999816086126,0
0.6631643776718947,0.5241938226069216,16,0.7227907788663803,0
0.29567285354954803,2.3390065207714485,26,0.3853926177683305,0
0.4073435423251223,0.5094764441117423,26,0.9929930043393304,0
0.20516213298809044,4.115535974553405,21,0.37475681406274675,0
0.07263724983188988,1.8094756294042207,30,0.11043158784193727,0
0.43339267366942563,3.2077056356499716,18,4.4488384340502245,0
0.3898962669810745,3.7178114437151475,24,1.6064218196694293,0
0.7427608367314434,0.020306102342047855,2,4.909769414844348,1
0.39623535364840323,2.7852025186259173,20,0.4339829920736568,0
0.5491549196891158,1.496467291358001,19,3.2606781357442034,0
0.1629078375090674,3.78572433514867,22,1.3337012927249485,0
0.17069415020540799,2.338754874828728,12,0.2849960596352336,0
0.0759000765364334,1.5561212300556408,22,0.883796970914027,0
0.3205032032096868,2.1006604401448388,25,1.4213673518611027,0
0.12614040109450064,0.9254067256829347,18,0.982802228873119,0
0.18211063086869989,4.777905857886324,20,0.38619565697825736,0
0.46409131493104944,2.6067958246055856,22,0.30640462257586026,0
0.049860298728686483,2.1763304780301045,17,1.7939259572016555,0
0.06913244099751197,0.6335481382955035,26,1.7559074178872962,0
0.6236362152053757,0.19880650067810945,5,0.07622927538103666,1
0.48017602083650096,0.5412206824357082,21,4.976788909951331,0
0.17921610767209087,4.287319608259454,13,8.946949021961892,0
0.3977637858839398,2.3990306143837685,24,0.3617301607595676,0
0.19988954609145457,4.266143957653531,21,1.6862191836125777,0
0.09074109760351029,3.2986457429258795,19,0.8181841905819218,0
0.07961216762802086,2.044242417128502,16,0.6282931415529995,0
0.3554261854922872,1.8051621035957672,19,1.6335118629917051,0
0.33871742148088096,1.432940396368729,16,0.1480871342665088,0
0.4112598431503947,4.456997230310706,25,3.7813331198254585,0
0.1791134065597129,3.947927664141116,25,0.199611371821649,0
0.1811156553732905,2.478723302028736,31,0.28722250868919597,0
0.26650460680833116,0.9148144550035633,18,0.6146611262483612,0
0.26814784934946534,2.661590702320643,15,1.4090529019588167,0
0.16710068767319475,3.8441276891056586,26,1.0850199450218285,0
0.10213353647541204,4.521744784605107,23,0.7878058441245551,0
0.05046971633055092,4.477418581907455,19,11.464496551472633,0
0.22930824838636693,4.932855875523082,18,0.6003140442519801,0
0.9581355428902333,0.11803850395686069,2,0.0400892988771349,1
0.5152191164747091,0.93234272264635,16,1.1389061387364205,0
0.41602363251374525,4.4742584285988904,17,8.843349137330613,0
0.22209581029912417,2.848738914777024,19,2.4712447381533864,0
0.170825055740458,3.800455164057349,22,0.9055285017245804,0
0.17521964367214385,2.865612844163958,17,0.5521971478411416,0
0.6743673553159532,1.020458459951182,31,0.46429866174156953,0
0.10871669859076423,3.7543444546290985,21,0.13201389803831473,0
0.09488108345074382,1.9949708135630282,18,0.2555853152443563,0
0.09828835172669403,2.6767145523956177,24,2.1688762342858854,0
0.1244863122220065,3.8405273039456143,15,0.5263904265860966,0
0.538450245814983,2.2940938935898174,15,1.158468962277245,0
0.26574256224066434,4.400454143251418,15,0.46813956690920655,0
0.3971117945457064,4.8338445352491535,29,1.5551490872705307,0
0.2602779787450941,2.285716113740393,27,3.5983447104202115,0
0.3556587602537954,3.391972282692424,23,1.1575110805640048,0
0.9026872482953787,0.1509684109312714,3,23.722440584269602,1
0.21590507926600525,4.405070635157354,21,0.417227513837666,0
0.04960471114704416,4.294737545045407,20,0.3413371988501884,0
0.5072636218321062,4.7107784514505076,17,1.3595184789009296,0
0.3091592154738064,2.578654564280411,20,0.4977060458504369,0
0.38411658170218743,2.1578057799659636,12,0.5276311136337689,0
0.11007658413096506,3.8841883061152633,20,2.1423802355504584,0
0.2448268801908207,4.831946230412371,18,0.17919363554441176,0
0.23664907529604742,4.729458879310606,21,2.4855179155860454,0
0.14523521312995366,1.121809093062093,20,1.9988647454182384,0
0.9495269337735978,0.18899253176436778,1,0.7889479930741456,1
0.5870585840419039,1.9466387700196492,13,1.0120233384243402,0
0.3899651508397842,2.2488906098220682,18,2.905300601585657,0
0.25345027601174913,1.1387135849816068,29,0.21779494017728776,0
0.035439049390420294,2.1526660826669914,29,0.5997421123372184,0
0.06115562089325384,1.2525525050306514,31,1.102612179730861,0
0.0946599314414691,1.17087521110268,20,2.2604794650734044,0
0.09721719724895722,1.455474874949766,16,0.10398016465063192,0
0.11034975670528128,1.2866293599523195,18,1.6762232416589762,0
0.7672867461498801,0.154464942747332,3,50.85316968161755,1
0.15025583894950825,1.5783132537593463,12,2.3953618296255708,0
0.43369664062141505,3.263771243077924,12,0.379738230934178,0
0.919795145829415,0.14768332963958664,1,5.659347981955756,1
0.15523643598318712,3.969737124970726,20,0.14010633020328753,0
0.19802031357290545,3.3461643474795446,20,1.027170072958843,0
0.05046856875116249,2.1544761574027462,21,3.4234936675555048,0
0.5732355786774298,2.6630036940813713,22,2.480757833228127,0
0.29017708733901587,3.914223168432108,21,9.5522671668459,0
0.45715200429237995,0.9467026583716041,21,1.4318707985153587,0
0.29089234692586097,2.9453683601839584,17,0.28650467856756456,0
0.13133783357027723,1.2821743384838964,24,0.7888628275760082,0
0.20286884015587253,0.5777314399037169,17,0.538730133262768,0
0.09437576183108862,0.6277594244404207,24,0.21408108522520994,0
0.39270093895433567,3.0532054896854204,19,1.9140912940242119,0
0.06327321761095074,2.6467937225226414,22,3.3117327737395263,0
0.5044365196377745,1.3966825990354879,17,1.4722218569521741,0
0.24971601410135935,0.5235561721723246,20,0.6103835156184518,0
0.36167717558971646,1.3157103095346736,20,0.133440836399496,0
0.18644669101719138,0.6702094488427871,20,0.808137332744235,0
0.23379362596888906,0.7444754605539803,20,2.579024077991592,0
0.48542893790512154,4.765234021902542,15,1.121481419580528,0
0.1430563965450429,4.772877933108156,16,1.1338681265745805,0
0.19184712345622895,3.806043329730098,21,1.4459973116322156,0
0.1962737718740759,3.493770977541799,24,9.555565583893284,0
0.7509609859430462,0.12119632958434823,2,12.354233929557513,1
0.1806866530626941,2.3028339798543174,21,1.9529135068321675,0
0.06560683902669898,4.437443924478125,16,0.2352921755599863,0
0.2966742893807163,0.9178940589566822,13,1.7439405243075923,0
0.7436914893328352,0.16707358346029758,3,27.12347989003713,1
0.5427963139753617,3.873494041137765,17,2.0721249657425567,0
0.3043964927457153,0.7942838933271146,18,1.5307080885149742,0
0.2515770977991046,3.126419733938568,18,2.2309805425687217,0
0.3325078102948388,3.1404695119042763,22,2.483232697782389,0
0.3503258440793598,3.514463793788479,16,0.5738600817265316,0
0.24102571064918,1.9444038094973282,20,0.05600750769042887,0
0.4147075121975553,1.9528093813545429,18,0.4016349556817369,0
0.5317817749028777,1.1492788759659227,29,0.3746703318493439,0
0.7498185407490915,0.09611907997839385,1,7.961249245558366,1
0.10171288057647189,3.4678347229079804,23,1.6731371628438134,0
0.358315265355389,0.784363532595415,21,1.509050637911429,0
0.5375748099344522,3.551536946621577,22,1.2861213358447172,0
0.5555032855083258,1.1598455117048658,21,0.6848532037345606,0
0.03184403135132134,3.7044958118468747,15,3.0623907052312154,0
0.34866368550390275,3.829828016775978,16,0.42653376438850493,0
0.27771191499396225,2.7631789851752786,26,0.6339937236866033,0
0.10644371747699234,2.981029171223968,23,0.7828916062781355,0
0.3040219939530368,4.218829110067697,14,0.19315162077057055,0
0.19967597679456064,4.3595192501666435,21,0.35284788873516965,0
0.5815196401800053,1.1264110546303292,25,1.5554223560497311,0
0.6137765584745785,4.562142282834143,17,5.505857918255371,0
0.0492647686208976,3.740995393051596,16,2.0625673527403245,0
0.1557833389571075,3.096130697486861,23,1.1731889528115758,0
0.35555546587331105,3.5359011934173146,21,2.2116513497746886,0
0.2098637079895281,1.32951730962549,18,4.165509701753066,0
0.09950628439951116,4.819823642452632,21,0.63825991893535,0
0.3449490330466234,1.33759017298046,19,1.5531151792107747,0
0.028936332163636825,2.60587720928876,19,0.6335883337473679,0
0.2786512517714332,3.900336018355412,22,0.38941867487632975,0
0.5404200516057902,2.82659066491847,19,0.5269387224664576,0
0.13531601917289782,2.8432687297336248,24,3.920720702029133,0
0.7681452212171378,0.11208001901414935,3,37.833256530282824,1
0.5622226142531019,2.550164448118208,23,0.4927873009859166,0
0.27452356240577735,1.4871760942635137,15,0.5951612878671325,0
0.9186931520954305,0.16692576753138993,2,229.72135809756807,1
0.08961617974248441,4.747891248274245,25,2.589200163660688,0
0.6339553383333789,2.896001875062569,19,0.3747677111359107,0
0.26464161404794595,1.9368235020706759,21,0.6060446383948795,0
0.07329283264920625,4.318032958721421,19,1.2237772862981369,0
0.7625759722532289,0.03282503125167899,3,1.0393869562187563,1
0.4727116622407605,4.945521218367254,20,0.776642435980819,0
0.4290793112697474,2.4469541039255494,23,0.0786115534916774,0
0.10997973027157827,3.9111332541288126,21,1.3784787356315524,0
0.39549631806327895,4.929582135774113,20,0.8846784850225259,0
0.1310596764744565,4.83775978907728,23,12.801740732829375,0
0.7194126144036598,2.968640440332715,23,0.20378877370234097,0
0.19893861831381893,3.170605594214666,20,0.8133852899162416,0
0.1643371476865752,2.91998123604154,18,4.445638108365621,0
0.04287705950790466,2.8849718552358286,28,0.13039227416814114,0
0.43438500658558243,3.8879439679232917,19,0.13198230942528824,0
0.2256128250743532,1.188767683839426,20,2.856831180814874,0
0.6203829818742854,3.9684145721412527,23,0.32004474393108434,0
0.3762657964174702,2.3614867031116242,26,1.8381956152531453,0
0.2396419027980309,4.949206762047675,18,1.2383641389112214,0
0.1614730557424742,3.3958750907195805,22,1.101966400052387,0
0.33607442640165347,2.2209864881158645,19,1.1477531643828642,0
0.9251538538132263,0.07456026690595055,1,4.4058846284111555,1
0.050232406822811465,4.8667931748902316,14,1.8000872639327885,0
0.32498160188108083,3.6532959810304133,19,1.0808446700411938,0
0.4696196027242139,1.7391096283554242,21,0.7257158462917539,0
0.8080810336687018,0.027193938977815323,2,4.717032448885944,1
0.17176133799508655,4.219905151460576,21,0.4347152484700961,0
0.24643369972583576,3.5802656556761616,29,0.2502546873325429,0
0.49113719000896056,4.261944207326004,17,0.4035922329050904,0
0.11387273293842441,3.0246399692143404,19,2.371486536120513,0
0.10934506721316234,3.7687689453920536,18,1.1560787189380606,0
0.13512827111628578,2.8735450440406503,16,0.6072930106699964,0
0.14039869126800633,3.682535980807552,14,1.2793421613231422,0
0.22785918313343434,3.4524776226162768,23,1.274130035505522,0
0.03773221441672873,2.5701043416669678,26,0.23120584901086813,0
0.6866369491781757,2.6856074319429175,20,1.0439696328301435,0
0.4964234842127489,4.238671669410143,13,0.41742521376588504,0
0.5780067331180115,1.5458286294112953,16,1.9088150951927259,0
0.7482348341100252,4.428562536716843,17,2.23109037859834,0
0.15466736503479403,4.219030502857789,19,0.8400410046160169,0
0.5640459862439351,4.084848269921873,20,5.604407238039831,0
0.06991904039688526,3.9418857054584713,26,0.21167108269591936,0
0.3253774712701802,2.0870106293155892,16,1.7827745133944204,0
0.33837995274313903,1.163049754445648,16,0.06909076077996532,0
0.12267327380485962,3.4453203267967294,22,0.5706811539476541,0
0.11015594785970728,3.9100765213607764,25,1.6628860656782218,0
0.2805845711731052,4.416832805460386,17,0.20788276291957164,0
0.45058938332455184,3.350908442309296,14,1.175685634992616,0
0.8022320849371076,0.15684495394095857,3,74.335772274749,1
0.1529453760390323,3.0097049297721212,20,2.4419638467056726,0
0.27536162279499704,1.0656607135304506,14,1.1297371919909034,0
0.22044521380370596,4.509158389141225,19,2.816479091357077,0
0.770521319255792,4.025358379978641,23,4.185067633247424,0
0.32373454872630125,4.095352714417556,15,0.17105866551834475,0
0.29371706178706875,1.1370858774499113,14,0.3462933671140475,0
0.2677020855913628,3.3845290188781205,23,0.3647477023332249,0
0.6970362566723373,1.629890602825633,24,2.3845843292896487,0
0.4639923324037895,4.02741498495249,16,1.664252018460618,0
0.2606343730223342,1.4711721133644948,13,0.6810837041554981,0
0.5925629642623618,0.14268744878656742,1,4.103616148493479,1
0.22435746844088222,3.481277878157294,26,4.054569499848724,0
0.3827394340106731,3.4465044281807273,19,22.995701317247537,0
0.07482264753218253,4.4098214071617345,24,0.39234545835583634,0
0.31152055480764723,2.6056591560151348,19,0.2504644465959768,0
0.1037983230819797,3.3975555559999404,17,1.0545766724456946,0
0.013590979915295728,0.8987203633744987,25,0.36603070365907237,0
0.10833170203279029,2.268316680312995,23,1.8761661870053714,0
0.2335976692674812,3.879101870472288,22,1.0184036882407395,0
0.24371745607200412,4.400273976469233,21,1.100929850841344,0
0.22312259319869004,3.8686023539466605,17,0.34425172843644,0
0.21483344776586993,0.8989393900728868,21,0.7983699697305805,0
0.409448502261202,1.2653936823748801,20,0.9693009223347493,0
0.21171096334954675,4.612039418053961,20,0.19949975582321375,0
0.11888793089616484,4.285072704747055,16,0.31014949551083015,0
0.2534324124800005,2.120134723419704,15,0.28082426821527073,0
0.4134664020741285,3.021702141626937,29,3.682044420368714,0
0.4621954513852073,1.2937407655297228,19,0.7663592489487792,0
0.1356268181853112,4.780244069284402,22,0.16663850841595504,0
0.24844909846668622,3.072939504680511,20,1.2540568363777596,0
0.05338864334615998,3.438471558961946,17,0.7025341612918009,0
0.7543503300935043,0.19854265951709502,1,2.1742526203296735,1
0.335075468352065,3.066405547629913,22,0.5524526404962536,0
0.4623982335651756,4.179804062152912,19,0.28024039358066777,0
0.38135343138252115,2.171471540019979,21,0.9091485346843686,0
0.30241633730158074,3.7343293496882484,31,0.38360629383464795,0
0.21234250324661352,4.657761926172568,21,1.0304411396221476,0
0.18963955310108868,1.0264924745997366,15,2.033940143166658,0
0.7871026296870804,0.09407489448437369,1,3.422303028105628,1
0.7832157066242247,0.08247831960488657,0,1.3829203768519118,1
0.11580819019063336,3.220150181594012,16,0.43225657550829205,0
0.09961610750999791,2.879487087784154,23,1.7238909019613904,0
0.8714808845225479,0.15857858709538292,3,2.690344597040694,1
0.28087733244095425,3.9168479080942733,15,0.231251766041908,0
0.4443124891649866,4.2198205334549534,18,0.6695883218128342,0
0.023742680378587053,1.544878740044867,21,0.7711267994316631,0
0.601191832989108,4.317334981867415,28,0.746721586780591,0
0.16488444570644448,0.9211346678378034,19,1.593301301839974,0
0.3124419895773161,0.7491770101228084,20,0.3156961233922426,0
0.363522631386527,0.5865700615064919,15,0.2728233859502834,0
0.4378580334098901,0.8904067659707953,32,0.5848317719410095,0
0.0361463425987634,0.757907960570853,20,0.6576360605337549,0
0.28720113965590294,4.371240920786539,18,4.991703408323035,0
0.02832063635451215,2.000410307425285,19,1.8182143052819832,0
0.4373841475467732,3.391040391854967,21,1.4816018263687583,0
0.3336315746936824,4.129288087047182,18,4.202052819542381,0
0.6866949518291724,0.03611114561348083,0,1.5199467204130992,1
0.6567511313383482,0.1703379008345994,2,6.000714450791693,1
0.21009998851254863,1.8830391181777422,26,1.3635824599835595,0
0.6389964415286727,3.6943670123279735,18,1.948592176062016,0
0.19033508274153377,2.3452031088535805,20,0.672641324344008,0
0.2695937103244503,3.736612464833504,18,3.800164342958524,0
0.9076750419480124,0.1494191235889274,1,1.0628623989962744,1
0.3219924085210521,2.995163490937266,14,0.7015586370886356,0
0.6368081055060283,2.710989161344052,22,1.1484553764025778,0
0.2609736094286886,4.8316081179809425,23,0.5172502831675199,0
0.3064920093525587,2.750666459910029,18,2.5752439940312986,0
0.4520878199895188,2.563951022944994,20,1.6151045023746127,0
0.04185474573920542,2.668571025732806,19,0.5634121466327435,0
0.330088436372707,3.5291011532642838,23,1.0715293420716612,0
0.3222175499743474,2.2044193435409376,20,3.7920415553199978,0
0.08538671108862977,1.9440285465281888,20,1.0846910720978828,0
0.1668732496082668,3.752308111764299,19,0.6740748159596467,0
0.2633687183734164,2.924898670184986,18,0.46177778350318827,0
0.18918641799511215,1.3014538064946937,17,0.7498912426433886,0
0.14572040007912423,0.90407721338074,24,0.34442042973832204,0
0.13281184708473576,4.079524198438207,25,0.7307550505225568,0
0.4056012100132765,2.4037133064143026,22,1.0099618498453578,0
0.5452864939162011,0.17181028898511871,3,84.63394044683383,1
0.11769567604342644,3.010825087674371,16,2.6844760268391643,0
0.2239398791763862,4.7344048874936595,23,1.6577562432668436,0
0.4004177322577397,2.91268795170991,24,2.7729270641517303,0
0.06248417274950445,2.925928574135259,23,2.5647476457682736,0
0.09236245739250615,3.9784718475764933,27,0.5600699920135797,0
0.3658538827133701,4.5777456541400765,25,5.3258944985296255,0
0.2658304968091889,0.6015556295758469,23,0.8869413817478972,0
0.1047150582095378,1.9551851234800814,31,0.5542972927027858,0
0.44518833080153397,1.8398950090133255,18,0.6691528397418747,0
0.15415934426691275,1.8351300001390325,16,2.324028566563066,0
0.07757606947667002,1.2961157297009553,23,1.0292827722740172,0
0.10685284516964107,0.7622455051811673,19,1.219276846932671,0
0.39537883589278805,1.3272187719778472,15,1.5956999564626788,0
0.17076468651938373,4.905793802045487,16,1.6767393939461497,0
0.9728611782130012,0.08059007091850753,6,0.6451224820139767,1
0.25361797459370655,2.23648025748993,14,0.3074026657135941,0
0.6678442528436401,1.7264433166606743,14,0.41915714224435674,0
0.15139606759471794,2.51279725290413,19,0.22709003579291967,0
0.29266553353143493,2.7888117473266907,17,0.4318267635053111,0
0.39916088846441294,1.2209636083798587,15,0.4075202608506522,0
0.5319183185362176,1.438023594871481,15,0.5582355227238421,0
0.1255598255008723,0.6515184270053009,19,2.078036303626769,0
0.949213725161547,0.10738648019179504,0,1.8570114973504774,1
0.27712451051556986,1.5971112722911132,16,0.38060638039251393,0
0.21273439264235253,2.642477665311325,27,2.650569775262298,0
0.8334219927808495,0.17075252721558157,2,49.90854105110815,1
0.05899686691178954,3.7084290112422105,17,0.6706861757243218,0
0.14514134766310668,1.5300408945785986,17,1.109328905694711,0
0.45364854703380425,3.8850619170998395,18,1.3421142438312799,0
0.19894781958964378,4.4976763908994855,16,0.5960089784050153,0
0.40840963818742193,2.9730016790191804,25,0.39859505016925534,0
0.8599073438612349,0.16627056259360518,1,3.336681377146926,1
0.08156114680668836,4.517910329699298,22,3.671145895736025,0
0.2609424262430593,2.7853831714661386,23,0.7372671147049641,0
0.22028519175815808,4.988216361788944,19,1.6918485422507963,0
0.39908724674457874,0.8902116480209781,15,5.391769697127487,0
0.8468263729820739,0.16987219403905,3,9.851210774367052,1
0.30512451690911874,2.3611989809498324,16,0.48642317656355194,0
0.3875063556785948,1.075734937792636,18,6.088072732546719,0
0.36696787701232053,2.2665417216383306,27,4.073648341776468,0
0.3931888306631227,2.293341858467109,19,3.334969259244131,0
0.25301277207973544,2.190371747397446,26,1.9488452647656385,0
0.11335375234526596,1.6011159898521472,18,1.1716797879433984,0
0.3900822903107074,1.7452040609781347,19,1.3236501829123817,0
0.42513454343445617,2.6618828018524634,16,0.08363158802484817,0
0.5981872031357908,2.8723129277999844,23,2.753085457529701,0
0.16843476360475446,4.884020766042667,20,0.5792103700934809,0
0.005801044990339754,1.6498902760903733,18,0.30728789798941447,0
0.18955100794763605,1.5427359889875696,23,0.741173092986366,0
0.39625453216211043,4.727161724515803,23,0.26697381148784305,0
0.07151243517364472,1.424040689640524,18,0.7026159922701299,0
0.7732049827894013,0.10762086310231386,3,44.91807759437369,1
0.2792109070606913,0.561845369141849,21,0.4397880284759875,0
0.4818967686641079,3.125916985258461,13,1.3928693658518423,0
0.3302048419974393,2.294741411541689,20,0.1002233268322662,0
0.2551277259601216,3.0641009687234813,16,1.976145166914348,0
0.6762806325112989,0.016300195126283973,3,1.7987136887975017,1
0.29320438970798157,1.6336650183599204,22,4.342560836641973,0
0.15747191285879253,3.0150516419648574,13,3.745595088351982,0
0.7650929310487776,0.1182896375277125,4,1.8350866645262496,1
0.2440694676475537,4.339994822998312,22,3.340808328784372,0
0.06643446452225313,0.7853314591917682,17,0.06091770839527688,0
0.14035687966189042,2.9048851194407104,19,1.9169290487324333,0
0.1332735810159432,3.2477951798000686,15,0.36293879695699754,0
0.06538827410009024,4.345961109466286,17,0.755757991237869,0
0.025591873002723135,4.953731368251893,19,1.288723290594178,0
0.25110085100787527,2.410174876905015,21,0.8731919537941912,0
0.6323859225068137,0.18668693543605994,2,21.478543645552723,1
0.3868113092436996,0.6096579839790058,12,1.5054164760746396,0
0.36923727452409716,1.3207750097359483,16,0.7891863180132885,0
0.1507355447165749,1.4483427838387233,13,1.4392131323249158,0
0.15381067238935467,3.496192833791831,15,0.15013851974489864,0
0.11112844655946026,3.536719510183921,19,1.9721190641446475,0
0.7752017139215187,0.017163244072655095,2,46.95245831299188,1
0.34290325138225297,3.348692719266162,15,0.7637142596425638,0
0.5135365373441166,2.7905897510879605,21,0.6936028180029277,0
0.10581712506589955,2.301229199988547,21,1.1245806796229525,0
0.1970703038210996,4.450020452470122,16,3.268175921036214,0
0.7884079558279813,0.025314650202702113,0,15.022595674960542,1
0.2580472284414833,3.43912927716275,22,1.2296954039409151,0
0.9186265392543361,0.019665136621915918,1,35.697157953475646,1
0.7530062142623345,1.9784536311762755,22,1.400617848745257,0
0.2641687679519789,0.972179121024983,17,0.48273079983560363,0
0.032300867349257974,2.184328160123738,22,0.9135371714136602,0
0.10939159467924005,0.8083201028301369,19,1.7025852481501782,0
0.3519199142564131,4.126374965499782,20,1.237386534661833,0
0.28047601874208755,3.702144713845112,20,0.7526385160478555,0
0.17444781442060048,3.8889965790978342,28,0.6805784538690912,0
0.291850906966735,2.9132282227765183,32,0.500882419027429,0
0.6721789982428331,2.0325728386847777,25,0.27839209823525013,0
0.3831856214170284,4.497761127143246,27,0.1268841946646873,0
0.9364447385579202,0.12569442429647668,4,35.85697728870624,1
0.3424451151386621,1.5853473094917099,22,1.8326101041796472,0
0.5820049331157785,1.3220405868922545,20,0.4373610721611436,0
0.31843800709749603,3.680513034342919,20,0.9511216810227451,0
0.1720335622193233,0.5313232087839129,28,2.774167961573524,0
0.16050657399574159,3.62589384638211,20,3.112250045047871,0
0.5200442697638126,1.6130506060700063,19,9.117056552320022,0
0.2947871104555626,3.9519682956833324,24,0.28835729165436585,0
0.963511193533332,0.06814295112002786,2,0.6076416285957329,1
0.4251106295312091,2.0174438752746586,13,5.923820648767656,0
0.2860485384353675,3.203643012264053,16,0.6968578686474595,0
0.0746509735133898,1.8350744434167623,21,0.8186027040306486,0
0.22538439255170886,0.6481849834380208,16,1.2087739410253724,0
0.3950388686716005,0.6769055815077438,28,0.5993304041609607,0
0.14624104228405652,3.1254527197744535,24,0.3513967311410092,0
0.1362251303964932,1.6231130772293119,19,3.0204522493083314,0
0.29123570886146805,3.22821053582897,17,0.674150986571115,0
0.21463712487103254,4.45804512349871,16,0.27752817677843583,0
0.2964833328395225,1.449328552954809,14,1.3377382012329575,0
0.17972442322980017,2.3248332264407634,22,3.2582591800353846,0
0.18377962935813738,2.535256528092356,20,2.0269232997278532,0
0.8099779863545052,0.012313885554668814,1,2.8649544121642014,1
0.28241817646426604,1.6308493100607446,21,1.8359998068739465,0
0.2478881672807456,1.8872644102261054,19,1.2649776321378587,0
0.3239950636366885,3.9380231562776378,25,1.3222105365712513,0
0.218516082619292,2.9665650368995844,11,2.878281563577089,0
0.3737162049815969,1.6055752270993116,26,4.196538228050742,0
0.6102940370509722,3.3220198453139442,17,1.2866141584016446,0
0.22472663667351137,2.1250933518630157,14,1.050735313176399,0
0.3754468728590159,4.669936401210657,20,2.698249295122849,0
0.3110140342237329,2.74676386679344,26,0.33453427268217045,0
0.2542937604405711,2.292844030460003,23,0.47090356813516204,0
0.8107564871078714,0.18953319066904703,4,2.04476039001846,1
0.169424199995131,3.9318872306152355,18,2.4802040903123737,0
0.4772474140179193,3.0967622187125046,15,9.88309199014459,0
0.1720433454883894,1.9471212606926587,16,0.4655777654407001,0
0.024688326704831048,2.760333731583515,16,0.5752998754707839,0
0.47422760367388445,0.8681930640005477,19,1.5962715402898462,0
0.19659812115346104,0.6579966612415262,15,9.717844306311537,0
0.5843116302787373,0.1699908886599733,4,0.5367824707811901,1
0.3863640749018775,2.884910807056797,21,0.40505752123752703,0
0.21511415780448392,1.9521271167516558,26,1.6303190939424064,0
0.3273482886147976,4.824909052193629,19,0.9897036888430211,0
0.4085138554710851,3.727329545471365,20,0.40065012009263534,0
0.5595096878964271,4.449754949598216,17,0.8157528545372357,0
0.6549520576879531,0.0177280162361629,1,7.300226116150697,1
0.7314372460146105,0.15153652864806574,3,2.482829249780254,1
0.034636888639112,3.695664277387994,20,0.49958814469675294,0
0.10785044368188658,2.3505841839066406,14,3.002967531801244,0
0.24767166429182771,2.617976274947043,19,0.08330977239572504,0
0.14841394649954115,0.9038650746662735,27,1.5753223453089267,0
0.27731617484122767,3.482988683893614,22,1.1050924983741182,0
0.13356357203789465,1.6053943508290036,14,3.0251538372308766,0
0.07868337449465117,0.7527708280643108,17,5.991343820574624,0
0.09699353182217783,4.9402618149119935,18,0.5039719725104719,0
0.33944381009132807,3.4145527570952856,18,0.37559517296956885,0
0.86671838205155,0.0800394338769872,1,1.2685953787427309,1
0.11848141290021073,4.586890500656599,21,0.4163729529688939,0
0.2631055529354493,2.012309595420618,13,0.06441429096201545,0
0.4541693672510346,3.748084013842426,19,1.0032251307827105,0
0.1711660567968456,2.9944864922072187,20,1.2568446503983264,0
0.2769346817662843,4.445806246453922,17,14.729353220207132,0
0.12224934911237341,2.506410239412008,20,0.9498625299972755,0
0.5560061338358803,3.5837745522935025,22,0.4805405237818359,0
0.3582606263346511,1.4770073594729891,17,0.22120698246590503,0
0.20166247220583922,1.3199800787105127,29,0.8010753245249386,0
0.25047127179041284,4.066351481269638,16,0.3325239996201596,0
0.5159511041606635,0.9556439945482625,17,0.2147135690111784,0
0.4098037306752566,2.8722857992327904,16,0.40264752354677125,0
0.33061242425428977,3.473184907753777,15,0.7778030708567083,0
0.3353620163035683,3.2982642091256227,26,0.6838454108947043,0
0.24399741706399283,3.1479469788592116,18,0.856498567954902,0
0.06502330381414409,3.595109104745035,20,0.10647258765694252,0
0.5896509483273106,0.10950793399048357,1,2.1824139799702005,1
0.12238449743280395,3.30714843942539,16,0.5692132215940156,0
0.04620034848063071,4.267316166455671,20,6.055041436652855,0
0.4047070708969342,3.351292379533075,23,2.3808698149205756,0
0.20960211869812656,0.7573788876063188,25,0.17225101798553105,0
0.25423749680169666,1.8448863037530963,22,1.1334682638478282,0
0.6096193445991068,3.5118528409326997,19,0.7771996372084089,0
0.20962578198219223,3.7099638241771045,19,0.6118289110275495,0
0.34134108349015274,3.956002489249553,24,1.3129114823036618,0
0.5802353646252933,2.9356620701593736,25,0.4455171368978331,0
0.35072489222953274,4.628062413133649,17,0.22651551319043273,0
0.05190366269751802,1.6838829632903451,26,1.2588464698690092,0
0.2573650272701713,4.0905244437174915,21,0.9804666776262702,0
0.2654220056560777,1.1627573178041,21,0.6066274720731912,0
0.24401182454666143,1.4620226341744949,19,1.237754905429699,0
0.29990062106651966,1.209107313284588,15,0.6518092003350036,0
0.45105768890692144,3.5170262473333165,26,7.5534753911482095,0
0.6960870903880954,0.12768723379788616,2,4.305259447242012,1
0.3380174188102107,2.897882664130308,25,0.6475613169036071,0
0.06354284717172863,3.81957211396493,20,0.16093926198951586,0
0.373102404537486,4.451164899688797,22,4.60023932849669,0
0.15471338038585652,4.687249806751052,20,1.3161595685669354,0
0.9644765989724343,0.08616892002639998,1,11.46661416328034,1
0.18533568154898158,1.7069117525256305,20,0.803129060227519,0
0.2665187330182728,4.413947364252401,18,5.8244992544105365,0
0.20020949676246821,4.325441824212621,20,2.581216810683746,0
0.04739846828524935,2.2327610068200023,16,1.8807971810882569,0
0.2989796020951871,1.8117513912549332,14,5.095842176068725,0
0.1575413669999251,4.558599480613591,17,0.6418779557867438,0
0.3507409079822467,1.8821472786043327,27,0.5897680825687662,0
0.289805699887899,3.340606751585615,22,1.5633608620487527,0
0.3328901179490123,1.923810892262483,18,0.42433125904084945,0
0.23217456589873994,1.7495376582784583,16,2.6151526424159703,0
0.21508802805259228,1.2708344174789814,21,0.1423242100205019,0
0.1866118312416761,2.113186836490798,20,0.9580902330605992,0
0.3039675925011082,1.1760750075832496,26,0.799146044523902,0
0.4218433110337217,4.993799655951446,17,0.9617665251687118,0
0.13947794651659878,3.1138644978228482,22,1.6324345418758535,0
0.5922520960850315,2.4687311224327195,22,0.3555109174564717,0
0.8167738712267559,0.062281842180163,2,16.671284434905502,1
0.1637297475958402,1.9813060742910067,17,0.041182996421406395,0
0.46753441881075786,1.9426187906730814,19,2.2948549827678453,0
0.4963063547597847,0.9104995141956103,17,3.058913839334109,0
0.7445793494661742,0.8352510307488588,23,0.6669714316506049,0
0.34626893182505425,1.340209369661252,24,1.2446521832193784,0
0.18809732904127882,2.4509403074488922,18,2.781426240713623,0
0.17796170651669121,3.059351240840502,15,0.342165169717346,0
0.10617234004829564,1.678559826831018,18,3.6656577067730436,0
0.6256086146415579,3.631490687296943,16,0.5413047798282201,0
0.8919684298683425,0.11789538893325786,2,3.467222432002564,1
0.548303985934153,0.686869690922574,18,1.5531131075471605,0
0.25841956077662764,3.1020378368789383,16,11.52251526635256,0
0.5563146097482912,1.7253011430259626,20,0.24920606334784284,0
0.27305867724783867,3.7414598361568476,25,1.218096978836329,0
0.07593664088668534,3.1127713465282154,17,0.6208077230626744,0
0.2579463460619485,1.5359468544517527,27,0.2090643447458404,0
0.09958212099269477,3.9029179654193094,19,3.7786127493640613,0
0.06570203328220835,0.5975829858713344,17,0.3297876942211624,0
0.1680521444134297,3.7468888774912177,19,0.8153388848389947,0
0.10725993281768169,1.926282043617581,22,0.1686968932494425,0
0.16260834235842372,3.436034491351472,14,2.2886458499408735,0
0.1496080890256911,0.8707859100358972,27,2.958069907349612,0
0.19470642425279006,4.19403426065959,23,3.432882915520164,0
0.25192489520802597,2.7859015308865094,20,3.0491561044275532,0
0.4439471752526533,2.7311516527457758,22,0.8970669455242505,0
0.2748239536082017,4.70908339343115,19,1.8205136460099791,0
0.1198814662744422,0.8472218764308372,17,0.6096717262427583,0
0.6022308404770419,1.281371159027513,15,0.1460807713962532,0
0.08549081229194617,3.908614188387089,15,0.2975732090169499,0
0.42151912292854216,2.728385623380112,20,0.45478805958797597,0
0.5951547681777646,1.1871761347855234,25,0.7800753626330309,0
0.30274953431768203,2.567043358512315,23,0.20731865433559152,0
0.1967054470706329,0.9379197036289291,17,10.149236706735117,0
0.434167383029794,4.240215165463596,25,0.5603470250092009,0
0.34103311297964756,4.56890135534624,14,0.44751624939434315,0
0.3200464512637889,2.3941134626813305,23,0.6966587797789259,0
0.03422588165557584,1.3264607647288333,22,4.019783832087424,0
0.8762824650266028,0.023068564884888877,1,32.579935963141416,1
0.26975744484053604,3.9524428433350174,25,0.0712244295017731,0
0.15673126756598427,3.1568592136014053,28,0.6645272852927386,0
0.5712355662515904,3.794166548305273,16,0.7493645470785466,0
0.3277537018452848,3.505306962420706,24,0.9033100324048081,0
0.2705680198651996,4.940674237058606,22,3.828797865111774,0
0.3051799751045453,2.3652172684633586,20,0.8269129278720645,0
0.17254003524118616,0.9712954917256167,23,3.2784962082482947,0
0.29523825304461043,4.244372612939065,21,0.30491880637368535,0
0.2789779145348698,4.410803995359084,14,2.264948286901983,0
0.3524929462925608,3.9368377730841098,23,3.454804387248305,0
0.48584480643041783,3.6137967843907295,24,1.649595844571875,0
0.2733218343548651,4.189835467510926,29,0.2940394434514675,0
0.3471783380766869,1.189911931857774,18,0.8251630879097313,0
0.5903571458269465,3.3150248373711664,27,0.310770291978351,0
0.07810406074396146,2.0148377347878315,23,2.4034088307894215,0
0.10539977152034301,2.3114497769502282,11,0.6446791375073748,0
0.29547033234459363,2.539629302697822,24,0.2552870914626891,0
0.2413228434792777,3.745825791196638,30,5.812303287308663,0
0.3682145123613587,4.067328578289311,15,0.7827566014334268,0
0.1796786223599513,4.76850839675939,16,0.7576456975603487,0
0.22829990267968947,2.8561607650170293,17,0.27052199374372354,0
0.3226126228191121,2.5208306974078685,16,0.920206877389059,0
0.4266041948594783,0.6467554548698684,16,2.4244610833904483,0
0.17144613133806835,2.145900315093928,13,1.2485313924508703,0
0.3171062981898507,1.0263956000245973,23,0.28526552229470614,0
0.2377063305811227,2.8366598799470952,24,0.587268729157794,0
0.6957077254071968,0.5994447080601892,17,0.5137528609357502,0
0.1125378464220062,4.320922407943673,21,0.3769268793135205,0
0.1745875381194633,1.525204966208701,22,3.3853236166831118,0
0.0782364512340473,0.6152148124804905,21,0.5950622817791772,0
0.3152286625594525,1.3662947522093742,19,1.1047730036090766,0
0.28573556195501276,0.5808503475643838,20,1.7124736336482986,0
0.38884829921207376,3.1939887004813956,24,0.344757290771642,0
0.12195719744850579,2.073387645865665,18,0.10954899912126409,0
0.214904517611977,0.948109948039038,13,2.8023755387672487,0
0.09623211124048132,4.208539707751898,25,1.4073344261080285,0
0.2329979535033171,4.821097700517514,16,1.3341613193590591,0
0.2242299833563492,0.6739781531702331,18,2.9075905516384477,0
0.32286726212109446,3.6079963898250704,16,1.075386942947462,0
0.24053052488380727,3.808058057058614,18,0.6921449150084277,0
0.41252169808670497,1.239584685602533,19,0.35336686791470334,0
0.15448386005770975,2.753586817207461,17,3.6140837997593676,0
0.21735262448047155,4.869393270194496,30,2.168066630362996,0
0.28486744367886796,2.601507564263309,18,0.32697938685694977,0
0.03241517179776534,4.954418074237302,17,1.8969839158883275,0
0.3036331461142206,2.3635759262227642,17,0.9113259317595057,0
0.45272235152394763,3.734797515425459,20,0.3308204355774246,0
0.19990816152801227,2.4312466540291937,32,0.5142324451057643,0
0.23769625245588252,4.052052987999666,18,1.8744017786422082,0
0.2765477311224805,3.2829434944006226,19,4.029518211340741,0
0.34992911418343836,1.275459088672506,18,0.9945969988522544,0
0.2045514004419224,3.811737930137601,18,2.6192159342831554,0
0.07454772737400864,4.839006208304172,28,0.5371039476411604,0
0.35845095364406016,1.469135795609508,23,15.009647774122241,0
0.12001165768805787,3.9651508205319095,24,1.7805234811401351,0
0.49702321304220154,4.590578753552799,16,1.9011785628967512,0
0.23433517397248085,1.4658928589701594,16,0.6569658209312669,0
0.17965347033204213,2.0098418916872722,23,0.40336320487324984,0
0.25615016768945836,4.709685308772759,18,0.7607055351148659,0
0.24168025895868725,2.5048463102682232,19,0.3730415064736945,0
0.2442292367799876,2.616155522812719,19,1.6638342105605792,0
0.3614274401506285,1.8921038493441722,28,5.164687297955169,0
0.33005142946430555,3.839994180955112,20,0.34866899332539786,0
0.027583866133128774,2.172664874228299,19,0.8923649008171087,0
0.3940857062869059,1.2512556437818618,17,1.8280103298624837,0
0.2289009861007088,1.1895601158587485,16,1.1661713613456541,0
0.06575025119074185,1.687582098367673,13,0.6283219019653596,0
0.3389041065194425,3.8078672060829315,24,0.5664555675923606,0
0.26544709346189505,2.3341482710924746,23,3.0935886258383998,0
0.9136567441199035,0.10953256043603757,2,14.076909982545281,1
0.09492414250023279,3.525530071361956,16,1.631598986084219,0
0.5837186277876731,3.77063467673848,19,0.10832727030907655,0
0.7130217588753796,0.15054657193629772,1,1.9988255467841927,1
0.4890287802267721,0.5857675417281678,17,0.7731404152810227,0
0.35079594574767653,0.7288854164659704,25,2.800980823016613,0
0.16074018770190024,1.0525939095324817,24,3.2487884405338385,0
0.08156584983620059,1.1762707802076848,20,0.3278702199619447,0
0.2703527102135934,4.860563729067699,23,1.7292699555971374,0
0.28268576660213224,4.058935713879208,29,0.4059271237944231,0
0.3742190308845446,1.4523505916066286,22,1.217570696189888,0
0.6928713953202708,1.8843645732850662,26,2.825672074735522,0
0.38316043177090076,0.80866957648281,19,1.2236491028451968,0
0.23244900622420256,4.3661724402467526,22,0.38964866040374585,0
0.3019402827187534,2.339865251617387,15,0.6302580938066127,0
0.39075791066721777,0.8947793202488605,22,8.521532091547384,0
0.18519904961847197,4.927903385285728,21,0.9214627503646494,0
0.13885485065291558,2.569203575213549,20,0.34787026509653624,0
0.4512466011477315,3.871157299082035,24,3.446857686999858,0
0.19194488963609282,4.002386800785006,22,11.089352412452397,0
0.772215211019233,1.061333220506292,14,5.244344153516994,0
0.12175188291504124,2.6237309421572528,14,3.4597262338437034,0
0.6162225506800282,0.01846602994678397,0,31.88756435409413,1
0.13854238226024013,1.548108945707055,21,2.4850036440032004,0
0.09850755247057466,2.0054191181326333,22,2.1454132445823832,0
0.30376069875867473,3.756787006168343,22,1.7715548667283851,0
0.8310368221891267,0.05993896698857658,3,2.3222217364861275,1
0.32691204663033707,3.878793570191418,18,3.8586211556846473,0
0.10847050974153587,2.253140213497045,19,1.120127750693247,0
0.08543498534714888,3.9042906090456375,22,0.41275577899753263,0
0.5368069461387966,0.150060153510853,4,51.676107062257614,1
0.2718875942434421,4.632647677642608,27,1.3837827116335983,0
0.3471303661270062,4.54762300150509,25,1.1575673149718542,0
0.6338830005036342,0.08574236743579783,3,15.068246288476999,1
0.11997014241480507,3.1906819177599335,16,1.4763262948832832,0
0.611693693008313,4.596614349583346,21,0.3413182156566376,0
0.2314820897734011,4.209068823502287,22,2.2978625706432063,0
0.04061212265325463,1.1730014870816918,22,0.5306616716239522,0
0.050258855898123476,1.0270217873230978,27,0.8332511953295657,0
0.9883625605446009,0.1900706353775876,3,16.680504948999282,1
0.44291882738466587,1.1495175207655552,26,0.05507631592516526,0
0.3960242638089383,1.9966239137184523,17,0.033512133743566895,0
0.9425725106808389,0.019107525788664134,0,1.0543540723301437,1
0.16182718666047113,2.292189660545324,16,0.8035505285700049,0
0.0713903257655012,2.3784841928393847,21,1.1562032213952298,0
0.07160053973517301,1.0645499563287013,25,1.9963451061893476,0
0.3436093821595249,2.6739561014369704,22,1.8053109371436502,0
0.33597995304270206,2.3394547607635476,17,0.7407969485804485,0
0.5317104264621078,2.6692713797193033,23,0.9089751357458455,0
0.24182921280758585,2.2697947519504513,18,0.7928562625432264,0
0.13758128804716357,3.3403711316049858,19,0.5512325716369563,0
0.48241353794927516,2.5173543370290017,23,0.36787106609804526,0
0.7626376328297159,0.015674418251650696,4,62.09425228552878,1
0.31484393093575325,3.484870779476058,20,1.1619336198076562,0
0.37961091908214073,1.3421703777785285,18,2.765351103848,0
0.28022679416858637,4.274016603645441,20,1.2663095019631092,0
0.227136260731491,4.789920492197442,19,0.6278522718828846,0
0.21654941310817233,0.6432231577419794,13,1.9974718259984914,0
0.31555344158346393,4.68039483889023,19,1.3025352806752064,0
0.6336938675005195,0.054618549582002456,2,31.05653795874687,1
0.910740784267143,0.047842461279351434,2,43.674482297456464,1
0.13973417819146375,1.10864840685028,22,3.6592681877583852,0
0.07440737676753224,4.341786972567693,19,0.7438090986062122,0
0.41112505785831777,2.5436003477666427,17,0.5081388821347163,0
0.4718139711813622,3.762148113646194,22,1.2515671184932766,0
0.08098802249792303,3.7111463690160034,23,7.26820337844094,0
0.2820377559252641,0.5890524439179199,23,1.0392756851848775,0
0.18984880166364793,2.9154896169912194,15,0.88213677764866,0
0.10505844789588914,1.5430260312151343,27,1.8330209272714642,0
0.3017530567326228,4.791615131896725,21,1.7367995691022855,0
0.26641235752875253,3.401846049239255,14,0.7139323665612677,0
0.44392048635587267,4.91957477580909,21,1.1436289269934252,0
0.6546119402565291,0.18510307568195747,3,34.14417313585388,1
0.12092764469866818,3.6138832077127634,25,1.0931382215260523,0
0.26671709921833847,2.3426304106348823,27,0.5680036413664278,0
0.137669549139416,0.5156235847331487,26,1.387010206922629,0
0.19441726751051097,3.5241669053731255,25,4.84898194658439,0
0.25134354881693355,0.6453207836144871,25,1.9135066736552782,0
0.2274115702025732,1.8170801994448675,18,1.5952016406432514,0
0.6944668980275939,4.953321132446658,18,0.47194403814555574,0
0.9713148571773842,0.135594644974562,3,6.657779645569407,1
0.3099081954087996,4.7324204166042545,22,2.370497262544386,0
0.40469524150360847,4.7680349250889025,23,0.5282802045094935,0
0.13621112668616395,1.1530705004437667,18,2.5467955695893267,0
0.5547118447926754,2.195898588506143,16,0.6885771829157485,0
0.7206354331154596,3.961289393390537,28,0.3737208699607808,0
0.40080595183272216,4.349109918402788,30,1.779607835042515,0
0.06209124530159592,4.523989870375657,18,0.32125210694901896,0
0.11647753636004121,2.8804475184351737,24,1.1526312043370024,0
0.4250012149974062,0.5508366211810372,21,3.051446891339731,0
0.553728322053484,0.13487453695203774,2,2059.33071086647,1
0.5942364737147511,4.549357368635491,22,0.4262960564637426,0
0.4116436514922107,4.041088257453611,32,2.582237858918086,0
0.3115621248781275,4.260477940207564,26,2.1669746441108204,0
0.3074979444756846,4.706863895645367,27,0.5493888560084688,0
0.1812040462196508,2.339120798372027,21,0.2999067381412863,0
0.36497553711275144,1.7900914130215602,27,1.034801663712039,0
0.25647740083245496,1.5686007459554752,24,0.9303235229454164,0
0.2538305658410185,4.495471932868758,28,3.0256041599620365,0
0.19541122820497014,1.1315223589468484,23,0.9060007991667989,0
0.4611507497680115,3.456725948501133,22,1.4428286116067586,0
0.2502987979974192,3.658013260620946,26,0.3794385666114415,0
0.20816056014599624,4.350827008380254,20,1.0367668325552153,0
0.1344109490791864,2.7678319842410293,20,0.5327867452871206,0
0.3011465272394018,1.7072628880588714,13,1.4678116985613767,0
0.07117287905939772,4.189756140676673,16,0.6744491345836253,0
0.28744324721257314,1.0194699336484117,22,0.40158965637111194,0
0.37735043352170505,4.0778981832655194,27,0.545651175573445,0
0.5199837819333213,1.381697158738821,19,1.2643898821052104,0
0.19522575318630164,3.8966151038956696,17,0.5922001205455594,0
0.15719910392358785,1.263083008379101,24,0.6477804919329391,0
0.5963231754534276,0.15569330179850133,2,0.0731508287875191,1
0.04620309969307341,1.1391283618208317,16,0.2530181334741754,0
0.31902079135470524,0.5929712035093522,16,1.1396455396814618,0
0.2452157746313365,2.333613198915076,15,0.8974095084686569,0
0.556731921586157,1.6092175620955447,23,0.5608015321807422,0
0.6663807343275877,0.1871025842939161,2,2.268786117767377,1
0.8447010578706965,0.1542717167924385,0,0.006321760272556131,1
0.16888203845257954,3.198632749135726,18,0.14969724906486495,0
0.14849695523393228,2.71726253230434,22,0.9006286685572463,0
0.33832843016903663,3.127177297221274,22,1.1353686596101813,0
0.33981262869078055,3.031692065370442,14,2.88486852707875,0
0.18636089053663135,2.5129794095319506,18,0.4348468117004257,0
0.3574709316275794,3.2076053761988828,20,0.32040103560989036,0
0.7065987139951364,0.15695179668421483,0,8.05102912307283,1
0.3664037208433883,4.208803310672375,19,0.29054419885409544,0
0.48159981436240845,4.351848036300636,17,0.6988127405364808,0
0.8018455121059215,0.09366995808048419,0,68.0144427911311,1
0.6713334013628987,0.1257893622336573,0,12.440464945783157,1
0.013554548443739314,1.527024496713042,21,0.618827337771701,0
0.3088458112146791,3.017122473708425,17,0.7019460104345486,0
0.17233510260518334,4.379823978618062,30,4.02184590311756,0
0.328630995544716,4.546493931764921,16,0.8221885099149481,0
0.7899434096546095,0.1601197996000301,2,2.2218736294966073,1
0.8590494823616885,0.17977018987670504,3,1.8629662041812225,1
0.06773336228748555,1.0031098611540024,23,0.11777279785261226,0
0.5243958579750263,3.9963454046629803,12,0.33892433047900855,0
0.09711709576805169,1.5094867594354504,22,1.6402612385582591,0
0.6076676264768326,0.11017686586607899,3,0.762178606462587,1
0.4651704823243693,0.6601996084305785,19,1.8516932811738742,0
0.4076507725710069,0.8117917419131759,23,0.22426839100587168,0
0.12296862440031453,1.888618505552137,25,1.2131673771765117,0
0.5074047290264598,2.5915995727438252,18,0.8372388939011908,0
0.09153100971659782,0.9349564842088012,22,0.7194122754281461,0
0.07003098889162622,1.6785804441046674,20,1.2071720833370292,0
0.9203938867995696,0.07444020053664197,1,25.261309250208345,1
0.7173719077717983,0.10893795398335943,1,151.141998366436,1
0.26522110237479585,0.8118082622016107,18,0.8467324550143769,0
0.23431607839468013,1.956876922482123,20,2.6622750279718947,0
0.23907171958488682,1.92381467439282,20,4.972834522174944,0
0.13745268551301573,2.3424328554006024,33,0.21798182269780278,0
0.12300142751759116,1.3287912081269568,14,0.45262120288456403,0
0.8824868692140438,0.07940791119582641,3,31.007944636447018,1
0.20958264621653644,2.1819295068655467,18,0.31638765410037684,0
0.28537659015889844,4.617153488640032,23,1.2475381891833761,0
0.6577236452485073,0.13011458418510213,2,2.8290036870063284,1
0.7595541880641936,0.023497219197561568,3,2.7935599443690933,1
0.21147222993036,4.7200510552970485,16,1.3330103825016801,0
0.5447922233402006,2.998163270561996,19,14.436386699421396,0
0.13092944176063825,1.0704454340079572,15,6.643087515656649,0
0.3952912843728346,4.9013960341891245,11,0.9342401426049342,0
0.3944196320256123,1.6757729859886037,28,0.6845554120823327,0
0.34142349797917365,1.8388625962033505,20,2.1934430297966236,0
0.9480936191707228,0.09768951283690465,3,13.676907036593272,1
0.06566832687058584,1.1169265093407983,19,0.5052741299237501,0
0.29684134053544603,3.2169944739913126,21,1.4588550197350254,0
0.18421903621436245,1.8011051418526587,20,1.260892425159249,0
0.2542033087877016,2.021097547724307,26,0.731311221682526,0
0.46025933361018473,1.8596281935935715,17,1.2324207226949957,0
0.28407316151906054,2.0410524818430633,15,0.34183153676987943,0
0.2814926510279323,3.311980381353322,21,1.9422127327045837,0
0.395000726563352,4.764868576741259,16,0.6277265955987782,0
0.287997219367052,4.6970340415083385,21,1.25445989597497,0
0.4118007502517801,1.8320630611961757,12,1.6658526346249902,0
0.46307446820553205,2.898860347151332,20,0.1597888829512603,0
0.355612819345411,1.2438661953505652,18,1.1924743840133711,0
0.3292402741652573,1.9678623241517255,21,1.2107365013496878,0
0.0891289962592877,1.223956655614003,17,0.791453281865646,0
0.8711240112582322,0.12222378808917247,5,18.809133984812384,1
0.6809326604067979,0.1843973591092585,1,1.5790630897702995,1
0.20547879511257436,2.893030863486231,22,0.8230847414986753,0
0.046815660155055804,4.778533503832745,20,5.822279556290922,0
0.2384943507205334,2.7200789234734892,20,1.8493799282541459,0
0.34653664057557787,3.1891941092752427,19,0.5099571388089575,0
0.22880374759495406,2.6257686013836885,16,1.5485557736783742,0
0.7369836504488603,0.0502865561638931,1,1.7200786108215922,1
0.8476277767490887,0.09170933795006339,3,309.53252520714875,1
0.5385258768947646,4.576227262633021,22,0.14052126696568695,0
0.03412039543101258,3.016657210145911,21,1.3307244230065487,0
0.27288583461406174,2.6517044429008974,26,0.2632421012445934,0
0.18268946084276239,3.469848380973159,22,2.8699950332700377,0
0.493380914081642,2.3770584175892173,18,1.0102904080297148,0
0.24081225258500802,0.5294411319407206,21,0.07567987774612409,0
0.45592669465645,2.3244688833596943,17,3.963405007341898,0
0.15339668287127922,1.4233031767427444,20,0.3355596978982591,0
0.0976767062724515,0.8647776556585292,19,0.7426140303635103,0
0.13596384097376468,1.7591822399540196,23,0.7834668148042333,0
0.3762845839134847,4.785793608871274,21,2.1228935952078634,0
0.7372383318735507,4.738675526821896,14,0.28885041795107846,0
0.3535294987813257,1.8762945483786653,26,5.648345801316511,0
0.24818164516823504,3.5643477917138204,21,4.456603827107187,0
0.12282621986331568,1.6847741762081836,20,2.5219081685116382,0
0.3420569227343889,1.2117683827956383,21,1.7646938957989322,0
0.3049358435149262,3.2053345304243424,14,1.6482956599643142,0
0.7712122632476757,4.89656684099766,21,0.3447675350434748,0
0.8352905070012951,0.11792783238444929,1,5.1847866440896535,1
0.37488219175655335,4.972001639593999,21,6.74266859917365,0
0.13357208727827602,3.0048619720442096,20,2.3357186327485024,0
0.10542610539165322,4.55432537626572,28,0.4305139641040075,0
0.29486479224009077,4.104076642822955,23,0.9302262433527634,0
0.46159231069465345,1.8683505961042464,23,0.5165119537644509,0
0.9440240733379615,0.14110556679625827,1,11.316400327126443,1
0.09609426739529753,2.818288317784501,25,0.8325943534055015,0
0.5973852775645359,3.3263716822130682,13,2.100690405069076,0
0.5334343159890503,0.17572682032210005,2,0.5075060890277163,1
0.1797837476190179,4.997460742423148,28,0.7461100318798779,0
0.2527717974010355,4.716467302451986,11,0.3596491875244525,0
0.0894986130541514,2.6675199256861775,13,10.805509184907983,0
0.26456442054712337,4.226130025077539,25,0.6571095916900607,0
0.5328812510051979,0.8112202943888494,20,0.6739151337153596,0
0.5257394963250679,1.2629388142597167,17,0.3183887953728231,0
0.26783531361656837,1.2486730913661173,18,1.4792212351859853,0
0.13633225580592812,3.6621231841074717,13,0.6288586208256991,0
0.28885263724677457,3.087387391648061,25,1.9594113253539618,0
0.24589503457810744,1.6627086061643475,12,2.11907778389811,0
0.4373428394895947,3.441528931991224,16,0.5761508971394951,0
0.11600851989420456,2.2196027291490115,21,2.0325649167222206,0
0.2153251560738395,1.77837668737971,25,0.46766834692566733,0
0.8040543143672314,0.01642945202359625,0,21.038132134276243,1
0.1829460137942884,1.6738101390213649,23,0.32396952126392253,0
0.13503180278772972,2.4687238436255248,30,0.49746748564501503,0
0.3225342719918903,2.345594373766309,22,0.7232509228969765,0
0.24254365768108355,2.883739437206679,25,0.9421437168622506,0
0.5111796477837834,0.8468913070233064,19,5.846920936159174,0
0.3127732679604799,2.897163777528602,23,0.9687890493256746,0
0.05988890644863117,2.1606858536039053,21,4.059187216182854,0
0.04631743926742917,4.604696616916417,24,2.0685558792753183,0
0.2982029248577722,3.6417840695862704,16,0.1158202493588995,0
0.6589125547052985,4.393808535609065,20,2.2224668824849445,0
0.29066873592506576,1.7459942761887808,25,2.3229170593906265,0
0.18362365687483218,2.1507052963870965,19,2.2217048684516105,0
0.36500123988864974,0.6010505647511104,13,0.8984409959730648,0
0.14500472564288694,2.8901143873243607,16,9.946493606944713,0
0.08734038045109176,0.7717889705611468,22,2.8626007095260397,0
0.05938659494964087,1.736516505500489,21,2.3723274644415633,0
0.35905200122114983,3.5002695597670406,24,4.506276911991639,0
0.03697343160522421,3.5654401019767317,29,0.9594910788739254,0
0.6950328327341749,1.2836477095358196,27,0.3530376260839856,0
0.13061174016701274,4.40727115099776,12,0.09521516353132509,0
0.036388246180245304,4.848091858894327,26,0.25933317154108926,0
0.06098887638001064,4.492206480900391,18,1.5786233634286277,0
0.2075167862435465,4.955432419499203,28,1.2664650800691015,0
0.2825910084502888,0.8173313394696677,23,1.81813455312621,0
0.7628781427618642,0.14860659921649258,3,0.6636937902503502,1
0.376782245104113,4.638736989852337,11,1.191548708190862,0
0.5691979996060545,0.7951032106988486,21,0.34177525139234055,0
0.9534037589462983,0.025427319352764332,3,15.186344070300553,1
0.34103324371961635,2.498975093910399,24,0.9475019466725961,0
0.30756555244624695,4.725166709903018,23,1.6474686903974183,0
0.19653526259686213,4.364590455198092,12,0.13143355687026348,0
0.33287094785798604,3.319523880654402,23,0.6131833773059724,0
0.15108083549761167,0.5661597467625112,19,5.15888303206798,0
0.1756743075009445,1.1963046356829743,18,5.35191186750571,0
0.21234570151501989,1.1338960888097445,23,3.3352706976288014,0
0.4316144475276506,2.4197851922711022,25,3.316742586258231,0
0.28916296711423956,3.1056436489606765,17,5.2848275958136535,0
0.28707712210113023,3.7217204506607002,20,0.9205946957868042,0
0.2767024416336029,3.4804127550976895,18,0.5274607086782179,0
0.35197559031132425,3.1695212342951047,31,1.8221590476671918,0
0.6280271465055003,4.077799538730381,30,0.5957362966785756,0
0.5236436085078937,0.834967620363442,24,0.7422268015012023,0
0.10940162836240432,4.274211568458611,16,1.1090855134144788,0
0.24592093568661377,2.4284205198876867,19,0.5884194344764075,0
0.1094305960840924,1.2134643492734516,21,1.622996714271769,0
0.5860543179331026,4.5649894926822485,26,3.2962719489914414,0
0.3053999679138812,0.9955055856713466,23,1.8855093117370265,0
0.8577531814200355,0.14796408110022866,2,24.027788274408657,1
0.32592736451932836,4.213250275937439,12,0.11905923498520485,0
0.067669592152032,1.7065063503649702,19,1.1683779281369444,0
0.3711698121452656,1.5022090131932082,22,0.48782901862991584,0
0.35585258969079714,4.336524194547064,21,0.16428756026677183,0
0.2830700828482109,1.4480287211118412,16,0.015642966664855273,0
0.06926779539015732,4.95887654744877,13,4.140968731308981,0
0.023042130537978805,4.372986398637055,14,2.7621947192734764,0
0.6160795114238762,0.03691390008737155,1,70.22640899075853,1
0.23074389483754837,3.4716083273733975,23,0.45176382499545786,0
0.47583830665007615,4.844950594137472,27,3.6549661974876635,0
0.2381378502069932,2.7282185873153546,15,2.342198188935854,0
0.5572314792869837,0.013692534788684986,3,2.30791520387071,1
0.5327803478225388,1.5881285422080496,16,0.7191421139445339,0
0.2767607060907525,4.602927386360697,22,0.2508260271788079,0
0.6173723638878132,0.11980273723825123,2,31.0459327661968,1
0.19773316929582316,1.7249005871592382,27,1.2197140388046188,0
0.6339160551929667,4.101223069931904,19,1.0422481986687298,0
0.07434603175350038,1.414937390309103,20,1.2011271299861654,0
0.09117826841068356,2.669617088281743,26,3.9311842196927187,0
0.1270274018970216,3.570486868359648,18,2.233997805255444,0
0.27049440126764995,4.715288409257118,16,0.49020214865321143,0
0.120627433576007,2.87063015401539,23,2.4308371928781756,0
0.32857289839159,1.7315287141003193,17,2.385946932405803,0
0.2293050643233648,2.028339750348205,17,0.9922856157912561,0
0.24624325128376912,0.9433679708851213,16,7.945947154325408,0
0.18871704957032057,2.2224435171078905,19,0.8223834071379696,0
0.4628513391941014,4.8369282142394505,24,3.7235678827498693,0
0.2724414952919118,4.735662541456237,22,13.3946880057697,0
0.22351776879855784,4.782802141857568,19,2.6366065657609368,0
0.33559415166756146,3.230727859600252,16,1.0238761887016041,0
0.18221831180206585,4.353942962765901,25,1.619971177994718,0
0.20261619387678184,2.484216873166074,20,6.938053872026742,0
0.34899263459015545,2.977571474619831,19,2.904493306816648,0
0.519188296091729,3.9206985656614557,17,0.7716638035819197,0
0.48889006039577126,1.2754111629565386,23,0.5547824765553101,0
0.3343840451610778,2.0656841391495027,31,1.4064966305020552,0
0.14955226212351289,3.45321021835892,22,0.7180406793858858,0
0.1019348432825647,3.7338255653897874,15,1.1581113567497543,0
0.3666343554163972,3.6013224801275663,26,0.23798105816919907,0
0.7974177674805827,0.02838342587571689,3,30.405095555638933,1
0.247121829803032,1.7316779794231192,22,0.5813542345666598,0
0.35034984445665307,3.24191012569458,18,0.46523208387265685,0
0.5426935212495965,4.919367346168178,28,8.597125548393558,0
0.2906547482632601,3.4045649522283523,25,4.197143312024262,0
0.8561484132927802,0.027906772279148687,1,15.097639649452613,1
0.2832561935642425,2.598508629374866,15,0.42885168985440014,0
0.19172179762839608,2.244948525151015,16,1.7263950334417362,0
0.6337341821782833,3.3288334729088507,21,0.2474869563068207,0
0.28967337104324425,3.723385342023191,17,1.0964853440666205,0
0.23008009960461775,0.6570012201886924,24,2.2421855622405475,0
0.2923188479966846,1.507462705696726,16,0.41171981727433005,0
0.4539616976190085,0.6192852986599009,22,0.15788576101720417,0
0.10610228306617885,1.0207285941308955,25,2.3567528887747335,0
0.16696380419033188,3.8673605858041613,22,0.5761143742450251,0
0.2634748029207992,4.8876798944365785,14,2.1181907811157936,0
0.2437713787086924,0.7910983906648205,19,14.627677667932833,0
0.06617738414459443,3.85458410288059,14,1.0453290961472592,0
0.3871149740110494,4.521866381908141,17,0.3104574534995926,0
0.6608373962338766,2.7823414618251663,16,1.75202677513875,0
0.32649344550166576,3.270902114782006,20,2.2187418315827543,0
0.45648380444957015,2.1606450026782644,24,0.512771097866809,0
0.8998222039995558,0.07951940729296321,3,364.35656380618104,1
0.20254081214013148,1.528367629786459,20,0.7451685853539112,0
0.337940226519734,0.8023643536026752,10,6.413697126504125,0
0.47861120260796614,4.9454149447561155,19,3.465378624223451,0
0.38455059057096486,4.910435144413089,17,0.5792510585791003,0
0.6240324291793968,0.5312504873702166,25,1.9616673778071987,0
0.10657603120069413,2.674861121233354,21,15.765181270619292,0
0.3254068176734417,2.473469174518163,16,0.5316273777633747,0
0.7141107761557889,0.1206654047797474,2,10.61820719408488,1
0.13979398565024942,4.165624534612489,21,0.08865092870617619,0
0.47569772040663716,1.4011815641598662,20,1.3867960930586927,0
0.3566707120453019,1.613874454784737,22,0.5226893227184322,0
0.1237670718518379,1.5923696000235141,23,2.5038706472582666,0
0.19955997416422044,3.999553253361602,12,1.054960793283596,0
0.027648970483780202,2.370918245181466,15,1.6969007360047226,0
0.618878358682629,0.12914520590312994,1,69.95226633026219,1
0.9296276362760085,0.18265582417426357,5,2.543476995635479,1
0.10028908363552833,3.632606644346527,20,1.5212760945017894,0
0.3270844378718342,3.8131365155954824,20,0.3845942886010853,0
0.2750149735725138,1.93431019367302,14,0.8475228365887323,0
0.3248733123258307,3.275699974785277,14,4.558875341551625,0
0.18327317027580942,0.5137885660843107,14,0.7556540231206469,0
0.25126667525213847,1.469235556257375,22,4.5803952639068,0
0.4672041709681,2.4759652807937527,25,2.5003140326013025,0
0.1912480636913016,2.2075737900658465,22,1.4691579552401974,0
0.2648213023044375,3.61254039616396,20,7.683790394972003,0
0.213805816925428,4.392158153271982,22,1.2174059735143632,0
0.551740364019737,3.4417507708592243,24,0.842732944519639,0
0.617342394910127,3.747495738961231,24,1.779695538374667,0
0.17174828972227804,2.9748128683926582,15,0.48323139657577324,0
0.06947324240561448,1.4474122586880878,17,0.3800919377939291,0
0.3475510118454135,1.1764533582273413,21,2.507550520907263,0
0.39682768270661734,4.378408026047189,32,0.5232188870747103,0
0.26684918664152874,2.338885055608935,17,2.3660951223102176,0
0.11955932688282897,4.24406569747404,23,1.0384745742662829,0
0.20874479717659605,2.268416779697402,22,0.2948253011275689,0
0.2158364699923515,2.6406379581604607,19,0.305807805194418,0
0.20167012585986446,4.2911639846663405,18,1.1554715555692188,0
0.13858414728171636,3.4351277604752917,16,0.6276471368576025,0
0.2632125948378195,1.6910733256434318,28,1.5143112184222385,0
0.27242021369130043,2.9108314303487144,16,2.685866517246039,0
0.2871939134910078,0.8494046481879629,16,0.4589358775394447,0
0.26403420267329897,1.8312871055498814,18,1.4651747970820828,0
0.10925816637306027,0.7780326072477082,21,0.11058535261458398,0
0.06064294623079887,4.145457604907376,29,1.4751505105304004,0
0.24024553890707287,2.0974675802175735,25,1.6175143111747963,0
0.3691033511158855,1.3371174849822913,24,0.6360904951565465,0
0.9390158039431813,0.1231349307240472,4,0.5787377991011221,1
0.3714196544961781,4.7239148297143565,21,0.6450949517471799,0
0.20471840307049174,3.5211300281506186,20,7.784071406487981,0
0.3156459431281729,1.0748368138278197,25,0.3588242868205998,0
0.48679357424406544,1.3736215697577276,14,1.2234417267620556,0
0.025730685495635904,2.6145868002540174,26,2.226898879603158,0
0.3394893260425969,0.7135606471510094,18,0.6044491311580015,0
0.4111604322000186,1.8220322629248928,22,3.7026020068649417,0
0.23758717102567484,3.047484155153788,26,1.7021801552894322,0
0.30414145488393995,4.12901317955159,17,1.7032967711247784,0
0.5934063272847689,0.8981468319062021,28,0.8470835386481372,0
0.9828363028898711,0.0316741340866211,1,21.112349166456923,1
0.0743129340571963,0.8732010081218993,25,0.5267267906796999,0
0.12290006309829814,4.636134990567262,15,0.4165321183440378,0
0.19002182626438205,2.288530019560871,18,1.012996285297595,0
0.1444443139439486,3.748282016760833,16,6.1709036369319845,0
0.12883508239997926,1.931644221890211,14,3.496810336139703,0
0.04417776833306817,0.9087858132525994,18,3.3426523040021934,0
0.13310070775724775,1.6894266800807465,23,3.992262615166447,0
0.23895738252836557,2.375180830019401,14,3.657740164222314,0
0.8978758062533971,0.10657376633568438,2,0.10257839202778271,1
0.5184153095007645,3.139253544465058,13,4.835554231491877,0
0.19647449492600075,3.259664813733636,26,2.253141378362765,0
0.11989989882453901,2.0061239796770645,23,1.1527643047946385,0
0.7079997377853199,0.06667959561494703,1,308.16361036615353,1
0.4222696816121142,4.725470699524622,18,0.5402413134608969,0
0.20660348193741332,2.746885339186233,24,2.199609294887698,0
0.14722346870959863,4.080438843382881,23,0.8369502530492775,0
0.12616596001799843,2.1360372121757374,16,0.3146974510063187,0
0.9127568167082377,0.11876183788486014,0,1.7317986148642255,1
0.03870932632812972,4.630484972279519,20,0.41543978825807776,0
0.42717195049911405,4.930460064773258,19,0.5563478981918256,0
0.07651239367466912,3.5723951024687186,22,9.332183825689231,0
0.36010293508032765,2.424705708151037,15,0.29363445409792654,0
0.14482313496784924,1.5799083063196875,18,2.130353390905852,0
0.5685608541658932,2.346094072257483,26,7.96382399726119,0
0.3804537443868567,3.6320838984248023,16,2.5513642349782093,0
0.3959985528121532,2.662945532299964,16,1.4078138206342352,0
0.8158035785144998,0.13333543129739855,3,1.3709556660806284,1
0.23106192975303386,2.589946177043148,25,0.29619773975385555,0
0.2510580679619267,4.677025411217465,15,1.727862534712691,0
0.18689766313948045,2.588191877565261,24,0.305772107524846,0
0.1830166017743449,4.218782789218389,13,1.8577588517303192,0
0.7027910581841257,0.5704241589843156,23,0.19830984308801122,0
0.07924038846618485,3.480335231105148,17,1.7641461713118225,0
0.2666602364335683,3.0549949039393343,21,3.299268765921506,0
0.413193765057204,3.8454178656123275,19,1.388830315970892,0
0.3412817369083135,1.0720540412939092,15,0.2783080399266917,0
0.4572309236164007,4.601444546002245,27,1.2568785176726909,0
0.7984193939589894,0.16406981644361215,2,27.314830717887062,1
0.27791094985747616,4.450340827708644,28,0.933229796107506,0
0.5124068385685953,3.698291764957639,14,5.053631786148606,0
0.2480480573787627,3.1716511569234065,24,1.8865155958307542,0
0.9925080210335161,0.05839413028595675,3,11.606559017901114,1
0.36704680793084504,4.379991234270501,20,0.5145442906020984,0
0.3767826513121198,2.1867243662571205,23,0.3314139315507442,0
0.45314604644504225,2.37594409235722,18,0.7033460774421592,0
0.08966419321692853,3.1623678353357625,22,0.7812381082239497,0
0.07212449738997806,1.3298887120959157,13,2.080932325421991,0
0.2605344632813823,3.4915001276161037,15,0.3749356141667983,0
0.26364047251573985,1.635973569561889,18,0.5000439767201882,0
0.884309267422808,0.1261187107066211,2,8.466595131136073,1
0.06916720107630825,1.157732128294414,22,1.3601719448250842,0
0.291068063388158,3.5249958454387387,29,1.3492741984442194,0
0.21239460921191292,4.905611904439372,12,4.931819554251763,0
0.24548261748653935,1.5431626306976371,18,1.0097989569553687,0
0.5706863397925762,3.4658704180328295,13,1.0769398666436687,0
0.4643975331315608,3.3190048548730724,24,1.4230873927211887,0
0.44817501251315284,2.3504920024498035,22,0.5748686559434405,0
0.37889101269981806,1.3764308134470304,19,4.607897252635648,0
0.41217263706177176,3.84275693396712,26,2.2784543999963076,0
0.6629028595062322,4.396555378254791,20,2.2539115375979426,0
0.12833905843178395,1.8078851743690567,23,1.033933491643616,0
0.6742621043511274,2.335443599519847,30,5.724600239811155,0
0.2784931260283051,3.2989093000637015,27,0.23656754181456538,0
0.31976964566406085,4.2006913882022605,21,0.863263146210102,0
0.32635098225621767,4.6441248831688675,16,2.4694277537590335,0
0.18843162113205367,2.7398267284027087,24,0.9358681986308581,0
0.21200038354811004,0.898679017959469,19,0.8324125392234735,0
0.12944150297140056,2.036441720865092,18,2.917613900966728,0
0.4796952329017953,0.7110331639953218,17,0.41662636799497654,0
0.27279225660148837,3.150122835592404,23,0.37859160648392753,0
0.16579048469713206,3.9706359532885895,22,2.0226634903943235,0
0.4506617070346856,3.361488320134926,18,1.6811691164723634,0
0.27476557624363857,2.805663377352719,15,0.7192009189496198,0
0.9309648922778827,0.06323536043583042,1,0.23349968780116254,1
0.25861332015928945,3.7109254838894095,21,1.769463771797151,0
0.30942978042426766,1.3753979794086577,24,0.9638303106865367,0
0.34985921576648066,4.422356799680018,12,1.6417143889816417,0
0.46243831807863606,4.433141135479861,22,3.155298485262561,0
0.07880057875058352,3.790579889561669,28,0.7921510952435235,0
0.22391597359809143,3.752332549963644,21,0.5044115596438903,0
0.21249670187408704,2.912582721081142,13,0.9319273091528062,0
0.035918456333679245,3.802815266523172,18,0.8668694179609401,0
0.8585224860932232,0.1333807471824281,1,206.32589775246913,1
0.545677685683326,2.2393779818969146,20,0.3845541491719955,0
0.309317628887448,4.621944931895986,25,0.16468178336575653,0
0.16921007918629133,2.742747990839435,18,2.5359986457584633,0
0.15505880360842403,1.942122051495228,22,1.9311935893727838,0
0.5582912508422433,0.7378514833089092,16,1.2162931586745378,0
0.7420338423820912,4.411220209595607,19,0.8383711938635517,0
0.13404100576610586,3.7307184990333506,19,0.9854919814626169,0
0.20198609684385502,3.556456074500701,16,1.8001724380569837,0
0.07174180159326814,4.8700682171054614,23,0.6003038151223774,0
0.16484324333102351,2.360283670458563,17,0.8812288432422134,0
0.03095763515344472,3.1561649183078524,14,0.34564694321256867,0
0.37625367733843645,4.596549136735309,17,0.5491358698923123,0
0.8652080892284421,0.13287761266847956,2,0.14415209905213097,1
0.696681901885918,0.18029955486678773,0,20.36163409357189,1
0.2697765818430453,1.8976403620280846,16,0.46520741844264485,0
0.22114185408857853,4.652927132543267,19,1.7294427484738568,0
0.16566072113431696,4.442215192073687,12,0.39366297270483086,0
0.7697292058053917,3.2911572421995126,22,0.3382572369913501,0
0.8216089869999883,0.15309531622857112,1,434.4035849578436,1
0.14146560988823942,4.852915126446559,23,0.37419916920268753,0
0.30317934403392344,1.2498122008705874,19,3.5634627446368183,0
0.44358680000673983,2.0048626139742107,25,1.638918335068684,0
0.7121023274877256,2.801944789062642,15,0.5820702419827704,0
0.4933834298934513,2.708179426504133,18,1.2641046206308872,0
0.4067055979263955,3.9895511917989475,18,0.8191878272040274,0
0.46518714853359266,2.929464694689532,22,1.2633921510924373,0
0.36211713845352483,1.0342574222371137,14,2.5194121316008586,0
0.49226678480919134,2.0410789266929363,22,1.10293251098788,0
0.23034677500068795,2.678526625309985,23,1.0186030070451273,0
0.5217471830814577,3.775136498897621,13,3.3060311150275776,0
0.08420084937447268,3.266785437844039,15,3.378977746135121,0
0.1342278758085695,0.993292423781891,23,0.4253215838747164,0
0.8871340055643064,0.08338038267309232,3,1.1153298237979388,1
0.9618689453336816,0.14726531291484227,2,0.7291482822587699,1
0.7571757474674323,0.1994629502874657,2,0.8467035786235877,1
0.3545254080352067,4.1233710361667235,22,0.39165458306269696,0
0.20785497696049438,4.238168602202115,18,0.26702323873974737,0
0.3753574553343629,0.6461770699737033,17,0.36771572705458244,0
0.048190111980639196,4.000580239462079,15,0.7857430204694875,0
0.8203537430122148,0.19488584506567946,5,1.952098552779494,1
0.26406028023759426,4.567002931427964,17,1.4795082578615208,0
0.5734707757346184,0.5691502270324272,28,1.9839072076540798,0
0.870761170006417,0.08356319313633334,1,22.370354071829794,1
0.1875153816791068,2.414421709037633,26,3.5389864296457736,0
0.31286131278406193,1.3924511521131502,22,1.7362972675205959,0
0.21146997506839463,0.5486195345923759,22,0.2579549006855104,0
0.36255811535389626,2.1484439503683452,18,1.7849652658328266,0
0.10131459940035528,3.5758036355700638,17,2.6846152535441723,0
0.2741224083295211,3.180977184483713,19,7.532252480137059,0
0.023574628714742005,3.8123023484578504,17,1.1490457996976713,0
0.4196883888236361,2.0165294633849835,13,0.28423789196976434,0
0.3994324904119679,1.897204028108381,19,1.4102670331997567,0
0.3213384326450897,4.642270703582416,11,0.11309801958531704,0
0.16494940264146415,4.97868320106983,18,1.097851127073182,0
0.3875873950188301,3.7565954827370556,20,0.7818564961669955,0
0.6908693392058759,0.07013765376278125,3,16.01898292110093,1
0.33367499855821764,1.0044059640378982,20,1.1035373033315703,0
0.11157404455891855,3.969839124172523,18,1.0776680518518513,0
0.3841976239292931,4.5000224247475735,15,0.6433055687686291,0
0.3478274422350342,4.843940968591676,22,3.3831012763715824,0
0.1605802362410941,4.8505876907113015,22,0.2787008784060213,0
0.8081989456514638,2.7828216545726265,17,2.054999623025809,0
0.10469859223706107,4.324381683802441,22,2.8437078816902837,0
0.13866675731802583,4.116816969114264,20,17.008465082505104,0
0.38267852826444015,3.8473804041232755,18,0.67260071472409,0
0.6695640238887989,0.1408011987045606,3,17.533283583125833,1
0.25235258825228346,1.9401135298231402,8,1.0586014548689173,0
0.683897728488375,0.020144064499317237,2,6.5388524707403874,1
0.3645258394005595,1.0095399155942189,17,0.4945282229424591,0
0.24504985700360654,3.9332457485808816,24,5.299649279816906,0
0.6084482653535148,3.7841726136098823,23,1.2621428100764753,0
0.19773252350919598,4.650923255593806,16,1.7725961287872254,0
0.30163284533836693,1.2092338271956433,18,5.956305458891438,0
0.2602170478656958,3.195303674045986,21,0.8231600042534731,0
0.24615634557107405,1.788486538295935,23,5.383460851430258,0
0.4189035454169702,1.7182947155501505,31,0.43455444156221634,0
0.21283603873047077,3.2713105653975205,16,0.6034376734354336,0
0.6312172242898425,4.635414409509847,16,1.780217317302707,0
0.042254372152307665,4.271581109200566,21,1.2575841824691782,0
0.20471471392482515,3.6733720018666105,17,2.5945025368033816,0
0.19999478326757517,3.428038332795417,16,0.1646413491376854,0
0.28021260382277885,3.8710857683981006,29,0.11050950178723619,0
0.18462274167199755,0.7147407252291726,17,1.2014822981546285,0
0.16738170998973775,3.6945243464857525,21,0.49547399803850417,0
0.038897498753097726,2.825417087652926,17,0.5525352157549528,0
0.7910641386791188,0.10719866080437698,4,1246.1373651899905,1
0.05057195091057684,2.8638774181373368,16,1.8267916439851755,0
0.3722327128835232,3.4038256856131084,16,2.2411613445820495,0
0.16486098499802146,4.0169446585707265,22,6.739133335671403,0
0.48287735906265106,0.9810289561851129,20,0.29467785863491774,0
0.1577320027107361,1.3521585254722561,19,1.6431514128580091,0
0.20564519695036304,3.2929702924327935,20,5.875192871007844,0
0.503080336778361,2.764420634675854,20,0.48376795561915786,0
0.40436025068514597,2.8617050212878477,19,31.234385766438393,0
0.32252483193349357,2.2545973795323704,21,3.7992716213114526,0
0.6285533207996172,4.832681137667286,24,0.36642314193071995,0
0.28013338576939867,3.2839783076735127,19,0.1950360613691432,0
0.050342012279301684,4.037867393300136,19,2.180247914791938,0
0.3583289887353076,2.758211856467649,25,0.22993170914633482,0
0.23149734234861075,0.8084180208449907,23,2.472015469549034,0
0.14443988761790766,1.0409098636460072,23,0.19585366959235223,0
0.05932278471571592,3.329482151520364,25,1.6256921177272852,0
0.8186073773191336,0.11405019619991029,3,10.867763684999879,1
0.6064886214138583,2.2278749279807712,21,1.796239854811339,0
0.49773475476273993,1.8957199210183842,32,3.5909197183446224,0
0.08208446266189544,1.8995028307896353,21,0.3432226707427771,0
0.3132324027292056,1.6963410385418394,16,1.259059760316939,0
0.18507582612560478,2.383660553630617,21,3.573551029078444,0
0.5479077623252371,0.5063177593830854,17,0.7650121682608576,0
0.6128551679084615,0.13892222092331633,2,26.893925345280724,1
0.2813714955553689,4.114421001657126,15,1.853263501514946,0
0.2882040229969825,4.639091448311387,21,1.5897056701251822,0
0.1431568561982059,4.417260604727742,15,0.32946608283380124,0
0.0750173286981799,2.3383782198017062,17,3.129536957086532,0
0.17278820592148067,2.083123454662155,13,0.4065474201476763,0
0.47293658189922255,2.0177077446508784,19,3.2143810164349773,0
0.33366905404044056,4.2188195783066424,22,0.8962519759949822,0
0.6612400004052337,1.6378292285391685,21,2.004185436865115,0
0.26128248177786656,3.1643173832323233,25,2.6699353141609743,0
0.8352997701920116,0.1059641055005247,1,30.96606929212333,1
0.3027923486955773,4.656719875495502,17,4.369569943143868,0
0.22255120268505987,4.227395376649831,24,0.17197927828061849,0
0.0716210169643562,2.812358587339425,26,1.1596571371122726,0
0.09595666075584408,0.5911652746701239,21,1.398200430702262,0
0.9137986536257503,0.05205108337826679,2,68.51000824221926,1
0.3893149761210171,3.028325789737137,24,0.7450346634736142,0
0.6706396614325338,4.077196265600005,26,0.8263371159439605,0
0.48735108792922527,2.8786537946042414,21,0.5580275808472641,0
0.5392121970800207,3.392280450185107,20,0.8504986422979784,0
0.6241576413525756,0.16738387146095923,3,0.32772589281470005,1
0.5136265939319439,2.533294216657249,16,1.3795145243375704,0
0.3581289589233235,1.1214336651867265,18,0.4018682536666317,0
0.34357028460228334,3.8050835432267776,16,5.491437245396462,0
0.9247763961677621,0.1154497741641488,5,0.9826382444434845,1
0.42868798232484967,2.735063443863674,18,0.720579327205749,0
0.28151397397419586,4.5207905332923,16,2.6973801159329733,0
0.19079012935774836,4.320318630224712,24,1.5816120927793298,0
0.09767363965390906,4.226061622526126,15,1.1423696835983566,0
0.16639619242081166,0.8215907842911115,21,0.6661944470868568,0
0.28977101433766406,4.612564679036468,23,0.4463359322989022,0
0.08708753714611524,4.720750249944067,22,5.98924032675202,0
0.4072674684665747,2.456276403772255,12,0.37126484184783365,0
0.5338136025791169,0.7972874877557949,19,1.2410299568708392,0
0.2784170327328279,1.2118267006756458,22,1.1198828733731943,0
0.4666201479161876,3.5156166611789996,22,0.049040043474549044,0
0.37144562501922734,3.876965499223572,22,0.7822769804423079,0
0.8614970444440426,0.03696330107588684,1,40.584113000041846,1
0.016954237439034143,4.010004662220764,11,1.9612149108699821,0
0.2191827531209738,3.1688229325488053,22,0.3898403277625851,0
0.18996888325897335,3.433814737312219,22,0.15474687342560073,0
0.130793755107625,4.430935976954921,13,0.8259191937349046,0
0.5064487085130357,1.5943830675947526,15,1.7292302025611594,0
0.35835228996311136,3.7115934524170515,17,1.3869124242253401,0
0.7105486709376708,3.526925710598609,31,0.2894953977444847,0
0.6386653923302714,0.14610081275863238,2,133.76157095354563,1
0.4383738122211657,1.1349773086653916,25,0.6960232027260119,0
0.24568585030720763,2.3363434108858874,20,0.4044936516599013,0
0.20421313826713333,1.9989867011225404,19,2.535733890696393,0
0.10239509662178531,4.42588431060725,22,5.642230341759243,0
0.09171381485522544,0.8859599262435286,18,2.090772528860201,0
0.4151527290810275,1.2601598486719707,21,0.5022588227432178,0
0.3905507461214551,3.6555624923831442,17,0.5873886167107758,0
0.14171412485709275,1.36066010441997,25,3.0808767579550405,0
0.47656850437796644,0.036608470650402444,2,41.14930909191625,1
0.5606087483626551,0.730304771622563,16,1.0434789623285667,0
0.6433420518054148,2.769083489439765,15,0.25171327154203804,0
0.5414733061401987,2.337156119127271,19,1.2736492336432845,0
0.026356173703798464,1.4529398169782506,23,0.43619465800036095,0
0.3914733877330924,0.9668805064609083,19,1.6945986510792936,0
0.4908903437075983,0.5373102382023749,14,1.9712659485451027,0
0.9391625246460145,0.08491918669231466,1,6.405852278018289,1
0.7266617558967202,0.16822520520097273,4,15.382002829160879,1
0.5221039836913393,2.9358080096540475,18,2.838741946225969,0
0.29718916886969604,1.9027728544173605,18,0.6320419659162485,0
0.5483841839300648,3.553589050153075,16,0.28058876486703804,0
0.30101673380147476,4.324018124441954,18,0.9676256463824844,0
0.15096960407940713,1.5960616363994493,20,0.45292744219982306,0
0.39392096554305295,1.8284231643895725,12,0.6689349953095852,0
0.5506781450761273,1.6804467618155206,21,2.527992145566156,0
0.4028919152785193,1.5967075867828948,14,0.19397554305974418,0
0.6457047501534932,3.137890893611986,29,0.9202412331840837,0
0.2897090659471273,1.990504300556648,19,0.4609137848779213,0
0.17580005369440815,1.1920261565165813,11,0.23373617164007285,0
0.7953486108205524,0.010293191271107621,1,70.70184168596596,1
0.08093492446209433,3.271377097125461,18,1.7458136881930333,0
0.49775446631496023,2.101311264515379,17,1.1601578254281562,0
0.06807081126609356,3.7865526092324027,21,1.0824139640085244,0
0.34376406847470964,4.755179997808395,17,0.4529176072725216,0
0.3148829245407134,2.7434119739471425,14,0.42432566796704924,0
0.04099694132364746,4.283085362347629,11,0.20435331572196852,0
0.27791074391763093,3.569624648751426,19,0.4343844795694867,0
0.4411341129608966,1.1775226652614506,24,1.4101550961676994,0
0.15871830198318698,1.0978537948780391,22,1.7556226245709015,0
0.08440253127034585,1.6835458636652363,20,1.76180166129591,0
0.3373117722001714,1.4067132086890133,24,1.4991213541038952,0
0.3286459817566453,0.8599186374694634,20,0.8763533328181821,0
0.8410417649407643,0.05275379640093038,3,2.3775386929908233,1
0.39110366807316166,2.4277159482057837,17,0.8520220320769659,0
0.2247901253413348,2.2747801301670623,19,0.8220160836356578,0
0.5843151854428419,2.6676477328614583,18,0.17137747724697214,0
0.3614575329721134,3.323430019344354,15,0.11779512589959477,0
0.7620026511238784,0.09830330505852262,3,6.702657385559094,1
0.32060503097854537,2.3328280658986302,22,0.7442916764976784,0
0.3614977592855038,4.978435159916086,21,0.27558869758431387,0
0.1815248888671824,2.8790170459361435,22,0.6522093856623019,0
0.20110135607993002,3.3631333601326583,17,0.7536888141649369,0
0.10495527005348125,2.339221993327026,21,1.4468754158121258,0
0.13701596610855593,3.5401280117764546,22,0.851012973265156,0
0.24219916164458155,2.2455520960580735,19,1.8958453590510693,0
0.13868004701381126,2.317530105900548,20,0.32913427244629156,0
0.5690411516604458,1.2253669334102073,12,2.7136180140056165,0
0.3525540011972816,3.9615974011532584,35,0.29478217028613923,0
0.39645303044112123,2.1733034183773796,12,2.345527583513278,0
0.2479533287712087,1.7324062551711557,14,1.6488773865470647,0
0.12233844249088174,1.832235158751199,23,1.5588222801582228,0
0.32684836212939167,1.9246781596572098,18,1.146860812241373,0
0.29299593117442074,2.9040296009504365,21,1.3344436225045555,0
0.3689217020915778,3.9490032966076436,16,0.7350607981632716,0
0.14626232540844988,2.1533084435646503,18,0.17512451493021744,0
0.18716454572454327,4.8057941637088915,20,1.6852807998729005,0
0.15316163385061599,4.2494845888166175,16,4.706348290461888,0
0.7938850860898469,0.05200098974721404,5,4.889844889801197,1
0.2769812196397978,4.5409159616130985,16,1.090851546179838,0
0.10405703277194432,1.0457457704987934,16,1.1022759551806347,0
0.4130974753412495,1.799762497079477,18,0.2876670582049912,0
0.46548817250670477,1.8993351705431927,23,0.24196302775491377,0
0.3127999282201106,2.014200971440534,22,2.948105921780424,0
0.4626595078977931,2.843350995326254,12,1.398921612645118,0
0.08560680590537426,1.0301490938239626,18,1.1197616665260308,0
0.41512317944377136,3.4115959203391055,19,3.772961398836028,0
0.4522480949624263,1.8334892764154271,16,0.45437777268427254,0
0.19585043360659699,1.2674830240706418,14,0.4868848937278506,0
0.4050083423922765,3.325926179226058,14,2.2556694255772727,0
0.3565271290145262,1.8217646331601252,25,2.2196417796345336,0
0.03693452726620509,4.820717808233735,9,0.3202935428176108,0
0.6385753386722567,1.2622256047423337,18,0.5230293337354472,0
0.09020909610880179,3.255662729889131,24,1.061731450111965,0
0.37551008243235157,4.20756677927171,16,6.76740514116702,0
0.1281654638024083,4.25789136968414,20,1.1140029280982329,0
0.21462756864735003,2.256318712436422,26,0.3496108717789686,0
0.08844661076068108,4.294508518609433,28,1.3403504922919562,0
0.4527834886064396,0.5414075850916757,26,2.1895962689236486,0
0.22117812468882111,2.507168169673852,13,3.8755031869991363,0
0.14757572508558703,3.57486080216736,16,6.644902406631327,0
0.5536645247263716,2.567906321353374,22,0.8263417290912425,0
0.09090608918955544,3.3552393899266004,21,4.192347522189966,0
0.3675287034286216,2.7669575862095828,13,0.8160505666285531,0
0.21337828696125646,4.19879926297042,20,1.0464738763471169,0
0.12747191820924822,3.89492084388939,20,4.328211628878266,0
0.33432389026329773,3.2022757998757916,23,0.4721908740817221,0
0.15054343554154223,0.7015790621549955,19,0.8304605538818461,0
0.27410708902623215,3.235200968028039,18,3.0213580487758795,0
0.36406904296299303,3.628209719058363,16,0.5086403040959371,0
0.05126876777313379,3.063509913384552,16,0.22275272320583378,0
0.22017814546008296,4.7902627790684775,22,0.8011403150950261,0
0.25969554577070897,0.7030468610275538,21,1.3484204628507341,0
0.09537947853275847,2.4109981837442804,20,3.2895689589608774,0
0.4344795031658528,4.125636460087927,20,1.8166927065183531,0
0.2852129015485981,0.8283903749841972,22,1.1628200975751493,0
0.15635704828202218,0.5428681468385548,20,0.8894306899924158,0
0.30711221908170255,1.927006765252314,15,11.672939575256706,0
0.07563234976191786,0.7960117748882322,22,1.3346656477847616,0
0.2277591519931153,3.1102532045294553,18,0.4302223639011944,0
0.2480398831822725,4.041638292356415,19,0.35470567613491966,0
0.2940484910413989,0.7189274685450268,18,2.93892427414247,0
0.3982886690972675,4.497029798872675,23,0.7596962315359708,0
0.173843191277461,4.617452415719011,24,4.810898129391845,0
0.4476352991865423,2.0242876692085745,15,0.4776134918115676,0
0.1047297575051362,0.8170513111123499,17,0.2588912418118595,0
0.7134657186354875,0.0807783577610555,3,3.878364116103953,1
0.1222293751088518,0.9106728380045679,20,1.2106387000856085,0
0.19915946618033586,1.407730277618144,22,0.13703251457317264,0
0.3708723043402662,3.192488003669748,14,1.1353834927400972,0
0.4399633920558274,1.597467073375276,18,3.65206918847831,0
0.34542785795793296,4.512650694597067,21,0.6602482750335726,0
0.11896866439097138,4.422782174402352,21,0.12177294125099648,0
0.6895490323313618,0.1704389880786925,0,7.054205815503227,1
0.2895816543604571,2.276017861368713,25,1.1572750621692696,0
0.33501471185513054,4.415163158557012,16,3.540881830810153,0
0.31943203677987125,1.676446556572599,21,2.408443643190366,0
0.30202135406041963,0.7569408895040686,20,3.0762045402180402,0
0.28140662833562957,1.324598518482815,25,3.886146876609049,0
0.4306756342128931,1.9305913312339076,17,0.4737156758110702,0
0.1763551261817185,4.135812526567442,14,0.36615958990193664,0
0.3403666695648892,4.839271280723271,25,0.5859721394224778,0
0.43027964269045005,2.9883897041271203,20,1.6703383083196481,0
0.1919987036386212,3.1473693319377047,19,0.606346947470151,0
0.05562858915287037,3.520554568661428,20,0.3843326247774483,0
0.2524036652059175,3.6725518135602413,19,0.5846621517122649,0
0.4806629763815879,4.506461249581258,21,0.666273309034124,0
0.33365502388635065,3.039246384649338,19,0.5535223581811185,0
0.358522285066062,0.6063788214456424,22,0.09508875725220259,0
0.4592824755022044,4.671351538391055,18,3.2212131571540383,0
0.16578010609194285,2.4210312252605783,22,1.0543291691888488,0
0.14023675098762978,1.1085977176982522,23,1.4866266188935733,0
0.3906904356251259,2.496658042726572,25,4.8986768102425975,0
0.3717211122110041,2.648696025845121,19,0.8003471443939744,0
0.21530014365408776,3.3754645528946945,15,0.5303233574988099,0
0.23573225688432142,4.917044009371222,25,0.5431572389931747,0
0.2555885683777348,3.3372539268140624,27,0.6745701930908149,0
0.32501969681695364,3.5844522113206536,21,1.6747644820192493,0
0.8389014346909267,0.021717069878128707,1,0.58906718290968,1
0.10390845820577273,3.0009011135545065,19,1.8630503671211318,0
0.5980175058456132,4.158455093613284,16,4.432029009284069,0
0.3103967098272659,0.677289878716709,18,0.5264513042713985,0
0.17640822777482307,3.6291601133239553,17,9.909079579085043,0
0.44203267865276574,2.991866626401136,31,0.33766918108900945,0
0.10896373423965705,4.695858829103289,21,1.0084792247541392,0
0.19230349280384756,3.963637859744421,23,0.7485469884195841,0
0.22161949026918115,3.4860117006618276,21,1.1463322084758831,0
0.3952165766666925,0.9021512901332933,21,0.23917280578949304,0
0.10640305665363016,0.8063460174463153,28,0.7087150680976474,0
0.26467806378343844,1.6688736498636945,25,4.2483443101886085,0
0.03994847867676092,0.8805832759777268,16,0.3965400134907963,0
0.3606531678926208,4.796412279258177,15,0.9159137417415625,0
0.2778752859811536,2.235504367004542,19,0.3473928300034274,0
0.06523000503192487,1.4099102364071476,18,4.042439060791673,0
0.17972613582486474,2.5080391689819876,19,0.562700773251442,0
0.3526225682664388,2.709428116663012,24,1.4225728032649183,0
0.7478379193592042,0.1080683566923705,2,0.46671879431936236,1
0.2919410661306601,0.5210989078228732,20,2.470134015090799,0
0.0755965120205937,4.212887543285047,19,5.206548830487541,0
0.16456155140786288,1.4747659549335612,16,2.254294868132254,0
0.7407534771632321,0.1750080077684378,1,64.36325204377482,1
0.6332057670825829,1.8596017785216425,15,0.835726043000038,0
0.9792581773870364,0.12703334225624194,4,155.11803038622983,1
0.465481718357723,1.6168878049291582,18,0.37907032684145237,0
0.457447787725111,2.3102315744622164,16,0.3554303199773928,0
0.070208524259565,2.665603382106866,28,2.3697032183322535,0
0.3531188123586089,2.0500530006473583,22,1.4731737987167073,0
0.22536091765895772,2.164451420229245,30,0.7446703246253606,0
0.22515539978426236,4.306283495062738,17,1.7078490937417703,0
0.19363297648032762,2.903248181354604,25,1.7688898433002924,0
0.20532846956695877,1.1088746022568388,28,2.046454014845996,0
0.301990522521466,3.927591503157325,16,0.7168806994598358,0
0.37635327125588836,2.8000812990526063,28,6.998829673283372,0
0.2677206965774307,2.333727857383771,9,0.707744921276444,0
0.1437846101014669,0.9597571771674887,17,1.3326003123176207,0
0.2949508858420492,1.918714570322419,15,0.7064464593157043,0
0.1724574769197755,2.368597638920084,28,12.165055199178383,0
0.05272712153880081,3.7192927463318775,18,2.47301621932664,0
0.4515920348961453,2.9096065167577265,20,1.763996190605518,0
0.3604403056199262,4.4319765786431535,13,0.2288343216682634,0
0.18756718578206757,2.206663804824134,16,4.156553466038411,0
0.05371721540059782,2.9785169962792635,20,0.25590558752999665,0
0.5772626144526071,3.545664400207103,30,1.9780350098188746,0
0.05021012928039605,4.031120386109803,16,2.636945616972832,0
0.2179286409358704,4.438946458022433,21,3.8260246378990117,0
0.16638955754766718,3.540657479054248,16,0.5933869913777158,0
0.20008120341245242,4.470099458826803,19,1.1557330350267516,0
0.26739252847511624,3.5930390372285412,21,0.3865970007347321,0
0.2385717211417096,1.2717098284186377,18,1.3254531074415465,0
0.37455687260575893,3.5804291492551266,22,0.45869337264454313,0
0.27117717614540005,0.8821454571758787,14,0.9935020281983591,0
0.0916945603063512,3.6096520484415633,19,0.5230992025766625,0
0.4952441420940877,4.8585192175682685,23,1.3119819883528672,0
0.08376515097862135,4.130918840288057,17,1.1984835673940601,0
0.9661539245140047,0.13680796462651035,2,0.38520308396864467,1
0.12222668120319645,1.983226170190815,27,2.8661399216039944,0
0.3367192820343855,2.8906297938202545,16,1.1607385473167557,0
0.331940878492587,4.674008637226347,17,7.123534330226021,0
0.2669926201795065,1.9693876019714227,34,1.3221487054481167,0
0.476770836829618,4.241415301803105,24,1.218304755282781,0
0.4224067128590418,3.842682203971838,23,2.658506903229497,0
0.7092464787071538,0.09331998429967835,4,0.13523176219003538,1
0.2841618560976924,4.770738812612637,23,0.580455017696454,0
0.1647699203924722,0.9777398092366741,22,5.943261848255394,0
0.31453724021610885,0.8194804422656308,25,0.3629756440972016,0
0.0882027953939686,0.9599383589843906,15,0.3180774314012621,0
0.11837234726871826,1.0446682185380312,22,0.7346550037697017,0
0.2847595484163676,3.174816868224599,21,1.981503297041968,0
0.2761295718432329,3.587460964978458,20,0.4814531781685382,0
0.3259611951988173,1.855484717693597,25,0.8275327017265818,0
0.3793497846048006,4.37352975944143,19,0.48161477809859454,0
0.6039320395918925,1.9627313212056592,24,1.4238820540664578,0
0.44477349923820153,3.4121996391676106,14,2.3817514562896824,0
0.5639817613463339,4.7576712971698765,14,0.1459394691354957,0
0.06396117682729417,2.025688782466544,17,1.583621798919941,0
0.3101271923064558,4.684344127549662,24,1.0873222183144466,0
0.0234427478728078,1.8290486738043186,20,1.4953972019803035,0
0.9149907194095483,0.1304095714388805,3,32.31553354296426,1
0.5829754054809825,3.7990107512015445,22,0.5809126523702242,0
0.2752493632802479,1.9196341377115287,20,6.556575859199598,0
0.3408862938861609,4.992825073154624,19,0.7623250114671871,0
0.374561024113432,4.458119048756744,20,1.8727032805095067,0
0.1652786468221009,4.045020976350329,17,11.959776362797774,0
0.20923060249588363,1.039042652322467,21,0.1374493686871715,0
0.6425265976347517,3.272080146197564,21,3.069219810013467,0
0.37024459093534084,1.7422639488045846,20,0.8116883330952261,0
0.36989489775420104,1.9754395266935791,18,0.5470894724800474,0
0.1987883427313484,2.8067782712518032,19,0.44838144874447705,0
0.46905201950073827,1.1527938596303882,14,1.0431021933268596,0
0.8103971200344431,0.10466527108251437,1,8.925051125161678,1
0.32319179246018165,2.4793889019814945,29,1.079257464383142,0
0.3518243596361439,1.01421172534826,19,2.2030354260011116,0
0.46756625543139524,0.902472795901582,15,2.301522228968532,0
0.31354976688277253,2.130840531678537,28,1.7286716990363202,0
0.271387644249764,3.8140746237441716,21,0.8757301337693169,0
0.16788535138874133,0.5956876801473684,18,0.6681473124682368,0
0.07555895634616969,3.0436844439581976,22,0.44525875235921886,0
0.09730514857689519,3.109589410155595,16,20.811243866715962,0
0.41862468941760467,3.673893248607953,19,7.820070470561631,0
0.21953629613580625,3.1132840660777132,24,1.761257324766517,0
0.13883424991236046,2.323869744531208,17,0.6276968181574739,0
0.2398324409002858,1.5952585201125293,20,4.883502565750124,0
0.2895500022518804,2.002699562552334,20,0.7201234171424565,0
0.10318253380138316,0.7383987912176768,28,2.954878804395255,0
0.18048723474643263,1.5531598667668236,12,0.24807882879820875,0
0.16729626348832233,1.5589043777449596,24,1.4164911282828114,0
0.7929350468985361,0.07503505940673515,1,4.159539398531329,1
0.3364700426277508,3.3446035201855002,20,1.3019322355823795,0
0.2182793471071493,1.1339495572249803,19,1.3810841365608122,0
0.7668433994281971,0.09915669089167908,3,1.5058664566071418,1
0.38676355333501633,2.607719962328037,20,0.8494677773779294,0
0.17910773412305842,3.7956638193034817,21,3.2603474011113343,0
0.6300648913671446,4.162275598421511,33,0.35982260975013536,0
0.5211059848371749,0.5726540774329971,27,0.1810759410911112,0
0.8874089507417232,0.1121071666641861,2,0.43422246080609717,1
0.10970595499867081,4.587930898441551,14,1.052363094956457,0
0.35486557361818144,3.967220643270698,21,1.5336626568652507,0
0.027942270559409725,2.0930089183126768,21,2.105360335642766,0
0.22226686252408734,3.6944627287670033,23,1.2496819697560655,0
0.4597821097720349,1.0644646059741385,22,1.783039313883278,0
0.20746694537839375,4.837010509992243,18,5.546384940567058,0
0.3064606388766033,2.7106203881412405,24,17.84542930058236,0
0.21323991352675759,4.340760433755447,17,4.507786793338916,0
0.7472688709754312,0.01615487520050934,4,5.1741162529662414,1
0.12871771620147554,3.609493137236086,16,0.7798700378914009,0
0.3217927316498779,0.5734657833897003,26,0.3885350444429148,0
0.01172912211970605,2.841528738615207,16,1.0443587392903038,0
0.30252540108967696,3.0308590409184677,27,0.36616194729592305,0
0.3930387339234704,4.834383073302596,27,1.0515234657653219,0
0.7168969964667986,0.03818672547536224,0,0.3513142327171466,1
0.19136689889301958,0.7945454766322638,17,1.8031360829711507,0
0.09601608590786871,1.4449451341362212,25,0.6113234557138143,0
0.36173019964090586,4.048857715513611,14,0.8431779820369847,0
0.34689259823263846,3.21628046281838,21,0.19367598483242693,0
0.3948721101150032,1.3061789948582998,16,2.0572893988272054,0
0.23353410488867296,4.060942122591799,16,1.6325021871357814,0
0.4748580339125319,1.5898445857493737,27,1.0889000621038059,0
0.2633850531113249,0.9318459983093356,25,1.6910452243484744,0
0.16674793130586976,1.417402657821078,27,1.6831014081852718,0
0.8074961383525115,0.11622954736658296,0,8.825973960135908,1
0.28272858752597674,1.0061156284522497,11,0.2931474771822702,0
0.5142511704047823,1.6136944767066548,16,2.1663302161450058,0
0.09719879487540088,4.3756041556399214,10,0.8858726253062753,0
0.2949831327132923,4.387613528601709,19,2.8566338130007227,0
0.7730901186223256,0.14065628879793693,1,0.3091279667581465,1
0.36680421973321364,2.1462182554629923,21,1.1978051374639083,0
0.47667766278792617,2.341437467647742,27,1.1715547443090104,0
0.028913509360834838,0.9210948967389821,15,0.08980843381369039,0
0.140954962812194,2.248069284475963,18,1.6545442797268402,0
0.6908002541194211,4.670814856332137,24,0.8467067209075403,0
0.24756017722294532,3.6851601306807904,22,1.901909890923316,0
0.2534332136860798,2.9890829077996046,21,0.4679735193469597,0
0.06088017974731918,2.7060521356225857,19,1.4409666847263087,0
0.35018127273887484,3.6792272160960433,23,1.4657735568251136,0
0.2888277601783807,2.8517814311787992,16,1.3502643629506317,0
0.43187299037678967,3.705500394303919,16,1.226832660782995,0
0.32319248800511313,1.7963856358739891,16,0.3464703326220388,0
0.1290504204344309,1.2501895455153826,23,2.1902222324402745,0
0.16064133479770287,0.6448288776855732,19,0.28095620690201517,0
0.19927268482285423,4.384923518896682,26,0.5347896254414595,0
0.26945897679449604,3.2700938780847038,26,0.06569919668194696,0
0.15081793979743977,1.676737483601145,25,0.49677116755048606,0
0.36252394985038955,2.5368517902569416,24,0.1827296782676168,0
0.3790714461354905,3.012948719624292,15,0.2929751126604134,0
0.49045690355466653,3.20439514810001,14,0.22692781335554923,0
0.3812539493487744,4.849269324327405,24,2.050480846662438,0
0.0641553982508917,1.539480512582207,20,1.2833023146236666,0
0.5778165840027346,1.4144746677240794,24,5.015589224557532,0
0.11391423945579317,4.193610724969405,29,0.6158368649989129,0
0.6327774072889849,1.1575263489081826,17,2.2977682031070854,0
0.493710190526432,4.899663487060272,24,2.4917292908197872,0
0.6941593706491035,2.4274514795650743,17,0.5162028813316166,0
0.4442709577817828,4.217097700839865,25,2.7162278631274224,0
0.22928562963032426,1.8191670300139209,19,1.1557303120103921,0
0.30183027717113053,1.3139863321321363,19,0.35408390984370136,0
0.47076320999587323,4.867794821830305,19,0.7376213495511224,0
0.11901029335083765,4.554591781619984,19,0.3025893833069,0
0.4177939779954093,2.024408558257965,27,0.9286442826881324,0
0.5776513230727204,3.4837131662251144,22,0.8153623414821654,0
0.2860987820349462,3.8204406440615086,23,1.9454484240611283,0
0.18883572664708909,3.442405714520474,22,0.2163078943224617,0
0.5219241909189527,1.9237356115929554,25,0.47572358238145634,0
0.10958418729559263,1.077599501520734,21,0.10581610371023185,0
0.1972817647768941,1.5452603291718265,17,2.4108025764004903,0
0.24515645553328713,3.501725792129969,15,3.8251464939711766,0
0.2869203351348884,3.296955860891563,21,1.2180162401627865,0
0.5230809980226819,0.5853747961643199,16,0.7428913039337786,0
0.06729040038129769,4.182302963419203,19,0.3243018549668425,0
0.8498520971715103,0.18150241996279953,1,7.284000618976462,1
0.18351996721823993,2.692128625298544,19,0.16681822781247527,0
0.34569727819924956,4.691481062489864,21,0.18554314196526853,0
0.8988003432940124,0.1514741151878417,1,0.5770663851341405,1
0.16579456090030828,0.5050447855412603,8,1.3051489336768214,0
0.13567530903832958,1.528430846566855,20,1.362480366735058,0
0.31313509333908723,4.899046165728467,16,1.9516950854108421,0
0.2576621594297815,2.4126924863203962,20,1.3591446194133083,0
0.0920627156565225,1.445601189297952,23,0.46608749579209774,0
0.384617076710842,2.5343222880324663,20,0.557166067258634,0
0.0489154658769381,2.9135810391769534,24,1.6110858149245557,0
0.4845298916583288,4.217300916124277,21,3.281174126377434,0
0.2781672429008208,2.160637365762602,21,1.687860122986467,0
0.2074297996275427,1.7057897780354678,19,0.3069433348768979,0
0.2325484641247467,1.7790162098397282,25,2.6062774667091744,0
0.6356183132489216,4.0739862210129125,16,2.4829724384135483,0
0.5486477652047698,0.5107048783672079,22,0.2666925825618634,0
0.865496566524329,0.05770203682364497,1,58.41666269672353,1
0.25726423895709505,2.987976227647049,15,1.3742295875701558,0
0.31714177264010945,2.597504909817803,20,1.1081879888588702,0
0.24824398888333668,2.6741027849349384,16,0.6106957767516317,0
0.02781353834259642,3.784903808436838,16,0.14209172764040187,0
0.18944233497738053,2.0378718855334865,23,1.129695654315662,0
0.773986854619892,0.11332923668724092,1,2.6590776221612225,1
0.35828949446773994,1.6810905751339926,18,0.31329870646763913,0
0.21857286049085026,2.0083119454911085,23,1.0488411919942242,0
0.43229502791038577,3.707130655301955,12,1.8361536787293375,0
0.4746452808511893,1.505856253727722,30,0.4268222560033522,0
0.35334761443295953,2.081655935785921,18,2.5302138102933713,0
0.08250040592737262,1.6772058692481677,22,1.5322845803753258,0
0.3880088551907766,3.2914896854168543,25,3.1115223164827586,0
0.12729194469744762,1.7360285242319593,24,0.3557260493956182,0
0.5769764711104297,2.055372662695598,22,0.1756491228250547,0
0.2538828738244545,2.81455725585021,14,0.3760863134991875,0
0.3529843901073429,3.0153427002673445,13,2.532709915425416,0
0.26848357440189263,0.8010680808444415,15,1.4110749414022004,0
0.2823101812400636,1.2739088923187163,22,0.8913808162021422,0
0.5272333265414856,2.0818750194577498,16,0.8861008578130797,0
0.8491152280898662,0.07562577349511215,2,1.9054586865379728,1
0.38229149369550297,2.351624287456163,19,2.7857042350797134,0
0.6681143277775047,0.14466159627320158,1,29.439099366417125,1
0.24871810543074838,2.9474577451144515,22,0.39736897935081184,0
0.5692452841425,0.04038215356222496,3,0.3733766714247702,1
0.15794316798404157,1.2406117313110707,20,5.053288506959477,0
0.7294290948002551,0.05105883120081265,3,7.906601152704166,1
0.051638383471907454,2.0615317210916846,29,1.209649419006961,0
0.39276527164377134,3.8700479445140337,24,0.8983037175275177,0
0.816650835110496,0.16232720056003275,3,4.141043193019535,1
0.28818588696434605,2.8061039482446626,18,14.112643336525693,0
0.3247349518071954,1.8652559661341834,19,1.1487002824062338,0
0.11769944362462033,2.0357803685484948,20,0.9356477017570796,0
0.8159579045559529,0.17522259665906295,1,2.760313383420121,1
0.5840738297722272,4.296404750421692,16,3.6092229048143976,0
0.20525326074081768,2.789993859157347,18,3.00234685795746,0
0.20755227930839043,2.485196627198719,16,1.7432838719732962,0
0.36443705446497715,1.2582651529197095,19,2.1832269853454567,0
0.21312820236913493,0.8616578439393137,28,2.4397358251882735,0
0.7168513334276805,4.754617752104064,19,2.31166123585159,0
0.2796537955477561,3.7985784430830165,25,1.1583715847464828,0
0.8902050110087878,0.12140602378821805,3,0.5950212779830482,1
0.2415937467298936,2.1145939496132886,20,5.699406130796747,0
0.09102628497107668,0.6686242191728222,24,4.142475349722031,0
0.22777777017159673,1.1778187033616763,18,2.058257768704032,0
0.19110771979755678,4.945107694850384,15,0.7429652998697506,0
0.2583423587414753,1.0602942188950548,22,1.079658060015524,0
0.3890605362350533,3.006918831202755,16,0.4956657763706295,0
0.45932252820174074,4.85333756603029,19,0.6490544925495566,0
0.22074693136603202,1.2755115364983711,22,0.9087368587067137,0
0.38747152639272464,3.68810230314255,17,1.1449010095583079,0
0.05748980873749662,3.6865167953984335,18,1.402729172246772,0
0.21220625751024874,4.894698753930615,15,0.3158299468302888,0
0.1604181138029286,4.884442154175639,17,0.4331259210389467,0
0.08553930341563518,4.995447165691292,28,3.4029081031905215,0
0.09574880210362954,1.834674591705903,28,0.8233850767493376,0
0.4257995966730993,1.6632918457170671,19,0.5070788528015528,0
0.2835206827881103,2.510265581679214,25,0.2726231525922091,0
0.3745443419582246,1.8998747826430789,16,1.7924321051058432,0
0.2507653426220819,4.513034858938108,16,2.374981378012122,0
0.2574490051063579,3.87668707152032,24,3.5868950797057506,0
0.08152098221621337,2.7853228048410417,15,0.5090971842288045,0
0.029065053142664093,2.296691913743129,22,0.261595464175368,0
0.11731239585082989,3.2346149521454945,20,0.1619964609252521,0
0.5631190679638272,3.217554854826463,17,1.4001451574652566,0
0.2875060436473878,2.1643156741229816,17,1.3239327003199133,0
0.264662042659526,3.523360160140819,24,0.5802008064949137,0
0.2453113828921243,1.6481414696817596,20,1.742693694117008,0
0.4592384846049712,2.5926576845514164,18,2.0693199988269146,0
0.2831317984944961,4.856822177348941,27,2.0411723923246043,0
0.643814931133603,4.318141349090156,11,0.5674502190646589,0
0.3677379568597642,4.771619977231509,15,1.2941761617368968,0
0.04527184914179338,4.867903701987672,22,3.3755692876741876,0
0.5990102246096366,0.8410739369263281,21,0.34753323480965354,0
0.2675429880494651,4.697416850158218,27,0.4764935254863512,0
0.17444635058497382,0.9739826371760162,15,4.111305816129991,0
0.15683216626557722,3.6457429575529066,13,0.8239290307683452,0
0.5596435476485027,3.432412409087174,15,4.373558453647142,0
0.2668840572307129,1.064336376685534,23,1.020138371001797,0
0.1265586572451018,1.904044673528578,18,1.0005632576373615,0
0.17643860523197427,4.565192988167109,24,0.9481443685505901,0
0.1366297569765804,3.549381920167373,23,1.0872561578288815,0
0.23135756852805567,3.5716999735790917,12,0.8953046480752088,0
0.27366327842581223,2.2244288298251593,19,1.1643076807072394,0
0.35433981981528545,0.778963269654618,23,1.1909759419094272,0
0.6039016665273611,0.932302810213764,19,4.004801041527208,0
0.34999440970268864,3.6671753277677235,24,1.7724814393115218,0
0.14544264297940823,4.765388401958455,15,0.24726798704684483,0
0.4795253240337217,4.505698596211748,21,0.40577148235942695,0
0.8201450399138026,0.06501182817834371,3,9.210198014922003,1
0.10191889748345934,3.6074930783317467,20,0.6812579455912854,0
0.4654116878758653,4.1420125553794716,20,0.4250383624784671,0
0.9251859351627353,0.1910377637678045,0,2.6017075338449738,1
0.24249713701513,1.2283602607096908,20,1.0202460423000865,0
0.0849121022643691,0.8978209599516355,21,9.187997177218882,0
0.258007946513946,2.26254422429495,19,1.000036475587629,0
0.43416321540332664,1.8394805535181695,23,0.455498627942041,0
0.10832461547389323,4.02876805512997,28,0.4544586548867576,0
0.43968873218041,2.9743451389340936,24,1.9168645362212806,0
0.20214511326578696,0.5594372782122989,18,1.0787654867620062,0
0.10191932499465317,1.422124754836357,18,0.11645063887675841,0
0.8588507217513375,0.15165796960209502,4,71.58090502904328,1
0.1890850737024668,2.6114076507058948,16,0.7584164990808636,0
0.16761223331679914,2.948552399055457,18,0.7099008946885476,0
0.34822495115312085,2.5519146589447996,26,0.5011772660325279,0
0.27181297905767604,4.780115158320374,20,0.3365411305559691,0
0.1494627087711968,2.7571527677709793,15,0.33940621236638724,0
0.5412627050234298,0.09620177110389012,2,4.066266087124673,1
0.3121280120103632,4.727628886503663,18,4.410863912330116,0
0.7490912240030659,3.6312130550471315,17,1.1634467695315431,0
0.20560227991879584,1.992080652243304,23,2.3896712050859845,0
0.31333276467559545,2.972023377259916,17,0.5301346082364473,0
0.2710369244944069,3.462667360078618,15,0.5961065174126904,0
0.5441335056094467,2.4297671227831144,19,1.096011495696941,0
0.16657138895728626,3.2323102456508574,27,1.427155586613114,0
0.19938726616582642,0.7862314620956248,30,0.7040824815416658,0
0.2977413873559305,2.8469093223713986,18,9.664115873564917,0
0.30188584250753353,1.2920533561490453,27,1.0221296242917568,0
0.4600965246242373,1.6954207054579373,18,0.541671457257273,0
0.5138959293786394,4.213464625310125,17,1.019957004318289,0
0.35700990792387116,0.5473782698544234,17,2.4560259744655815,0
0.2949233825560382,1.6390441951896282,10,4.279211979244477,0
0.8864647895126585,0.04019687989793602,3,1.8274138321713889,1
0.6644040613268246,0.013221267450148162,1,0.8196432903664873,1
0.32835183973735116,0.8145423128534715,20,3.0384015373046456,0
0.16655927207142432,1.6206489834234001,28,3.0237019915874774,0
0.07451421662157434,1.6955474717904069,22,2.0706410853801342,0
0.1737412196681023,4.0010890526339615,24,0.37732506536885874,0
0.05563715641658432,3.112342821242412,18,1.2654235349912357,0
0.33340235954374414,0.5045988883348612,18,2.8883979445450914,0
0.13122252529648115,4.0116938516498255,30,9.004168352427897,0
0.747894960703541,0.12781379873421037,0,51.8745935278925,1
0.2300640453860427,1.6838308774312158,20,1.5927489554447591,0
0.2054168358562413,3.214086274707824,15,2.2997368612044777,0
0.6168744429712608,3.876175022216986,21,1.6403415502007277,0
0.12702073727455773,2.4690777302555937,16,0.45212081206199733,0
0.15915628552401884,1.8233961543037989,23,0.2607913227163092,0
0.5457568723758741,1.3345780266820229,19,1.112237388892924,0
0.2180098923024073,1.884485137320853,21,1.0445170915915176,0
0.057073097642053545,4.043041114104889,18,0.9673868635493108,0
0.1468726638534062,3.119250479994707,33,2.8455209930435355,0
0.24847746295762102,1.5555809444005426,20,0.28236502940127217,0
0.28819126674299134,4.802722424796929,17,2.9587462299219114,0
0.39637793641885705,0.8455096126413486,23,2.1432165461845822,0
0.23203854511117986,4.617229800551987,15,1.8583608666393576,0
0.2534304149835978,2.2380471758068463,32,0.6347907221683456,0
0.5888158457306808,1.1696838735835426,28,2.991779458318551,0
0.1808770626554406,4.825687451429629,19,0.9721468955492052,0
0.2294580557791499,4.28576983802424,19,0.958276256247239,0
0.028991865780036277,1.263435267870134,22,1.83624836446312,0
0.3927103515495393,3.099820555584463,12,2.741514857961665,0
0.3718755197662084,0.511069811110529,19,0.06883436764313285,0
0.22300903300969646,3.255428650922584,26,0.4448096761013808,0
0.10800951320499765,2.1278170778804615,26,1.5119270496686255,0
0.4714847665686809,1.2140579055477372,33,1.431872732387716,0
0.16117644646923007,2.4396522904794216,18,1.073953402510568,0
0.5333524791733308,1.944516454964832,27,2.0825194398676063,0
0.3572110421683996,3.172968981953735,23,0.2850021551573702,0
0.6831309434895549,3.5345579280263117,15,3.144537173853809,0
0.08420762564842335,1.799300880499381,19,1.4630070945024478,0
0.5291676827173334,0.7815271149776433,17,8.596090557276888,0
0.2585218898790909,4.300482535373771,26,0.8944815951134746,0
0.21798917023301798,1.8199147741094417,18,1.697394049206315,0
0.26069288192883705,3.4828446033602725,18,1.3372942621248594,0
0.2836910313241975,3.6121380812848467,23,0.7858494541702894,0
0.13873045312528262,3.500628654367532,23,1.1274222239819316,0
0.045387400010005886,1.1072445993443731,27,0.36357424421983026,0
0.2564970163292947,4.4701894032769935,21,1.5928542048174423,0
0.18039847813160262,3.474782413356905,18,3.2557000359136152,0
0.2817520748806033,1.9841403976360268,21,0.7546175851100959,0
0.7528183412402611,0.1517480828879159,3,10.294279889978675,1
0.49729863895270565,4.148758611511517,15,0.26260128014412243,0
0.1646537102892202,0.9172695293628006,25,4.403405131571743,0
0.29702954723670416,1.0917206042705643,22,2.033823819984967,0
0.12663152737983824,2.3172476381530274,13,0.7884415521608203,0
0.3217659822592986,4.304903521688415,24,2.756074747112993,0
0.4391860509950364,4.51415102039594,16,0.4005514974634793,0
0.45628332709673786,0.13399907255406437,2,1.4709524872044542,1
0.09951655696194077,0.5294464534265066,15,0.08165783436969387,0
0.31247159134404945,2.7976979088333898,18,0.1283692916727482,0
0.2474064745916099,1.3831206736466541,19,3.7955238323211375,0
0.24709325957630054,4.741452996082083,20,2.0374092494019287,0
0.2590096536382431,4.124995875955976,16,3.269749902111609,0
0.22257262185160057,2.851153175000591,14,1.2684187180490116,0
0.1840979056287527,4.393385786120653,18,1.736337222556632,0
0.12869551696097672,1.4672621447068255,21,0.3493372771096933,0
0.7038456409478383,3.973701354127499,24,0.9874343443476521,0
0.29759222484547276,0.7428344666698816,16,9.76704704144124,0
0.033156827896840206,2.9687795049896515,22,1.4922771108532276,0
0.14949927352322598,4.54428067108449,14,3.748594393953208,0
0.1946505652815763,4.595595514446549,23,0.6729348410682577,0
0.37358064806947944,3.1604242780707517,27,3.00724735987017,0
0.13925649124064074,2.71062717440452,19,1.146748068902191,0
0.06318396759927702,0.8201368030745921,22,0.3963370074089491,0
0.3871733745420213,4.560218466616656,24,3.138429028613749,0
0.093959319282374,4.450012236016132,18,3.208931770787498,0
0.2936307120420119,1.8241274067863893,23,0.2881527438228133,0
0.4320439786905794,3.8984051670208406,16,0.310236357743213,0
0.6212740728961003,1.0189576459810443,15,2.0142988511716737,0
0.3600826180103835,2.007645075459929,14,1.7077394384229612,0
0.41480683500057813,4.653401688131099,19,2.4362429914971013,0
0.4226026302463174,2.394354760553334,17,1.851275659045296,0
0.6217083000913893,4.408775731749447,15,0.8154520660752407,0
0.11171693698924293,0.9336564721618617,20,1.751692444393971,0
0.3454043157406495,2.794360034163644,19,1.206722409476468,0
0.15588601537760952,0.9595806799354627,21,2.1802371198948705,0
0.7596222798949451,3.5368143758296733,20,1.4058256678605314,0
0.47844578128709925,2.222600277315576,21,4.388753279416569,0
0.07486522423442774,4.871034428557754,20,5.763236556981692,0
0.6945258065192965,0.537519337461413,24,0.5439891512665401,0
0.7101593774710355,0.08613764204145442,3,75.58592930097096,1
0.4407334841228566,1.7056189436208755,21,0.2307476147362286,0
0.4198807876381092,3.7948120624567547,26,0.5391271935601356,0
0.2446233710439367,2.4238698863889403,19,3.715826620189116,0
0.10365736688722745,2.21737904073162,12,3.520260149963922,0
0.22779249441729482,4.619135587461925,16,0.7541439821500291,0
0.13852781569368836,3.098596932007764,27,4.021333559518115,0
0.3581883236443571,1.5481027418853646,33,0.16249461801177686,0
0.2647738165740623,1.3044142242564871,13,0.11934356327452207,0
0.11855619558638368,2.7060873166886354,20,0.7624153161097464,0
0.13294984803203408,2.7483280005499267,19,1.1095302457163807,0
0.41502315825970865,2.912274330790889,19,2.314128421768997,0
0.18520410874288576,2.9682384246322147,27,3.8043540872700263,0
0.4414524041129337,3.2712821426808034,19,2.4757738780262675,0
0.03358102625450937,3.5475838243646067,23,1.2856653116689554,0
0.27005695286678405,1.6822886516821658,17,2.7404350795715438,0
0.26573236829642904,1.0791518774329147,14,0.7841377298269955,0
0.0785757315557383,3.279408048390606,16,0.44193589951829443,0
0.11036751629592896,2.709299930690047,18,0.3091833883702984,0
0.9017318321069439,0.16572324470844585,3,9.059571767740787,1
0.5157480531549599,0.9230556281589916,20,5.524052451344533,0
0.030085309083196603,4.119015015980943,20,1.4374224740864103,0
0.3076812320339799,1.5760546416147652,17,0.2735160992541182,0
0.3706829945049062,4.841969762797589,21,2.828113472777201,0
0.3388642573778535,3.820282675455799,13,0.18495260579740483,0
0.16668776143582462,3.150027305052291,27,3.660656861687642,0
0.286824729453819,2.000363859881637,20,0.6567854148964587,0
0.34709428873424425,2.0557620707237323,23,2.605434360495697,0
0.6410631824540489,1.4690392773785648,18,2.6826969089466792,0
0.44510207671570434,2.189834444482311,27,12.8242489654164,0
0.19289970718839244,3.7807517732868225,20,4.138473288510513,0
0.1855929456393689,4.302557637932415,22,1.8757143140991495,0
0.30030597204971277,1.9529959347070687,26,1.5846153978252577,0
0.3229479958091492,4.386912649238525,17,1.285405923976325,0
0.3054596598870614,3.7967021860266064,21,0.5246071590249678,0
0.13413981085001891,1.2207449671781607,16,0.24510598285007498,0
0.18163002312405063,3.9716169934517307,27,1.2509075416191815,0
0.6890952630235505,0.15093966016306556,1,2.9629442819871943,1
0.5061845111085037,1.3193156052522372,23,0.573121343226315,0
0.2679583229123617,0.8830207325126602,18,0.729098273826604,0
0.07403337956737997,3.390978977667942,22,0.5060857308973944,0
0.14315621357479025,3.20597358217164,20,2.8920097141387506,0
0.31999116865580596,2.566853444392242,11,0.938275484016036,0
0.74382647247552,0.1030501213256888,2,6.130379053767321,1
0.2823115903681987,3.650992283029112,19,0.8386451759199146,0
0.9685095175388079,0.17090979218716384,3,101.45419496430044,1
0.05219126710637447,0.782385237430095,20,0.42379691905772165,0
0.43070187297330903,1.504319721570762,18,2.0115708391010085,0
0.04863220789957298,2.56903968277656,15,0.6586023476576391,0
0.46890867240374645,2.172049872008251,22,0.07004898998585624,0
0.3076167206975165,0.7979964192873374,23,1.6505267371507664,0
0.39148015198588276,4.022907700123113,16,0.664382848711376,0
0.06934547582030574,1.7088014666898845,21,1.9828585678466948,0
0.15222175369114432,1.8784628776292838,23,0.38206711807711774,0
0.5365219625404062,4.837388641950172,30,0.07016270467534141,0
0.48241424857930426,0.7988678122326238,26,0.34342750678205153,0
0.4756407899232948,4.326466555191294,20,0.9333459819638127,0
0.43047694976329987,1.4564450876180017,23,0.0481320574831703,0
0.31380016800708227,4.401529295148862,20,0.5838332984647245,0
0.3279752717425222,3.3915212291043573,26,1.6772599939839876,0
0.27293787363327093,3.4067813765951764,24,1.9516901028077431,0
0.243984663606051,4.230494301419484,21,1.790910474228932,0
0.5476418482772879,1.4008298017336585,20,0.5401397206939629,0
0.562801040890899,2.8929442152778946,25,2.7626627199640765,0
0.333450878488683,1.3336823646309586,20,0.6503006021492127,0
0.8984164226897831,0.03599863711397589,2,4.387136246421778,1
0.3666105413578658,4.281703251179332,23,0.38830560662400965,0
0.11359740634431496,0.8050299874027591,18,0.2353652818223552,0
0.9948676185379014,0.05856664462081653,2,0.8059627765570747,1
0.20318187011765057,3.432391046480285,20,1.8998455462723696,0
0.41559227552371547,1.367324782472752,11,1.1211176465584511,0
0.9149280296472085,0.049983605308610915,3,1.6420611789158082,1
0.3421204490273218,3.830275096526321,21,0.843471780788274,0
0.4745860471680718,4.070677167125238,24,5.2531651602475105,0
0.23986018636962883,0.6248081592274224,31,0.38271531080730176,0
0.18900445792216125,4.76745851313173,19,16.88885471842473,0
0.5974510500705383,1.289322643310132,15,1.8837526098109791,0
0.2874691299918776,4.945677519335085,28,0.27541052475253414,0
0.12126645947601347,3.9116889019161665,22,0.41903358037596167,0
0.32635011147469195,1.64140353796861,21,0.5887705366990839,0
0.042232174682683074,3.0096351426130536,22,1.181500051540635,0
0.09317535575684298,2.2164607959844713,25,0.21696579583003098,0
0.41458619152789133,3.9973188464448253,23,1.0246617486108476,0
0.07106263822507114,3.4249327703146095,23,0.28391529475227295,0
0.41688119964128534,3.2887324305301764,18,1.993555849015021,0
0.44153117937638864,4.972467730716836,23,1.4986454172614114,0
0.4925143463301178,0.6548900291347526,20,1.3443580195884022,0
0.11273911392293237,2.785980701408754,19,0.6701291970235429,0
0.14036653439144559,1.1192329534128183,18,3.8727264144215434,0
0.5159816701769931,1.9595223194075972,17,0.47806507234988666,0
0.21994976733880928,4.872144286839864,16,0.1941436997739416,0
0.5415080342347807,3.461246865155508,20,0.2713541636296969,0
0.21534104210779842,4.193431452806243,19,0.9789357984807039,0
0.7150513291766639,0.013420992469932719,0,3.120351357100027,1
0.2634709096710568,1.5398688652753556,29,1.0847796037543718,0
0.42845055748653055,4.30370931119028,16,2.198038802446712,0
0.405924142730471,1.0498282218968833,14,1.1079484071671812,0
0.2900498176442802,1.2753252981650975,27,0.37950603182061193,0
0.8117841097504337,0.12210957203370527,2,158.24689181463017,1
0.1267878763906348,1.5185278895659728,16,1.0772518530009587,0
0.355890249961976,4.819987554357637,15,2.3871598014868405,0
0.6098331106836065,1.704308845183617,14,0.4056918493762516,0
0.050843990551736065,1.38707149502672,28,1.3520371775114441,0
0.26924564044273985,1.6720415010539647,19,3.0405797835722703,0
0.573983626259093,4.894612695498166,24,1.462907626727254,0
0.3706837209162905,0.9668809836428592,22,4.705548707145704,0
0.21109238250624177,2.4143400834704396,20,0.9322658468967815,0
0.03412129273180309,1.9832134108401294,25,1.327919825884941,0
0.2604448009335303,2.7255057593462038,25,1.0885135055614588,0
0.10650136450267161,0.9249306417177234,28,0.3971462384343943,0
0.272040975721621,4.576238335232759,26,2.0530417894579003,0
0.10060280923927523,4.688146941729964,20,1.2953956107237818,0
0.47482540842020327,4.458597478236369,16,0.6130669605384098,0
0.20352815092409282,2.077785525197597,23,5.779265448322157,0
0.43176977676128914,1.2740719477149036,21,1.094763059686548,0
0.19266760966076196,2.490772863217037,23,2.5261576404870087,0
0.18479321980957286,1.0616179237107497,21,1.944089673250182,0
0.11875271228232775,2.348988681283335,18,0.9650072032559819,0
0.12426227062084286,4.5253154944457,12,2.7914392678895332,0
0.12727780053078458,1.3897461919214855,20,1.000258943193314,0
0.17625084410267242,3.3028765471997192,20,1.5628800795085431,0
0.41656082689028295,0.947540055568016,19,0.5384172550678504,0
0.35384638244836686,4.850173344144617,14,0.7256705746989618,0
0.16548890822377615,0.5408754275453735,20,0.7188430714643038,0
0.25382638952870873,4.460038688287553,14,0.3680605851434911,0
0.18782583259672606,0.8345763372603571,19,0.293092772756768,0
0.3122724026074983,1.1691456718877806,20,0.3891144968157649,0
0.40747817488931026,0.8554893790312293,17,0.6329513076696401,0
0.15809926710469424,4.160030323338282,21,0.941884380666474,0
0.34370277673686683,3.5160146327603377,26,0.6261457440069542,0
0.16463901585149715,3.735153502477295,17,4.639495163881821,0
0.3487488363034453,4.106601406298308,14,2.2161750936400932,0
0.08393349562121576,2.616829534575627,24,0.6816545067696271,0
0.4535841365500197,1.6572908098595087,24,1.1749760673302194,0
0.8631857973271736,0.07256378816040596,0,11.900744785291026,1
0.897151493754673,0.18151759899256031,4,0.1759305939867071,1
0.38590507023749565,2.657795383658694,21,3.9707969447128826,0
0.41169822197213457,1.9673608288014885,23,0.28741342057567526,0
0.47198621855301265,1.2898130258112304,20,4.656093977136263,0
0.13919821019558778,0.7593686240696094,15,2.3977016282839756,0
0.11360904299957579,4.937709374105784,21,2.0363170612132384,0
0.3481547339698117,4.550052187542786,20,0.20554435249075614,0
0.4680972666865953,2.6080922211592634,27,0.9470431494486513,0
0.3118004577496431,2.9597728056160832,28,2.6903821324089456,0
0.6011980502805048,3.797703300481231,13,0.637803087550197,0
0.1363803787440854,4.128737876963403,22,0.17178138090081577,0
0.3115931260996675,1.2859658651681007,14,3.6617726005265636,0
0.8070961043566439,0.10535502767298395,4,0.7406573119562946,1
0.3738646665260902,3.657932685407368,22,2.7439624710022232,0
0.049184545515990795,2.9506946682211375,17,0.5105578902689016,0
0.3026548020814058,2.3512083330924476,25,1.1409483555728601,0
0.34315638271123056,4.481898346879506,21,0.8371638988136793,0
0.326445398366294,2.9710630525158503,27,1.0001580763804854,0
0.31362579633197335,3.8206534713578675,20,2.3982825686981664,0
0.33713456340135833,3.211530783247439,20,0.25396126072295455,0
0.4192010334389106,3.289584966485161,26,1.1247501959433293,0
0.24532000337365809,2.702686036333576,18,1.037939002086453,0
0.9130686722813366,0.1107919890934235,4,2.2480948073672806,1
0.2403098726253628,4.655789187407182,25,0.898800912935509,0
0.8466723616955919,0.036810590518196046,2,25.268906650040215,1
0.14396164402565798,2.966373729089048,24,3.0348249083718764,0
0.16179882508726998,1.7809293565714315,25,0.5608608542542782,0
0.02948512605731963,2.616318821598436,22,2.2105860919945095,0
0.16472388054802858,0.9386239581008833,26,0.9006839954659863,0
0.6118060311022743,1.300375983373242,22,0.497880395271928,0
0.5509822707446927,2.2931033726038477,22,0.11466750238758375,0
0.0717910877190768,3.208910623430391,16,1.2707416264252847,0
0.2270895680220726,0.5348040307133857,16,0.6238604152041642,0
0.19528094367448162,2.2072692214407903,15,3.8939423376445164,0
0.37939299637396273,4.891943680442764,20,0.30886874621946797,0
0.49398075387295914,2.0527447413343545,26,2.243699082266947,0
0.43108794162887565,3.2515843195026246,32,0.5353432574361586,0
0.24095830006343685,4.605610449692831,16,1.1567920698448328,0
0.5220086652381799,4.870118014858669,28,0.8364357329371872,0
0.2998500482201963,2.0295033540378116,16,0.43652490088000095,0
0.5445705943000622,3.511906777821787,24,0.7059968176000467,0
0.32698702932162094,4.163234600468364,18,0.8532195453062591,0
0.5265272483494194,1.9777925530079925,17,0.5852656583930331,0
0.34810180809373586,2.605700176610564,25,1.9748194739216354,0
0.44830649361067965,2.6937445938796842,19,1.8550036861237134,0
0.20935042775722493,1.287069559661338,21,0.5832654867481676,0
0.8032631900439319,0.020169609539529898,2,1.7368572493490628,1
0.13802233099510655,4.210953089648422,18,0.2842519456822716,0
0.527553318285371,0.589039506366098,28,3.088382490624391,0
0.5920975693661074,4.650586406336557,17,0.17537835838102928,0
0.12462650724449352,2.292857417951713,24,0.8422993797961091,0
0.12964773425238318,2.4766620755972535,19,0.7261266890568366,0
0.09833108214000973,3.737802561763292,19,0.43677938360470686,0
0.7459697676192979,0.1853612677912587,3,14.517718768121094,1
0.22355695543842669,4.151139298210514,17,0.9475890700024857,0
0.9466586439440104,0.0787406081991652,3,1.879567070143296,1
0.5126067636966622,4.685418537506424,19,4.317946962805065,0
0.28888323448240993,2.2416870787099556,25,0.411760346462939,0
0.12281655568138909,0.8301265706039398,19,1.5977031583784995,0
0.20013756018317974,3.4869355954864933,20,1.9332775282111845,0
0.03778112384094,3.187701535587619,20,1.1283995007929215,0
0.8185559782723387,0.16756565798616607,2,5.04195032931529,1
0.45418086178250844,1.363597086994993,17,0.8632237702849019,0
0.38958012549588256,4.887123917876161,20,1.303952685735206,0
0.04958206231289962,2.0378374417122673,19,6.914473309526818,0
0.5525843218093863,4.026917242704658,14,0.38955420678955227,0
0.3719791790812208,3.836627306842444,12,1.715158399500096,0
0.3087828466361764,1.7297534229161773,22,0.11329692698373262,0
0.51062589341113,2.965642282722493,25,0.6698717828252433,0
0.28563819305408333,1.930970263532872,24,1.1984130054688844,0
0.5464230994024889,2.7821803546988977,19,7.32016674616384,0
0.15159584624080727,4.905506938577028,21,0.6825158551708024,0
0.8221799941630877,0.02197209975309878,1,2.658016560986731,1
0.35895671198004503,1.826664293212612,16,1.1923014647724839,0
0.12982140781182944,3.6557722638615453,17,1.1208499540296324,0
0.5121918316401957,2.182057073733967,16,1.1811936182638898,0
0.2566281872182411,3.2183936498756283,18,0.7924609966288987,0
0.21931860568546227,4.685668109561012,16,0.6567263437663654,0
0.3788482137886774,0.7793179292280454,15,0.28994535658711584,0
0.5523603798370311,3.8999460512323445,35,1.218088817737227,0
0.14680712580096636,1.689806064599961,18,0.7856181605369612,0
0.08904908989879157,1.026053057124537,23,0.8770662725534999,0
0.29587162390354615,1.2905259372727493,25,0.274458247345541,0
0.5645605022716851,1.040427742428006,17,3.8363830289724077,0
0.5899187125794613,1.637134772167729,15,1.464237019734392,0
0.2704597067941458,4.147113776447748,19,0.2348403909905905,0
0.45338458673822796,2.941649974253327,15,0.39534755404336525,0
0.7034582723873498,0.09397749966480358,1,1.715246591830846,1
0.2877017766948227,3.320644846104384,18,4.024775703582835,0
0.22255797100556624,2.3625341646429856,27,8.8931086861426,0
0.565497074826735,1.2708854998442072,24,1.831384758710347,0
0.5132556948336146,4.664504867833264,19,0.7765189587363813,0
0.4932740757695699,0.04781307018861741,1,57.85769241119505,1
0.5219693649450999,2.5419727271531602,13,0.2704125372967536,0
0.33448862633835674,2.0030992271388754,18,0.894075624143975,0
0.18535033384332092,2.495509117712093,25,0.8035021514218962,0
0.06974057234370419,3.3346914386403914,26,1.753583508182979,0
0.7667851072389169,0.16266186311255998,3,3.841388945386042,1
0.051826869829779056,2.8127986660902424,30,1.4592491987956084,0
0.14898628497035432,4.021776272032328,22,1.481590060940243,0
0.30916166575754767,4.016404266592108,21,1.0740050742056526,0
0.5271267590505369,4.572721729894185,16,0.4251007699322979,0
0.14314604150325871,2.0340578274100465,15,0.29290034904440976,0
0.6992730053016736,2.203033375814499,22,11.221608933716986,0
0.8042585296507593,0.012092923865232141,2,1.552677960785229,1
0.45438860240198387,3.840092905246016,26,0.5414844130347086,0
0.3290684615726528,4.011274672278782,17,13.98782824887464,0
0.6410144335798647,0.03479283304302702,2,3.5199071382738087,1
0.2705447500746589,4.923290923768107,21,0.20973244015756673,0
0.33782386888850396,4.669516248598389,22,0.14712991662568453,0
0.2421763552546346,1.7195687366939418,20,0.450527871737616,0
0.44946028593119447,0.5303860397318063,17,0.7911954806277034,0
0.23863900693402,4.7531371693648685,21,1.222315286149209,0
0.8065000212016938,0.015961219941374165,0,10.386836356572339,1
0.0617990210842705,2.566815289207615,16,3.564005076002069,0
0.19710777050611222,4.083193581111191,21,3.9193174719229313,0
0.18289687309857375,3.1343770197198944,14,2.8324075168380674,0
0.20765213445591899,2.9444518245370124,22,1.2411975765702146,0
0.1326787322774784,0.7862527607613213,22,1.8578989152799636,0
0.2967291618206688,0.9318326826337724,24,3.195778508006806,0
0.7868799158594777,0.01674632838404893,1,7.255783478074466,1
0.07137747557621348,0.7226368467675526,17,1.0542929891433583,0
0.39146537570676626,2.7459308003119696,17,0.3434625758882811,0
0.523221177648048,1.1947431678813782,16,0.2735732724520333,0
0.13134567347468662,4.655570930373777,22,0.20499100257087824,0
0.05494858351646577,4.370891815886918,27,2.3616754314406614,0
0.5203928689779592,0.5295915302833705,25,0.41864040292440335,0
0.4334200590528175,1.896203914140983,20,0.4014229795234965,0
0.3547570686370786,2.5517135499928667,19,0.5874936947145113,0
0.24735043394869452,4.652949283039894,16,2.459962376343655,0
0.4324931568492031,2.2372037211327784,19,1.616457567971437,0
0.07474552676346015,3.7506962599182834,16,0.7632495331306486,0
0.24039265396458687,4.691691596534467,16,0.6811485832933089,0
0.2776401677474874,3.7691618451457174,18,0.09484614472717004,0
0.10068230442223011,4.851982581785615,23,5.131250308110578,0
0.634689012936227,1.6224812559475574,18,0.4590471139190103,0
0.3962534537238169,2.5992095077519584,25,1.207911009076637,0
0.46171928603212986,2.728414330789204,18,0.2737205085073294,0
0.38867805090427476,4.1587266293500305,24,2.9692224281445694,0
0.3420206811370767,0.9045331574665805,23,2.3218880088946188,0
0.1580230557583682,2.540673996766087,18,1.0054290338178014,0
0.19954874066618872,3.468094438095293,19,0.453051141651779,0
0.25743999414137547,0.6545507893580567,22,0.4640983968573332,0
0.8955564078007866,0.16423748604629157,1,14.618075747215247,1
0.49463542901884877,1.5932727342753596,25,0.571361489766427,0
0.28525168727242384,2.6571279359994637,8,0.8782063498600644,0
0.0952962590949435,0.770698707854238,8,0.4606294797939727,0
0.8223210326306126,0.05901534419654664,1,0.67418446450808,1
0.39418457367863624,2.7191574181065175,10,1.6807688751406082,0
0.16456093226856552,2.9987086720466354,24,1.8959304414851401,0
0.1118961381718894,1.406669335642107,19,1.155265678299067,0
0.27227714112740753,4.6666997590092745,19,1.936244734136053,0
0.09205656491407328,4.3069668585205765,18,0.3497593837251513,0
0.36905500954771536,1.3145949797862362,31,0.4328504152057076,0
0.18873673399294924,3.8803645827094604,18,3.2841390837586077,0
0.05918059055517768,2.700198555429058,9,0.6914875273443958,0
0.29413944338688763,2.504756118875453,25,0.7278598298477007,0
0.273940934678728,0.7124366140236056,12,1.0644503323605359,0
0.4172142534364698,1.564592448150117,21,0.6515982581879797,0
0.3753311873684139,2.0240628088256027,23,8.820927406747948,0
0.03887714154153231,1.1824784542707811,18,2.01010728227063,0
0.2516095696628503,4.558084032225376,24,1.855120694789691,0
0.8156172556159047,0.052672328087239394,1,5.678573109111897,1
0.7943574438777968,2.0515618840838394,25,5.425079910798465,0
0.5294222154277844,1.671389844827204,18,0.9660936127852553,0
0.2956974226896085,4.065014634263802,20,0.25382367287374663,0
0.23131828056608592,2.8960124628091815,11,4.957783742380346,0
0.17374860596134173,4.686608595446666,21,5.0337915511499,0
0.5704839257845001,3.6105181249611444,19,0.2926985561767224,0
0.11288673249025995,0.742132273557231,15,0.4384303042600335,0
0.40617917759650685,0.7600981788345279,17,1.0524989946753398,0
0.1580296635470869,4.089580096103274,18,0.2509896007959949,0
0.04958425705883094,2.924659443092621,14,0.11509371954675686,0
0.4067538160525325,1.1367085383346303,15,0.2915674336026302,0
0.4894656683312232,0.5926072655712262,19,0.8182094450878697,0
0.2838610282452558,1.1097843238065843,13,0.3996478395127767,0
0.3509840826612091,2.7983109023644817,8,2.740637103653463,0
0.15291579574358694,2.2082888044763833,20,0.46942684850266153,0
0.1127597978325258,2.23155354130958,23,0.31942979365774116,0
0.5902368013607476,2.1372649050839967,17,0.26785426913294874,0
0.5365900698088352,3.9265654377843564,26,2.1731263643437333,0
0.3745886791449777,0.9342647020008175,12,2.0790110713935457,0
0.06739464681321482,1.3438257805670315,16,1.3536282971550913,0
0.09920878773799643,2.0039549878104994,15,1.046986136662035,0
0.13137553387321876,0.8381930294450651,23,0.9518310519958174,0
0.2706799986347514,0.7214086610657757,28,0.7104528277885912,0
0.0817760770344125,3.455358205924938,16,0.21350669701083091,0
0.44970653124140475,0.8134747713739642,17,1.3966662808289698,0
0.15882471851651733,2.183061483652147,26,1.6368138568914086,0
0.4845841142207497,0.6158829455340165,18,0.6424772124168009,0
0.34542653806368956,1.1584890074603074,12,0.5126948395702104,0
0.7409358144346735,2.3237464884506354,23,11.345555920909922,0
0.5409450892701629,2.228754507825407,18,0.3950835766580082,0
0.10514746370577537,3.0548185124665412,18,1.2807603929169296,0
0.1947602036374894,1.8681413415434125,18,1.9160206458761249,0
0.3610562142941471,3.9652687821321426,16,1.3025617398783007,0
0.39321489663235154,1.5872701498177164,21,2.283658549558868,0
0.1719186676144659,1.0073232827082643,14,2.356024902787036,0
0.2762442716109862,1.6961397528823121,24,1.1893788028124046,0
0.08755355273896392,4.253968861703846,16,0.27917617498168573,0
0.49453173925300975,3.212381106599552,19,1.0583101136473658,0
0.1481501991507158,3.2740210146880244,14,0.16943039090431822,0
0.22097010068305462,4.403347822545732,21,0.7095649639180448,0
0.13991352726462156,1.852169503062278,20,2.410016833284776,0
0.5101943195098498,2.860347883919202,27,0.4873620001138469,0
0.16725066811947198,4.403449736227021,20,0.39294463256381956,0
0.23574798451048426,2.3857149993105247,24,0.31648419707990594,0
0.07959466178645529,1.9341760771904764,22,0.5341442015473034,0
0.8844300988015323,0.030552731806036466,1,1.5778308565905055,1
0.49150758562672814,1.953571990156875,27,4.505931815719128,0
0.796691214595579,0.08362216804882049,0,69.65579048722273,1
0.6936786478319201,0.04276903367068938,4,4.178199082435095,1
0.24943005676421387,3.7890297872502474,21,0.21293815376452305,0
0.28883031719643204,4.062981195285818,16,0.5470569480609141,0
0.05707081443359843,1.460439517692492,23,0.9965107290619647,0
0.24548591012528748,3.004526031103658,12,2.716737888252779,0
0.12236515132338889,2.9285865705764467,24,0.5148205310601168,0
0.8757715646424289,0.05178365123270153,1,0.9055561017689834,1
0.31636976172506426,3.178226895529208,17,0.9109326172169427,0
0.29693644728729346,3.027303587861744,15,0.9686509988774283,0
0.4760651412795564,3.700895348660967,18,3.2999004795409372,0
0.2371497177349956,1.3445346405992316,21,0.20635710699209245,0
0.42901137428925507,4.235424827645833,25,1.5709684149243912,0
0.37418112319252694,4.986512578195287,19,4.276132043753649,0
0.15561403745394753,4.228321296961935,20,0.5493642890284043,0
0.46129811864553266,3.2823449873474315,22,1.3713191427062046,0
0.0939164003830892,0.9312951640652147,20,3.3917815410727106,0
0.1785219891313181,1.511428432630116,24,3.3593780067669545,0
0.12975244245319234,3.2528489312437614,16,0.5372436504332929,0
0.24555243053044068,3.8993257075635226,22,2.1644230845165118,0
0.2830981046703818,2.379567622895408,18,0.500400421601238,0
0.12918914592643932,2.0902398707222716,24,1.2838423643546968,0
0.5291929710390249,3.939432852814134,17,1.0677986940308168,0
0.33072927824719234,3.3087256130044773,18,1.7521743785302415,0
0.22313533238805364,4.943210878548312,22,3.970738825392426,0
0.18570136827253686,0.6564765905247338,13,2.3813867856975404,0
0.6037701272466041,2.6515183189473728,24,5.2593660308411865,0
0.21457315548991165,2.964375907350994,17,1.1942433436136726,0
0.27086714424947805,2.785150048520557,21,0.5794267764980152,0
0.13055530147057784,1.6224222580543235,29,0.2065569065565582,0
0.21504122618114124,1.9051443851732417,15,0.4617838257052836,0
0.9093946574607835,0.025914618629851435,1,29.91933133845609,1
0.358153669665305,0.9541152393117128,26,0.8673982077859818,0
0.22484893183755036,1.2234969399662556,23,0.5997104102061673,0
0.3490545034700906,1.378680025598464,26,1.3593344585675038,0
0.04910621284809011,3.9090940777960945,22,0.34713582496824874,0
0.2362153144499196,0.8532288340480234,19,2.3332749640090555,0
0.28830086002432,2.15719003059147,19,1.452849822518634,0
0.4647368974813526,2.8500392093858853,23,1.552120838269671,0
0.6360268699528112,4.5008345093557045,13,0.8547298056895445,0
0.7551088618395498,0.03589644034811346,0,1.1007067687492627,1
0.14978888990070727,1.3929473773321446,16,0.4543671653301938,0
0.34761124384748837,4.8100917090670805,23,1.355152650252512,0
0.05340856821387959,4.148883183815638,21,0.5695927310656556,0
0.5324515318550794,3.143678148424785,13,0.8666303793349797,0
0.4264179787594983,1.3056643868377504,16,1.2920454323935031,0
0.4792500016234115,4.002478100399777,21,1.644152848793024,0
0.05864182282661714,3.3122774610053884,13,0.7534827068924619,0
0.48791861648827584,4.9233386990143515,25,0.6569008831995501,0
0.20019157525308123,0.6358040826117155,26,1.1811958851066011,0
0.26230567551066425,4.765605589846382,22,5.1463818223755435,0
0.15385523626685407,2.2747403212634487,20,0.31540309529168176,0
0.3622473582387881,0.6517911333973507,26,0.41005648648389575,0
0.20074109775285726,2.4101867616357904,30,5.672439868134711,0
0.5924187741938232,1.5191271671559514,22,0.652454697828529,0
0.4715546473288306,1.4642500303455666,11,0.48369592377614057,0
0.3942472689113131,3.7444015163512696,22,0.4910378201399615,0
0.2228969558857363,2.9254559568164913,22,0.481781811835324,0
0.30598299977894733,0.9505144071409963,27,0.9722550949601786,0
0.1274938244994617,3.6282561613958326,18,6.894692697397114,0
0.1944656302316289,0.8702540771621339,21,1.0282955954822204,0
0.356333893339581,3.574825983751602,26,0.31628054233774894,0
0.17971270821497526,3.789567165936207,26,0.253216572728704,0
0.0786401610926634,1.5441383410217646,23,2.1168858632824348,0
0.21990503780358164,4.23925256939658,23,6.559907454606597,0
0.304448216014505,0.8612517905644502,19,0.9263280308951013,0
0.37169266482178076,1.2558783967646945,24,1.0114381828161607,0
0.35501604649267643,4.603880162970882,25,1.1218449815351457,0
0.2550181392949471,2.994967255913775,20,2.4984953352054546,0
0.1257265596468411,1.3298416759627574,23,6.917262593865863,0
0.19992833034564325,4.015646394379642,19,12.116859320238824,0
0.18104245314562314,4.0008340882605955,21,0.7576987867198787,0
0.6736724533706162,0.9759471667885611,23,4.199817368918981,0
0.1636248465945347,1.6807194239485612,15,1.220767997057781,0
0.1959097067520631,0.8129447780561075,25,2.2855289681213833,0
0.06310755502403645,3.5874283990914084,16,2.0894839597891406,0
0.6587632983126565,0.9774347394941758,24,1.1565293126681442,0
0.9074909782862014,0.16389972085041157,1,0.10734036327315667,1
0.1402745725654047,1.7885190261981,20,0.606588808920618,0
0.41158039878203645,2.2414246800621056,25,1.9120774156103035,0
0.17722593048839053,3.7787821491422364,19,0.2727608746795174,0
0.21981512391623442,2.8587649070464387,19,1.3844171749743301,0
0.11689728663229328,4.9327550954577815,14,2.9350693584162033,0
0.5742174439583214,4.140971538906777,16,0.35038015168731323,0
0.3919372123776024,4.13911136536616,19,0.4847696407877067,0
0.46873810341687266,0.975624647259598,26,0.7194210888100656,0
0.9002161029190748,0.03472354718884476,2,23.25512671856402,1
0.3754229290216886,2.279419499776237,20,0.7849438900868508,0
0.2034633065348826,4.859919706041937,30,1.4096492406792351,0
0.4160267206847526,1.8028975699576926,21,0.10414783658805221,0
0.2965595539575275,2.884073821617153,19,0.7131583444301887,0
0.17536384649954007,1.685205259040802,18,0.4860675432332137,0
0.45049553782415663,1.389850285167834,27,1.020056286008822,0
0.38360883838530935,3.540650253520393,21,0.7751104591102983,0
0.7465424970498045,0.02773256510778304,1,74.47743842723436,1
0.6190659748185278,2.684496390981315,22,1.1864727209477521,0
0.18393467613194456,1.649596725377164,20,0.15270809128053378,0
0.13944670209315865,1.130852446600743,15,50.203090621063815,0
0.0546315981060843,3.7958195698178265,15,1.2024586469984082,0
0.2776434667759295,4.1833256099062215,18,3.01176428233875,0
0.07507596083379757,3.500298715515593,21,0.8947782467921861,0
0.2388020976688953,3.686229546581167,15,0.6361195421546734,0
0.6027815144220545,3.0026280188605727,23,0.08586682871749027,0
0.3313122363635352,4.4151099367636935,24,1.6594783060268725,0
0.03261297320318828,2.415679493273437,28,0.5349307749908718,0
0.2787630713659654,4.950641217907117,18,1.6470090929116987,0
0.2273062209629385,3.898856393124203,21,0.5646944518467782,0
0.19538643714361847,1.3589018692315578,21,2.512861589764417,0
0.2564175072079881,4.644854770619054,19,0.8897599473037895,0
0.6281483922976707,3.4854949394112515,18,1.1437803382184304,0
0.4691262270949033,2.436336201639757,24,0.15143576524811608,0
0.10744607825056178,1.3161097125720023,18,1.112888415996875,0
0.5302258974531735,0.9519998490522856,14,1.3552556153763267,0
0.19214903013948917,4.712261143168131,20,17.774239708651535,0
0.1085124005391581,4.47371445127615,22,1.3494579053477713,0
0.12013297430703923,0.7846551410618106,16,0.9817971600355531,0
0.2900980134054401,3.0721355574130933,15,0.3416212290544908,0
0.305910509596389,0.8078804924450909,21,0.9595037246279833,0
0.42525250536422615,1.1992466488213565,17,0.36242431508919,0
0.0936456054202581,1.9136122106236524,14,0.4372832393883861,0
0.18144118123399847,0.6223052508172684,15,0.23168948485987134,0
0.4071514672959649,0.545719910053545,24,0.31258736219565264,0
0.2942593325974524,1.434333604900924,20,1.4887655361053462,0
0.5011916096332495,1.9372185011988403,21,0.5446043671059829,0
0.04291159388326864,0.638133299678652,26,0.7727770019801593,0
0.2999420602071009,3.2265356183694935,25,1.5674335777010564,0
0.15449580712140012,4.3861353720908625,16,0.6365684351562038,0
0.21963596791326162,3.4386031054451465,31,0.9114154611192308,0
0.31495064807372036,2.7930574759552047,14,0.4097832823377431,0
0.12378598961167714,4.17584276669464,10,0.8742428922989809,0
0.15794316171996303,2.3577528871533215,22,0.4326474562084436,0
0.31604938084578993,2.238588629640234,26,1.028133848220616,0
0.5557571539853825,4.701048579249835,25,0.5460291620209624,0
0.4177136988947295,2.6304985910476857,19,0.9331886064167573,0
0.19705397390012697,1.4402495406439084,25,0.7809535506783669,0
0.2147273209939789,1.6478300723890185,13,4.766614268024905,0
0.7434130836636419,0.04258282783914541,3,0.6251792089123865,1
0.22478014079853145,0.8274268649095645,22,0.29464433571433246,0
0.26598195275851816,4.944010913957709,28,1.0131829562990857,0
0.17330711666906326,1.9501642498999763,19,1.03689425300741,0
0.31350277590633446,3.070040652682602,20,1.3347635698805198,0
0.12956782999170421,2.469165139882055,25,18.262939359826003,0
0.6858149548327988,0.08796592737518232,5,77.1867934570634,1
0.32530758663667797,1.121963935582812,19,0.5394782708230189,0
0.026474427306245062,2.3379927793199085,29,0.43853261787659126,0
0.17894922216453302,4.363215693233962,17,1.107888882146967,0
0.302829016655937,2.501537362430175,22,0.4125606638792669,0
0.33868655213428556,4.113796842113543,24,0.405691656682897,0
0.40112502121309623,3.6779953890260133,19,0.741503707847865,0
0.9754577234727853,0.17869396922668312,2,1.18942666629938,1
0.06744652335852402,3.4628424315053334,29,1.202390441237935,0
0.9480290225122396,0.08259778965321773,0,0.5499957086809831,1
0.12001292755584828,0.8674589383102806,18,1.2582488625168335,0
0.22933092812174638,3.7058322245503375,11,0.11637952058162439,0
0.172820800363423,4.464789375950582,17,2.113814620288801,0
0.18653074902119626,1.309702932545167,23,2.5813689150254535,0
0.09643330978245065,3.4822644584434035,18,1.2372995624270988,0
0.026135745799564257,3.01350065164155,21,0.2848861620589041,0
0.21008141856227278,3.373380375738824,28,0.5343746375299431,0
0.16570751585534624,3.1128501389971364,20,1.0974333852761409,0
0.2809260567851061,2.325334774499729,20,0.682363238316935,0
0.9220233309834197,0.11434593103400509,2,1.2721460521151022,1
0.447109096178845,2.623653298129589,13,0.6955206317583515,0
0.2895045146178487,4.143552658456829,17,1.882083126129011,0
0.3613203010333017,2.760395230490272,22,2.3361495148522646,0
0.4652143013852716,2.952018475194825,26,1.6937187807116123,0
0.5086014406876495,0.7397599796067039,17,4.8521112415118886,0
0.3572722033614629,2.3803598482417025,21,0.25127860047397566,0
0.128612915558725,2.0852974986352737,22,6.857872590087279,0
0.16339149405757922,1.833921544687724,20,0.360022847577564,0
0.16733084229587641,0.6040944473830359,23,0.36621887142748694,0
0.4852356551988601,2.8565969736630903,18,0.49849499144056475,0
0.6639056627217411,3.0425483719014412,23,1.1402791314735747,0
0.24436234699263035,4.306408887052639,15,0.9283123223173885,0
0.5428167318288286,4.05903008395601,21,2.676618774649223,0
0.21707847864170596,2.34533112799974,20,2.4066003174473187,0
0.38844217829535005,1.8866449550964086,15,1.84031917389943,0
0.958843677283555,0.1997021759421581,1,22.560645991302685,1
0.6663616710910507,2.490591747503988,16,0.9547661863465973,0
0.14686456512132925,3.2334938492227616,22,1.580545418591234,0
0.2551466517979491,3.316667651174622,17,0.9661451663857774,0
0.14922172764313443,1.0265687295749097,19,0.39839278046400234,0
0.18045239726915047,1.8712588637021939,20,1.8035423776524848,0
0.24141053249663152,1.8753279220130947,21,0.7501455535193653,0
0.8193205218238008,0.19151147214997452,3,28.746924585513216,1
0.5843459150529593,1.2772757431417283,20,0.34598122975943985,0
0.27556872658121623,0.6752439442633998,20,0.12276667184822582,0
0.46268571406217823,4.831043554357566,18,1.3782994773240502,0
0.1614336505595227,4.458407957643159,20,3.302259278486,0
0.16953069907990542,1.8474593363749428,25,0.37480351317021043,0
0.4956408564646362,3.0444558904443904,23,0.26003396065959733,0
0.4125019022915334,4.575284988458373,12,0.4001043569119732,0
0.1205516573353721,0.6291241722279687,18,1.350137195088991,0
0.27871383122338694,3.9393485787310674,21,0.518817276764139,0
0.3881574024496746,2.9057577350253867,22,2.2255065981435966,0
0.34492535225928433,1.8278453079592936,20,2.1228624786994987,0
0.3723068688235003,4.158800911396548,24,0.19946978312073668,0
0.1428702471303718,1.6345333783888676,24,4.365319759537415,0
0.4095930800686457,2.5476198162608723,26,0.9865985196090741,0
0.39118305458135577,4.522790131419863,17,0.27397114821189106,0
0.4489134605152326,3.795062280912958,11,3.2206910110626916,0
0.26979504110829694,4.786716838749144,11,0.39523397614770117,0
0.24953694249580138,2.432953072825466,20,0.6443000993484436,0
0.4403716759711566,1.0637693711507052,23,0.4294017988278845,0
0.8302604113629772,0.15521975730493437,2,11.251169943690188,1
0.15396272778883432,3.820521878397311,19,3.978738142603479,0
0.18701967799021363,3.064201059574068,22,3.031410589714777,0
0.599157182994261,3.2815685759462077,21,0.35890757568979587,0
0.9012686820753718,0.010421482410804341,1,3.022976127123389,1
0.2505404405099572,2.0136486533076834,16,0.8841713537379101,0
0.7483493857641684,0.05237216196739473,2,4.646291214908894,1
0.8565047513895389,0.18139993624648074,1,13.200099959327034,1
0.46776115244144245,1.550001431512811,24,3.015313578334578,0
0.21670124807291727,2.9840864835839076,21,0.5814551999091786,0
0.9359491037267954,0.0425552809343725,3,6.073310548608539,1
0.24762191993326485,2.774359875460558,16,8.199182690114817,0
0.4515172971551375,1.5790361397103547,16,0.20560719953445444,0
0.31854281920070737,4.387107942945715,19,0.19518017646558317,0
0.35490540204010734,2.0226454614030667,20,0.7184166266845832,0
0.3456710449568698,2.341279806407896,18,0.1675043882726588,0
0.08548358225319795,1.4656093268880372,34,0.9417126729107407,0
0.032051447153868984,2.1841832922703097,22,5.822124949105247,0
0.20824356371072328,0.7490140917834417,19,0.24971785806648836,0
0.2820961409326549,4.861895718096876,20,0.35622697226862854,0
0.3539439844982481,0.6253383667072463,17,0.11749112908108945,0
0.13956942931308833,4.163439390256716,27,1.541253470744289,0
0.3420277523547931,3.1918409286026797,11,2.1521608199204088,0
0.06830614987460437,1.6254056680710691,26,0.4458469573221245,0
0.35375769515147093,1.2879528197467054,23,0.8436578730888353,0
0.8726566621582573,0.043914731077241344,2,5.14301245088388,1
0.35209184863279414,3.749064045771174,7,1.1061953821268684,0
0.29293501630555413,0.5633742518500026,20,0.47976092554641886,0
0.7457960266296081,0.1289408488125445,3,89.21968257131381,1
0.7752987984928964,0.1446910610669187,4,14.640040815965477,1
0.17775689588356414,2.318058499593203,10,7.939293043183725,0
0.16027435443525478,3.945247288925999,17,1.8347103377223397,0
0.34840591153946576,4.447216209293087,27,0.5321357063412635,0
0.21080294596219012,2.8887757106113297,18,0.2714553321742213,0
0.09072027390569884,1.2927516239274957,16,0.6277499784705316,0
0.5772136186038074,1.944569237260771,21,2.170052730820877,0
0.25569076337072016,2.5670519802555596,14,0.9539668300076358,0
0.2379043297951364,2.1205537028413706,16,8.937131931743467,0
0.5086634684377077,3.1132009862476635,21,2.63612537876154,0
0.9544811861988827,0.01350558072049434,3,18.83951757137694,1
0.2699585316101295,2.82361708447481,21,0.6279837749945555,0
0.8380691646591246,0.023181931177515228,5,0.33810310018473677,1
0.9115396374568583,0.13364966911908718,3,6.449175266735266,1
0.3355599547495899,2.655984455950865,14,1.3066903934895684,0
0.38555314783069145,1.230341719281673,23,0.740110219855115,0
0.4520675622962574,0.8516049345812924,22,1.362970735190221,0
0.6280063963221039,3.9097119754229603,15,0.39829409161196294,0
0.014621091146658514,2.4438770086940442,18,1.0915575430400695,0
0.521822139182829,3.81408282093821,18,1.0924037202934238,0
0.7317601690391438,0.13623452390563826,2,3.544826332622742,1
0.22597072742305535,2.0987532850618544,19,0.9201177386485826,0
0.17113216802902864,4.549504024487726,17,0.6715877008148233,0
0.3275217012458515,2.3794553944813996,24,11.456403065747045,0
0.35950401684446864,4.082697648806086,27,3.251341997218451,0
0.6769195719885075,0.10530833384902885,0,17.450474115010003,1
0.07756181193099405,2.5389274937596658,23,0.814349270117931,0
0.4207697095025123,3.933413702655905,23,0.3399714592500957,0
0.17566350746047335,4.402259934801931,16,1.255929120542209,0
0.5516406333960564,3.2536935083668106,17,2.1188813186567272,0
0.09131731624194202,4.026143275909491,21,0.26751859963206126,0
0.25574389910342155,3.4133367485639243,20,1.2125818155111687,0
0.05702405693452161,2.173994715549839,15,0.8829207105224446,0
0.7600244292680564,0.041867915478405855,0,10.752727123216141,1
0.9242230928218952,0.05446059642561268,1,38.329142439453044,1
0.4529574671424159,2.2897950803563374,22,2.457108111260076,0
0.6438093974358291,1.1570665791741395,20,0.052067749270937366,0
0.09968592724852446,4.380617859015949,20,3.15932721812042,0
0.2111093184542418,4.692226207194298,20,2.341356042274256,0
0.24613558305609448,3.42398312472608,16,0.31466651565119325,0
0.12083569715393963,4.726487628217609,29,0.4180499434363206,0
0.24641109128357225,2.1207812970692355,18,0.5113855195869196,0
0.26273800665327784,0.9603624916854653,21,1.2456520223570047,0
0.14262032369196398,2.633290987426933,21,0.24759407706711542,0
0.2764075513469455,3.855505356072471,23,0.6731535293397223,0
0.14526848897238262,4.655792959624945,22,4.272230258627386,0
0.24812449098621542,1.1760767459701207,19,0.3921146408537322,0
0.829784413053286,0.13345660274325513,3,16.124795698917396,1
0.23575853482146975,3.5565774073534295,21,4.611781586485836,0
0.10857125047252958,4.6841081686410435,23,0.463437248853962,0
0.28241454736146004,3.8702601189054957,21,1.004621298666548,0
0.41652587730876,1.2409712680368117,18,4.598519657712848,0
0.19493372089073563,2.2539053225772547,24,0.29081528940753515,0
0.4867302074438728,0.8338924480865576,21,4.568992987982046,0
0.1840584930452578,2.2199195112744365,22,5.046904606254385,0
0.17452562324842902,1.1323310667966568,23,0.7257508360848022,0
0.31150774459081226,1.6304240734677395,18,1.0200018264682431,0
0.3460304579734107,4.934368400118199,15,1.6415538758208261,0
0.329555711276049,4.59504015052271,20,3.1602582851276524,0
0.09867913663717251,3.713301296039284,17,6.55379847499039,0
0.19191610331576212,1.0412964617741087,23,2.037396605074659,0
0.6371019263028389,4.428845117171258,18,1.0090118195239157,0
0.35064471745021125,4.951128977492172,16,1.4110516743176682,0
0.21293161160632507,2.771183514254779,15,2.1152840187327855,0
0.18581728851030385,3.3602455717973077,15,0.8541336029499391,0
0.24885087512500023,2.997090913429387,20,0.5454264204707995,0
0.07263830066601504,2.820892978978886,27,0.5827082024664793,0
0.8169308768962078,0.14068610591506983,0,9.261359903007614,1
0.6287266075281245,1.1252177414732167,19,2.4014183581104676,0
0.2599930689092282,2.510170331820955,30,0.5016490443875277,0
0.08609754128658482,1.3803036997610527,21,0.47103853865762224,0
0.21200803486424546,0.5853454378945118,15,2.0557665618943246,0
0.35900818090622005,4.548380147713465,23,0.11987896734398273,0
0.1813252547940662,2.7167994232566124,18,0.725711979423713,0
0.30730564922596926,2.7133030798207147,21,1.3646179884326877,0
0.43892073306239243,4.9494009261851595,20,3.1010602374199254,0
0.5226975576104059,2.049440662471608,16,0.33279753283218916,0
0.29640825268708504,1.9979395271269105,19,5.248991332060307,0
0.3338172633725791,4.367959283887045,18,0.5258756984563446,0
0.2543432923808222,2.0351637640557234,22,0.602576261049743,0
0.5367149688382369,1.7312362672607124,20,0.27171638159401573,0
0.14727878162170682,4.924534967473151,19,0.5872529819418184,0
0.3592740468690236,1.0781900366337798,23,0.6045834419533122,0
0.7960631674660495,0.18376601936299136,1,6.2273055614720185,1
0.008987376123375563,2.5339132742537647,25,1.4781255544289047,0
0.14848435345660208,2.0865942362080414,14,1.9647494405220907,0
0.648716693596008,2.9426053600070516,19,1.1848623131918763,0
0.22523096836733011,4.558045250284935,22,0.9853702634464272,0
0.33103783683991844,3.0815353492606254,18,1.8404402140186213,0
0.2470537239630746,4.004367093662417,22,1.3862459854458427,0
0.22860235343767593,0.6704762349889588,16,0.4806720687427063,0
0.13990374750766563,0.9020355237682822,15,0.3557645221342308,0
0.43369697335901675,1.4644972347453185,26,0.4335397143981484,0
0.275584559689697,4.140602585811656,22,0.9442610508138791,0
0.38177812769622976,4.155217966925731,16,3.2924089594177413,0
0.1597863451917315,2.185394943999782,13,0.1897126934485913,0
0.3730901923837807,1.3428925920248032,19,1.444464396413582,0
0.1488528256930894,4.154994817092154,15,0.31699239795739365,0
0.3041805285123555,4.903323583643841,20,0.11021532315313341,0
0.15053807092538987,1.8914135514600097,21,0.5871382683251476,0
0.1524084656395819,4.029096968074004,14,0.4515196362015772,0
0.06893245826943248,2.0808382033819592,16,3.6800602678532903,0
0.299747801298161,4.127336089671485,19,0.5475694198040774,0
0.6060109974557879,1.3439670416626974,13,0.7685461180482323,0
0.5663562947797571,4.3073799849100425,15,4.8188473497018105,0
0.445981082837421,0.5569890670081974,16,0.3849886519806926,0
0.4353616150624096,0.8543958152768372,23,0.9236616774276211,0
0.036826590788724474,4.770724414337322,17,2.299091270823211,0
0.13652271049559397,2.2939963179300213,26,0.2997075728488691,0
0.4765681198134918,1.4669151503920412,24,3.872029294063694,0
0.7479895269841838,0.09273197831523282,1,649.4968295048225,1
0.447207590599005,2.4637882677163034,21,2.7085679872540616,0
0.40777977249053504,4.606648074406447,12,0.3924912208740789,0
0.10511873983243429,1.0093681732961963,20,0.6931593332480546,0
0.16096537315898263,2.1787052270254623,27,2.0068088547428244,0
0.3693374860492615,1.2733930578152257,23,0.13852899566034627,0
0.42029162293621153,0.7985619472016889,17,0.9979947172939855,0
0.13410762815491328,2.80874571816485,21,0.28828131552260805,0
0.15979954281395226,4.279331483842262,23,2.9291224753649296,0
0.2021518971346006,3.7309915656582335,13,9.83689000927449,0
0.2030383687911819,3.974214242604332,18,1.429687741159408,0
0.2801813743838831,3.1512361438729153,29,0.5526814637526456,0
0.16214466088877566,3.966514935208487,9,0.49419697479140606,0
0.08429598656150776,2.6944851418174953,22,2.0805163198060046,0
0.1302820125218115,1.97114484738802,12,0.8606676318329974,0
0.046978427097226196,2.970989807770377,17,0.8932336329700211,0
0.40586725197118567,4.53000395314437,23,0.06149950389617305,0
0.17109969093027272,4.831541505202449,19,2.55663496202776,0
0.6894291506308661,0.09699676103306229,1,4.6195085966330796,1
0.7614236958195622,0.11885620813387099,3,3.138642138171829,1
0.20930179451976236,4.60644376790703,23,0.8290161308785284,0
0.5284356947809149,2.6468578629576696,13,0.5772182715190224,0
0.8682897778438793,0.05155540184841049,1,0.04913761592862875,1
0.9106215906085391,0.10426837149503677,4,7.193835403957495,1
0.1703942980754542,2.289392913358131,18,0.9713231651332099,0
0.0613844307683705,4.240792019656359,13,8.307031824920855,0
0.28009897965050423,3.657508758391553,24,5.228402585661435,0
0.8441259844981277,0.018815725235965065,2,34.84558767435594,1
0.0888660312563054,4.0913516798521234,30,1.040180095131686,0
0.3046583099857385,1.728753682524645,15,2.05805237387286,0
0.38354248941662483,3.134439482229729,26,1.1853396170422703,0
0.5081708565708807,3.7862088512045102,18,0.5535654285088628,0
0.4202545544421511,2.6508580727680107,19,12.938764275152662,0
0.3247994345962679,1.1528281796283109,14,1.0215244804113373,0
0.3120984597196666,0.7115052491578501,28,0.7573895662124018,0
0.2730759320030224,1.9544848461928832,22,0.2646516016049525,0
0.4997330982146282,2.0825378591170587,20,1.6896834886379795,0
0.28174548286876344,3.0012872686001915,33,1.3824384940702246,0
0.6241007568840224,2.1075106746569987,19,0.31969267971995796,0
0.28087943297351575,0.7005273730406387,18,1.873073361389422,0
0.2905611149753179,1.3788955973032078,23,0.3289827564618551,0
0.16335717793484383,4.5418965118080905,26,0.4481956819772598,0
0.13622145228230115,0.9138640400595699,21,3.8871870101489696,0
0.31756771649855847,4.092322691957292,9,0.33393144190472407,0
0.1503159560112511,2.314298156860744,20,0.18208019047126106,0
0.16623364528610132,0.7728083126546557,17,2.9112121606808627,0
0.16944699416316067,1.0421383389349614,16,2.386829715009204,0
0.22373425753860937,4.670480207214192,19,0.445937980334752,0
0.19848222827545342,2.9683775268229136,18,0.3681484059508626,0
0.22861138017391985,1.7863895085201908,18,0.8164531926065003,0
0.4772171601784426,4.490901881824604,21,1.0111116952542947,0
0.3047258471325129,0.8566443733964852,23,10.417915333947242,0
0.42238259203457396,3.246581920446913,22,0.9642029487731864,0
0.4128295203957838,4.320800938039308,14,0.25341438623511936,0
0.3918454247916218,4.587299162619259,17,1.185283933786301,0
0.3347614872018616,3.6671717493860703,25,0.9381743618678143,0
0.5311754842368451,4.478334615249031,22,1.439623948397942,0
0.1682798177976757,3.6503365115342743,24,1.0571333337466453,0
0.43436646601046,2.6650265830735522,24,0.7167307674155461,0
0.29211975523172384,3.7449621568110705,21,1.508541018850866,0
0.04087326280213841,1.1496844923605616,23,2.5546378796237144,0
0.147312663169149,4.379047341888878,20,0.8465776854202007,0
0.10945025064311824,0.6353984587303294,24,0.44826875416710765,0
0.19030095150156026,4.573186530469675,21,4.244824684824986,0
0.19195198243525882,1.4888330694727951,31,5.794962843611135,0
0.33222622165830634,4.02053622865633,23,2.9258910253517696,0
0.4823250238495405,1.702573484238868,23,2.1646228723665306,0
0.13766616657490657,3.282890625510516,16,1.3172556529794601,0
0.026004927427201254,0.5080503659020404,15,0.9866963691548062,0
0.5611249434891057,3.060274893646414,23,3.5744906339816502,0
0.47763758714241306,3.2687811357728567,20,6.380800611093955,0
0.11879126533813934,1.0583216716535542,23,0.5967482960949252,0
0.4012612499306773,4.027191252257133,24,3.0292885099653444,0
0.36845766091676413,3.390908236237715,22,4.011126354215058,0
0.36185739990625226,3.2397991672230715,22,2.0927183306123496,0
0.3270671525961696,1.7579171857251619,25,1.4252825860629994,0
0.2613408515913078,0.7967074168614758,15,0.6316786476721183,0
0.9787369607432989,0.1604002019076076,3,2.5554774224217702,1
0.313808813008223,4.90536578360894,25,2.623198697951823,0
0.22790021300985847,4.8875518235504645,24,0.8895803852887143,0
0.3688787374856321,1.5088221590999855,22,1.9927023276922264,0
0.28506814595178337,1.7273846026452138,21,1.0841012800538221,0
0.1796100475952532,3.3008930077683862,21,0.9086763510993972,0
0.2964288482796177,2.9741716426435385,33,1.3502558000789207,0
0.1288422948928826,3.747302431955507,22,1.4786757528347563,0
0.31491678767170467,2.130211509392108,19,5.105763337508658,0
0.18534098148465492,2.8324354148106368,23,0.5761092408317199,0
0.07035901895615325,4.367703917827248,25,0.2759287955912126,0
0.2188789184702902,2.327394052464746,19,4.525284443901694,0
0.0758153133409373,1.0503984091697427,17,0.09914155805813331,0
0.5394834357684841,0.9558223993589441,23,1.2859729369049024,0
0.46071749243015686,3.4844963014052452,17,1.4804428478870686,0
0.5044719624831646,4.769272496833437,17,2.0730407388861094,0
0.2470574225183116,2.8896067802989447,29,0.413118551248187,0
0.20694551649595974,2.810769908587895,21,0.701024395666131,0
0.06345113761018736,4.810370753215514,17,2.3172211949460566,0
0.29749271469219457,2.2530259945547604,18,0.4508446304103847,0
0.22921677707460192,3.093096230655393,23,0.13763720682343097,0
0.18492820310021163,0.7577496746828947,18,0.7065562228805907,0
0.06704810831444537,3.894746526036999,17,2.2892144893441366,0
0.1528008197696909,4.530620429183477,15,0.7645169125235346,0
0.3086845867678827,2.6622162685283404,22,1.373913614636404,0
0.07077345832083494,4.531016701083575,12,0.6730050830316057,0
0.9385496084479326,0.07212863319246034,3,0.07808795258672843,1
0.0742850926666372,4.773676698704638,23,2.1090873705289503,0
0.4124600475196336,4.891108174750429,19,3.9941132567231854,0
0.2129011456777855,1.6220895986015895,24,1.690821920754315,0
0.5463868483933644,0.0534409318634662,1,0.4822489866715437,1
0.5607925297810485,1.9494718728958147,17,0.19936032672107534,0
0.32401018358172123,3.2076679757565802,19,0.12826999226841984,0
0.26489716653730844,4.554173671837174,22,0.38201197887630695,0
0.26673945208978894,3.7286569289056968,16,1.150807562879574,0
0.09106583126896346,4.480919138653476,21,1.136627793952858,0
0.12664487992204362,1.6447613854852106,18,0.027481079207591387,0
0.04796978340609326,2.550974543342718,21,0.38444862102263666,0
0.10008642239854654,3.576163361801609,17,3.5229554025117955,0
0.5559990419166667,4.98122469943611,16,0.7334809225108602,0
0.07891313786695518,4.0192045067838755,15,0.5249029259998457,0
0.20291627706590046,0.6488755997824414,26,0.36902898205147416,0
0.5418334831270347,4.098655769332002,30,0.6255837067383699,0
0.09718491421167888,1.6686897409804375,20,2.905563745942514,0
0.43282655517193475,4.2273501944347,18,0.7455281002705858,0
0.23860197261534674,4.085096538900969,22,0.6585601719458457,0
0.41028955991201177,3.661137084372313,25,3.184040984842286,0
0.12066153787058678,1.7223679075697917,28,2.697060596524975,0
0.5019456230427296,2.760916280210105,17,0.6156388017487452,0
0.2902545933131031,3.3167926643621026,18,1.180360199181825,0
0.11738498361983857,3.9675268031845192,19,0.6534383610738373,0
0.3454437619668523,2.2575728714954524,15,14.551288061251581,0
0.6352947945680932,1.9623604096205414,14,0.4057422973500203,0
0.276275580942762,2.241890077191477,14,0.7670796657642441,0
0.4894478425426613,4.0240265367553665,19,4.5901547995049246,0
0.16137009587827178,3.808267261751388,13,0.6058052047588254,0
0.44387484504627056,1.5725022110303142,19,0.3041977763348538,0
0.12523217920364824,3.6232962656426624,16,0.3056911728836322,0
0.301457528883793,4.328745430008192,14,0.13615894726726996,0
0.1898827788784512,1.1867953931015458,21,0.5394951314922957,0
0.23744004672014477,1.6733067097390535,17,8.87672455355134,0
0.13350620886014272,2.8263807280014293,26,1.1712894611343865,0
0.42065212747691827,0.6623652744909255,17,0.5404749277328178,0
0.12394642138316848,3.6221237263334554,23,1.1536786084507906,0
0.03665713368744474,2.128636227802187,20,1.6021234808426483,0
0.779651735317059,0.17338226448845506,1,11.09461836969762,1
0.17965943260915768,2.4688949119921455,10,0.5745458659971276,0
0.09572737755420659,4.429255112444705,19,1.9613889354537852,0
0.29183981838899153,1.4385802967480124,13,0.978057575372081,0
0.10726527291618217,1.0241668543225366,20,0.5116882057398282,0
0.20265358156559457,0.7523556458207165,20,6.059003483028257,0
0.36530650203521364,0.5692093444953388,27,0.8034791588048436,0
0.10712433351535093,4.669615694827316,24,5.597634039907748,0
0.17506040239435788,3.6577675270402996,23,0.5027043796017358,0
0.2731959183042824,1.492111707364473,20,1.4404984422896594,0
0.1681480259516878,4.18398969017135,20,3.5292173391262778,0
0.09842277290872618,4.8993535635590275,25,1.7641980680957166,0
0.13324726934691905,1.5474282478201886,20,5.522371399144154,0
0.1451014018485899,3.466115265615012,22,3.0707417274965145,0
0.3413938312228142,3.283700635813875,15,1.8209726262635948,0
0.12014151622449395,2.615367368245016,13,1.8347846885117443,0
0.1810451674790609,3.154090779900462,18,5.409216937867583,0
0.15879572555540689,2.763548428560884,25,4.519446380708074,0
0.29147644018154084,2.663248857901255,19,2.1025361463662473,0
0.9726189260668698,0.1903625157094499,3,23.829535588288117,1
0.4911174568237569,2.716589927990674,16,1.1114588637422351,0
0.05319527006170236,2.676444832732942,18,1.038992062472473,0
0.47018441658476284,3.7474935526448934,17,1.0704250107199689,0
0.25160818009265895,2.3047590226671844,22,0.1461783462343026,0
0.299334092777985,3.9489843900807164,19,0.3816422955652623,0
0.31641083078127025,1.1309701388719888,15,1.3255793425305704,0
0.6461265070886684,4.696909122945952,26,1.6152190069568129,0
0.18071388076313916,4.193624944327958,21,1.4624583835916936,0
0.44020468166026044,3.706265138271734,14,4.2664984045158825,0
0.24045219548726163,4.657039199707258,15,0.5609625181599034,0
0.1425242465090359,4.263678165727426,28,0.18708681899110408,0
0.3020842432705746,0.5143548215792544,16,4.252659076345582,0
0.2588221965431915,3.1263560667076815,19,0.26208430058272825,0
0.4680892809544891,0.9044218244707085,18,4.4530415513202275,0
0.2890406217250984,3.722875685014472,13,9.363127655800273,0
0.4791181094915379,4.492393030753785,19,5.140333508504546,0
0.20112508297367826,4.689875750320817,16,2.901317506214718,0
0.4871021326192879,4.279378917316079,19,3.2951084785393108,0
0.14822452547164258,3.776899281468392,15,2.257538308749949,0
0.6121169482452391,0.13429947473939363,1,4.518077978191235,1
0.4917149330852688,3.5825205372956903,20,4.504235342492221,0
0.8875799355974558,0.07078884186347667,1,8.609684459243665,1
0.009450583560745058,0.7988511834988063,14,0.26104225447381496,0
0.44555754412708193,2.741739152041961,13,2.5658399260652875,0
0.01562299999190118,3.2241039380106833,19,4.216459715872378,0
0.31085676508940996,2.5159582506962366,23,1.0669149088726986,0
0.33738425764345803,1.4830669752441592,18,3.080827976412825,0
0.27253595438692113,2.0500555374498086,20,0.30769337523469,0
0.28849904331043214,4.917491166848005,18,0.29624933964971983,0
0.4255548481757525,2.223270514555031,12,1.515688869694738,0
0.18836110123550998,1.4830254149837745,29,0.6972520988593234,0
0.1974050534274591,3.712353581878858,20,0.8150489685573241,0
0.17954001335238326,1.4925847529958023,23,0.6944792631635502,0
0.04409790088232788,1.4722372578349323,19,1.1190947331070806,0
0.2389066040133718,4.014916542592843,17,2.6780102878392924,0
0.34644056446247123,1.2959658664934193,18,1.3049522456560232,0
0.25435441780753487,2.436805296339758,26,1.6543435119294718,0
0.3279508869494122,3.2334258121129493,21,7.632870127066376,0
0.06230945295597003,4.038059286504447,22,0.557230422949461,0
0.2569491156431554,3.535259722530208,20,0.2971106120866756,0
0.3309844663504486,2.747183568572876,23,0.27536350163719453,0
0.18826139140835543,3.6760163779818447,23,0.0692140011927656,0
0.06051640118689217,4.278085406715697,22,0.3867958280433545,0
0.058884205101247505,3.5854447337781163,18,0.46057306994768704,0
0.2598558129067186,4.4923238592911465,28,2.3300726687645605,0
0.20532078999943537,1.3612105592029409,17,1.397782345389874,0
0.35366627033271725,0.5633749435205234,24,0.9845643024440037,0
0.5052773699473053,3.5347691180310097,19,0.5490934500303273,0
0.935612066208045,0.18396993111894777,1,2.0926867216408844,1
0.08226116015435356,3.694866123007108,24,3.9960436791461373,0
0.343659837300561,2.1762491888769246,23,0.5675164637390105,0
0.15680501536998004,2.236270787239858,23,0.28539578987856645,0
0.44582389049324544,2.8399350171329525,20,0.31184444794629657,0
0.10407869068280937,3.6627134574225906,14,2.122156038792424,0
0.05358356658418624,3.5749963260960134,17,1.8224778451484918,0
0.7063838742172932,3.1012311380819195,19,0.7532921082629978,0
0.4741898431413957,3.0532064031110138,22,1.0044303355981075,0
0.11793815565236866,0.8329343605023216,17,3.320740078200823,0
0.21382081679963683,1.3100079515359515,21,4.2415726961606435,0
0.39183842497237775,4.651543921152576,21,0.5884675665524949,0
0.05764982587744772,1.2861372196077228,21,1.6407328718387124,0
0.3270678924125541,3.785388239053709,22,0.44022110718793456,0
0.08325522308453297,1.14571034829748,19,1.260262784662806,0
0.5106852605295622,4.143353981341521,14,1.28081333570856,0
0.32854731307919194,3.9430707468169377,19,0.13468887481747793,0
0.203079260608451,4.75626789845002,19,0.8243769520130952,0
0.7581991920115562,0.04871511993830932,0,4.629262042400762,1
0.2274613136169862,1.3572181456736774,14,0.45340390359454813,0
0.4353100659705793,3.910187833808454,17,0.2705044704851371,0
0.06457551539077402,4.785774982385514,27,5.082270757325034,0
0.041187680144550695,1.7106928933176713,26,0.8453189132919339,0
0.18163056802331007,3.0538924362497304,25,2.934011778770978,0
0.2259865163336075,0.8219854660390215,22,1.5957337516443164,0
0.27675168834692837,3.0938583237357795,37,0.5547207258247536,0
0.18066271528065697,0.979686677183586,19,1.8918998993065377,0
0.5776840179353401,2.0954003115794997,28,0.7917947544784188,0
0.13693203012374,3.1856144658510273,22,1.768143725655747,0
0.1785021365163043,0.5320773513161391,17,0.28083916474049847,0
0.6601049513194354,0.7364164142660113,21,2.5965295691034465,0
0.8965943721562382,0.05469834657307808,4,0.9020154574420906,1
0.11389913918493508,2.4388447385331755,24,0.2141997012875648,0
0.4329551525932957,2.313174571076307,27,1.148829117428175,0
0.21908185019619175,3.6895358178736495,24,0.516726292676833,0
0.9645951181951139,0.04881125579102713,4,45.006301657764006,1
0.11879305831436503,3.6662227726023104,12,0.3120327261098833,0
0.11019258197174152,3.1459984405570234,14,8.004484953139833,0
0.20710231529808293,4.116922761076232,23,0.2908581766055868,0
0.4054794491774963,0.796125119018469,29,2.947754338879904,0
0.12784832049143022,1.237139223819243,18,1.4785980331859137,0
0.11163727803738789,1.6298776044848553,14,1.8733644403810743,0
0.47532109352561613,2.2806725055324346,21,2.307049056496645,0
0.9051939289199797,0.18793800404605404,1,3.8294396393804564,1
0.19495379365802112,3.477179308123463,19,0.4327903774215443,0
0.34508177812712626,3.729737645860917,16,0.771313559572412,0
0.248918516826119,3.2533186032044736,20,6.983611601787131,0
0.7718772893419009,0.15021346244033562,2,18.113045173400433,1
0.4408147347006574,2.4898560377777947,16,5.162113391089401,0
0.24526789168866636,4.07689526953248,23,2.190565292806398,0
0.47928295683045663,1.8813759373171348,26,0.20594659953070615,0
0.4058493041555419,1.2539189489536082,26,0.9831121429776658,0
0.0941431411723932,4.787230510422103,20,3.2587443580953206,0
0.22534273965284096,2.140709581746182,14,3.703785148591934,0
0.49928720831495893,1.3180166743762785,16,12.252421594668274,0
0.34520096631453745,3.385932144888711,18,0.5552330248588265,0
0.46669562039370194,1.5991416383183814,22,2.1314897922686047,0
0.0856025285615248,1.3746962336263715,29,0.39450658702029245,0
0.2373650395649548,2.9920324988826446,17,0.4361876353546486,0
0.6286212797269004,4.662463493171434,23,1.1443697137264053,0
0.2157054740242874,2.3991820356561497,22,0.6986695612989114,0
0.299172737350116,3.550663129625182,17,11.53251573763182,0
0.37519277330627426,3.6010828301778757,20,0.6346681884322206,0
0.14023750332639529,0.8665275477418881,18,0.6340175016805678,0
0.2329361636878455,3.6348063528595604,25,0.6734481174912422,0
0.1014377670204155,3.419142645809862,18,0.30560752295239796,0
0.27214318149747774,2.618581658196483,19,0.27895866784508994,0
0.7239071163128793,0.07598978401007875,2,5.483945294258318,1
0.23113273919429125,4.068006117689196,24,5.247702614935472,0
0.16622799387348433,2.1751099961732887,23,0.1273980132975106,0
0.21233101889894118,3.408274448502814,13,1.5666256712471491,0
0.6816490427499563,0.052297258760464586,3,186.66074950155615,1
0.39295358080981774,1.7989766286351259,21,0.354089789272276,0
0.20689809164363115,1.6644356210039353,17,0.3541191494420228,0
0.1690000722821784,0.8755527940972823,25,1.7113033730884506,0
0.2015441960070568,4.156426754625954,20,3.0504267224452173,0
0.531503925943258,3.3765542417649512,23,0.48126206363087853,0
0.10870802427441956,1.3639340940967544,14,3.53722685628063,0
0.7247339346868514,1.381273511319646,19,0.2434359849536976,0
0.14972865283271258,1.9267214988061634,20,1.0541715761468968,0
0.2452077374811693,0.8758446252306327,17,1.7471803429073087,0
0.42159920814854923,3.434224765876749,19,1.2140487144705934,0
0.3687651430539821,0.7070312086634571,15,2.558664409312475,0
0.5167862043186535,1.8419454736290932,15,1.3966971357093492,0
0.1810645633286835,2.0537622524045775,18,1.5449330200293354,0
0.41442584455853065,2.1353077317817317,19,0.39294612906389065,0
0.07516826942597077,3.2761367399522836,19,6.832702672808663,0
0.4590449483403028,0.5144754799388955,14,0.2851833891289626,0
0.4768431839079426,2.472779591654984,30,0.6784543573683788,0
0.7647112879121983,0.18282972377356574,0,1.2624488843470205,1
0.36174180325696925,4.3912295306972435,17,2.6676033660893608,0
0.02271532001730399,1.374866394264909,23,0.9171094685661947,0
0.15598729189677338,2.5194654052113603,17,3.1639390152600297,0
0.43669167998914654,3.7421929035898684,13,1.71279040033808,0
0.0554216831809014,2.6494514120103188,26,0.5811436796432217,0
0.1530231050193569,4.550604911477954,19,0.21189840269694477,0
0.9131072552632052,0.06549256775548697,2,9.782408404721755,1
0.24596038832018707,3.2264390921863537,22,0.13090014757640778,0
0.7214664597007316,0.028853214095684386,4,4.995921687606081,1
0.08495931848236547,3.954264161686324,27,10.647104225652372,0
0.05175806479599134,4.035119599493937,14,1.6453462491585022,0
0.20395730231663764,3.1944684583948586,25,0.3118876489702828,0
0.23738598662132346,2.054571780074369,15,1.5365304978430387,0
0.5826099727828304,1.5426259067838943,10,1.1516116404068109,0
0.46967438614420015,1.6656338073666463,17,0.9798070672046937,0
0.3163186757833563,1.8424566952343686,21,0.5391275003361476,0
0.8172949278961678,0.04254566748249564,5,24.066804013568035,1
0.29923404543440213,4.026408493983689,23,0.1263132421735373,0
0.2705662718669327,3.157061696795536,18,0.45220411233330016,0
0.5555870500227278,4.013293174450812,19,3.1201394063922945,0
0.040414267069022396,2.9051395570285066,22,1.9439239067841978,0
0.5825064763744993,2.372014675517417,23,0.08996574464401068,0
0.4507197568800996,0.7606460955528398,27,0.17323139502349919,0
0.050313015986314234,1.94807812180346,15,1.2972468155127328,0
0.30384265937442767,4.360576296000262,20,2.940870965954508,0
0.2650554508226783,4.567570504871367,22,0.44741995823147196,0
0.44776545597050926,4.85515108949251,19,1.061167218878256,0
0.5576862547025773,3.8575324234278763,19,0.21546194312839775,0
0.21191804177787463,1.5386140311240257,18,0.8164889820895606,0
0.1489425618645253,3.835893163844687,19,0.4224431658290016,0
0.5028632925944292,1.0604336544090938,17,0.5853836347627598,0
0.35181090739608545,0.8552503792185947,21,0.9327288315864327,0
0.09597985893150787,1.959513566793755,17,3.056644336650789,0
0.21200054926165607,2.487122403266535,15,0.11351892167232466,0
0.19547497066258518,0.9773703998378986,18,0.17117971849055758,0
0.07771757725748929,3.986242257216503,20,0.34402246768910066,0
0.9000147550615408,0.12850967081640605,1,4.85436678496368,1
0.5785735529819345,2.1323662362391858,17,4.120807377034457,0
0.08212970527631924,2.5528232950364984,21,1.9321731929491173,0
0.24698091569237188,2.193395496143276,26,3.799187989130189,0
0.3138989840372556,3.520660216794728,17,1.421668566536998,0
0.28502390885216417,1.039402673453616,31,3.2042399891192974,0
0.3789684080025988,1.540061834627483,17,1.331775500742628,0
0.3216329157630611,4.525886388932572,22,0.1350901828942333,0
0.46144032866748635,3.670448603680906,22,1.6154622568865054,0
0.02783315236897653,1.6899675557505276,19,2.988472827704907,0
0.19024867688461244,0.8095561107664009,21,2.553370985008767,0
0.14774361517154053,0.7587027592555062,25,0.6085606746396476,0
0.24977084347409487,4.414862543712083,17,0.8405892007942696,0
0.3222924064372714,1.920173476288251,17,1.9669400345706254,0
0.7404489829773727,0.02256933956400306,2,6.636913499345264,1
0.2891113218258826,4.551259932382719,15,0.26757773571317955,0
0.13880403932431734,0.8368664030365646,19,4.406185016805074,0
0.4277227747416865,1.8488197479024198,30,2.4916543562339895,0
0.8938199487293857,0.13190686369309934,1,8.09366887187127,1
0.4106637142002054,4.412667713931265,24,0.3440335450904381,0
0.13946225693107603,2.9249749352439167,19,0.15386740346633895,0
0.294380110909787,1.889258127621375,22,0.5505318748780156,0
0.717097630537476,4.657906747946075,14,0.33155927435347476,0
0.05790215942397057,3.9270319385409844,13,0.5897596257870327,0
0.11082654879684087,3.278093502345092,19,0.464624581803854,0
0.17541831502658345,2.2519268954099503,27,0.8599153881112427,0
0.33566803893757585,3.0840998057106446,30,3.7205138277341328,0
0.27580596587669914,3.4146148434231995,17,2.4658774638941234,0
0.08577155000062323,3.1885762511559155,18,7.107756085864496,0
0.4744560974259383,3.1063324228993343,18,0.7942505220857694,0
0.5208374651305677,3.68465170022275,18,0.32177712842006945,0
0.23270770168263225,3.416642201168789,17,0.3348950242538634,0
0.2750940240327696,1.1217618214656608,17,0.8673337917710753,0
0.041038086581001526,2.8123383364805745,11,0.3831655036765444,0
0.30326139755732134,0.721647436534202,21,1.217294880256178,0
0.13055514650431232,1.7312725898522279,27,0.53123216846021,0
0.2451712739348792,4.881219094207088,27,3.0654999751691356,0
0.08032026466677068,0.6904748926191556,19,0.2748997614378272,0
0.17343993136853192,1.6816538149346947,22,0.4198431253325629,0
0.15203077515217336,3.65566313586712,27,1.0718578769986857,0
0.1454956532664412,0.8539774089875518,25,3.5368411648182305,0
0.2328047535032339,4.8589455771426175,26,3.5590153026972535,0
0.31250231863527134,0.8613263998242291,25,1.0879827390055934,0
0.20151389385697327,4.73371130827723,24,2.3461198511114163,0
0.18494132682827835,2.8587584000068658,20,4.271359548377101,0
0.376978103908449,0.8281794497286967,18,1.6540014188847874,0
0.30925110374976883,3.6868757317613996,23,0.7126329418048917,0
0.36783747392994887,4.4117939880291415,28,2.030027754473436,0
0.27127823209643814,3.9793705181083308,17,0.38389243138589235,0
0.2802183741410418,4.210789055022413,19,0.5851853781722318,0
0.3233696325120433,1.0595855312196616,18,0.8948812904747031,0
0.1508313302035493,1.5259305542656383,16,0.7742244682480187,0
0.021120657078958185,3.1790319273638117,17,0.40380091138253577,0
0.4982052796447145,3.949457984336492,20,6.26670784534843,0
0.19897733781620852,4.664283640666278,13,2.9423947657619225,0
0.09014013654315153,3.239964294292663,18,0.23394500520546763,0
0.28583807507077613,1.210828376487867,19,1.1957467750768664,0
0.16990269084937834,3.1197215348042615,22,1.4280731017156845,0
0.9772375388061668,0.1762407080570127,3,8.205356751482418,1
0.07106868351984037,2.1924757631751057,16,0.28922539370762707,0
0.2788355484739192,3.3646131328501045,16,2.5987716706757444,0
0.4246847901178655,3.9746873684442217,13,1.4477052085896882,0
0.2316514537044676,3.4880546762479447,18,6.4942293489910154,0
0.48054772507831245,3.6627468983762985,18,2.5729449729835845,0
0.343007759500202,0.5280745144252647,19,0.22243167237784361,0
0.15955150641954816,2.5046470836248056,22,4.337576376213185,0
0.2991840100737557,1.1674948960290914,24,0.25596337132858954,0
0.33888966117002545,2.5758194207530174,20,0.3932529650397202,0
0.8798618940387044,0.0803702058968271,3,23.392001950252155,1
0.0667596300632632,1.7666315201110272,22,0.9327694161153007,0
0.6732303641343601,0.09291489898651581,2,37.2981178914961,1
0.3822322685148239,0.14047429745128162,2,1.5697884149217558,1
0.5510423067973101,1.3030998982703408,21,0.5790088443454017,0
0.372182396737365,2.3077949890073652,15,1.5872607609774063,0
0.22112639939129605,2.2271981683418725,24,0.3719759637873404,0
0.25689435321775705,0.7062264660444904,26,2.690208589562422,0
0.2666966334345508,1.5006103865639948,17,1.6447196826200348,0
0.2773685645736771,2.67478122651979,29,1.4041922320200388,0
0.6777399361415054,1.9352767504208517,17,0.8819812022849886,0
0.22546123654775954,2.241435453509301,13,0.34561785136848794,0
0.4679323521010457,1.3436295794411683,23,20.28743517800502,0
0.11358336932306762,2.117988333806191,21,0.38559650074997537,0
0.6245120183036814,1.5608551999716591,26,1.6533179716093354,0
0.06678135084740855,0.751314948444381,24,4.591435960859975,0
0.10439073746468801,2.58369628513967,28,0.24485529662660085,0
0.43271720854644263,4.4274090882256445,19,0.4593757507261197,0
0.2727139522319989,1.6912360054951179,22,4.922583112418272,0
0.3059200641387213,3.50695228924746,14,0.2531528841292783,0
0.4407349427902529,0.8198489424507149,22,0.6329711484472308,0
0.22341871254818826,1.2290777599929967,20,1.918579725358356,0
0.2506648956971495,4.24957610687967,21,0.4336507423872473,0
0.1881419206454615,4.7656441857233665,20,1.4831115126456198,0
0.4722176590742376,0.5679858528516886,19,0.7596803591933904,0
0.251536272217225,4.279355377989342,23,1.8133938676221817,0
0.054161087830206886,1.616218461218791,18,2.052149642404963,0
0.26212441322475594,0.7148712703401934,23,0.3837425692163308,0
0.0948720818195973,2.4201146719574798,24,3.1067450892014294,0
0.16689244804726708,3.3562792530415093,24,1.1229395737653574,0
0.5045871432132988,3.7272937869285165,14,60.36094408217883,0
0.8469275568640802,0.01424326077237403,1,9.170421180809189,1
0.34365080781157653,2.848110528259301,23,0.26846122840787406,0
0.39688764045677255,2.492388670864316,17,2.1670636414665756,0
0.13630649309149126,4.639494721251181,14,0.3901572067870708,0
0.02887699379169318,2.345138071067834,16,0.4539291647823631,0
0.19640034214182217,1.4985035181790076,13,1.273100004925607,0
0.4373553596214757,4.0291077693097845,21,1.6545230929986778,0
0.2999012687874651,3.433645313984747,19,6.970023177871798,0
0.24632965006632207,1.0881567648060815,19,2.9937399225919266,0
0.1787370288298342,4.490835501442173,22,2.3484322851564507,0
0.3858448058739505,2.434788389258657,16,0.5376803551993241,0
0.3029545053997259,3.64758886209155,19,3.4839623373415014,0
0.25385402070839586,1.9231582770586972,13,3.562592716472276,0
0.2662826821200933,4.5413576429489595,23,1.0836464287488168,0
0.7154371984977195,0.19871085284972193,1,6.926458026065245,1
0.30198778084646327,1.584330357679298,32,2.850608895804578,0
0.5478032161216676,2.2803356929653553,18,0.5497130125046676,0
0.3951787697269702,2.920875906988343,17,0.6317677826671984,0
0.1602650413029442,2.5023459110003894,18,3.2739492730746917,0
0.14138512415183632,1.4097750602244772,21,0.7687567863634807,0
0.8813712813365613,0.1403800660202352,2,15.682222109891786,1
0.2511869519406669,4.605984443607859,20,1.5461798362203818,0
0.12011989455001693,1.7586055103889051,24,2.2802960113274193,0
0.3386359393466439,0.9881391440520155,17,0.10610800542384731,0
0.45046575089461705,3.782450194666934,15,1.1823970124163807,0
0.27549113946653275,1.2604264938444658,22,5.094726498353601,0
0.227468928164631,4.920063494146366,23,1.0304127672502867,0
0.864396547853243,0.18646161617438714,0,91.91368510906456,1
0.3699446416759668,1.5045824587467547,26,1.1087447750585284,0
0.3099211951099179,3.889617398924216,18,7.384403570414797,0
0.4252439881880014,2.33007151460529,14,1.859036687606818,0
0.23928850607521313,1.152219014623237,16,0.2941966946642913,0
0.4726199347979671,0.03690875344143798,2,5.657916073685484,1
0.3816077431570703,2.2121675545483503,19,1.3321872883806247,0
0.2984521293797344,0.8602671409889717,13,1.0507048551501934,0
0.4190418428490009,4.978793211008635,11,0.33389865759827825,0
0.1987072236601978,1.3314447289061204,24,0.6681649546987604,0
0.092413442403109,2.7011590465514463,19,0.34091343321751477,0
0.23790114732358536,0.8656206515456476,23,1.4849042304727704,0
0.16518666599329693,1.3894201861973374,17,0.6179184654184331,0
0.3019509597259506,3.943931199390676,22,1.1006810583478435,0
0.268665598217675,4.799722338269188,16,0.22855311406588258,0
0.07237743145565807,4.817656720567534,27,0.8891388820862607,0
0.25272772642612795,1.1021436087496934,27,0.5467863300073786,0
0.1990943443298121,4.0229802651072255,16,0.47255900769129056,0
0.2490849501972174,1.081271001396275,22,1.6329511930768545,0
0.3550581586315319,2.9192246706396006,15,3.1244326788456376,0
0.24469478556017354,3.182656445761348,14,2.264729004499021,0
0.37886650807938066,2.105553364366141,24,0.7699129329887233,0
0.09719850354289383,3.0133772483714885,18,0.14389468347900936,0
0.2985813604600042,4.684989712450768,22,0.22718072400023398,0
0.19977597805917516,0.8472510109637115,17,0.3302336977587552,0
0.22708028212455927,4.583075372005229,19,1.1879707849614585,0
0.07815872105796622,3.6202952059911446,19,0.6608737615925864,0
0.32511987693495287,1.9798642732384562,20,0.7892249845064253,0
0.050905031054145025,4.899487939113725,21,0.7082031054989317,0
0.017311973731649437,1.5625453171637493,12,1.3438343544137177,0
0.3460318231858632,3.70446791218622,19,0.07200726032960972,0
0.4935879427458787,4.5349325406842524,22,0.3222680815571161,0
0.7101232531373769,0.011381347631641295,5,46.57634148882453,1
0.08122037008664135,4.720520974575497,18,2.8355093306221533,0
0.5850585857554548,0.7564576248755739,20,0.5682378320673499,0
0.04225032528598985,2.546088782338434,26,2.8550490660962726,0
0.07089905514321831,3.814646034665948,18,2.9172526841666957,0
0.27507175721512195,4.546661978076482,20,1.2942083544490695,0
0.23699420142952146,4.629401175356199,14,0.7683441858794992,0
0.27287605928641206,0.5168294172823872,24,0.47448879646362174,0
0.21346813224900393,4.033878689837216,26,4.43715314506787,0
0.16629239815270525,2.0196874737740176,18,2.3171703594579642,0
0.14095896429581814,4.7552463340930045,23,0.30680544145564187,0
0.7349688932416315,0.10811791488533945,4,0.36400484729656724,1
0.1436941299103333,1.893947327615198,23,12.872861309811187,0
0.4308688352906588,4.3915517170531295,15,0.932051515821093,0
0.477405278095169,3.7639412933226475,20,0.8243411926218062,0
0.31013879194473865,4.319065000741333,25,2.2215527146178227,0
0.35376298996208816,2.9612134622945105,29,0.777898309319916,0
0.533541435429464,4.17629478771639,21,1.583682986222335,0
0.35661651729102706,3.972342164757112,19,0.12136587754439204,0
0.4528052521269991,3.873444699874647,19,0.8183710197258585,0
0.22830756537153538,1.6360483815019033,19,2.1981251696952437,0
0.17916068202995125,3.9786328799211574,28,0.7365011769373313,0
0.30775610544350046,2.1985038109860633,21,2.2435456398339837,0
0.7797786716457621,0.19155101328600677,2,2.2993679378762346,1
0.37504615909280103,3.0496737983545588,18,0.6283666197989991,0
0.025261762445579157,1.4067775720308946,20,0.16712861631381676,0
0.19570924730400366,4.471828148686308,10,0.5508491009137352,0
0.5039976039441219,2.5437833199032296,13,0.08221934161473346,0
0.07975521189063083,4.00042284810395,22,0.6450392882678502,0
0.248339251451344,3.8080479496988753,15,1.7049864625188373,0
0.9000507345620294,0.013435954974808106,3,8.517545480863243,1
0.8271801132454565,0.12858854073872583,0,0.44075109528998935,1
0.31570000455924874,1.6505523134967932,17,0.41103699973707947,0
0.1760369239036176,3.2582661526997936,25,1.6861743998117311,0
0.4268245454475371,0.9855197137577889,21,0.17705388411217723,0
0.15223516993398448,2.98090516366641,17,0.3855701297161054,0
0.5951252716616188,0.9499522667363691,25,1.2431594160952801,0
0.15806839293533542,2.277567074516256,24,0.9227191770229862,0
0.6812209196030949,0.14090134500761956,2,12.566727235951745,1
0.2575586931860828,3.035378401260762,16,0.3370785978007116,0
0.24660511154982329,4.4013362978023025,11,0.16445995104527308,0
0.3199788753179479,2.7360730052378415,14,0.9094723156939297,0
0.777290718798516,0.04934975226506695,1,13.059000953491534,1
0.5363976677537239,4.889667640085798,19,0.13095401972185364,0
0.3578178144012695,1.9354831898098679,21,0.7046861798969077,0
0.35179463069780886,3.130377136881108,26,0.28952065857340403,0
0.28294498692530134,1.4014836447143217,20,0.12461995473364576,0
0.522021005098425,4.163272956198345,22,0.4288875016529002,0
0.4894516930316452,3.316244241203044,19,0.46328910246240496,0
0.19356292592281366,1.152986539172247,13,3.2299000310426194,0
0.382332029188076,1.1636479459872338,19,1.8918047857811595,0
0.4330806285736333,3.453067724232538,22,1.0459530583621857,0
0.381041445016971,4.657709437086166,21,0.6916066758059529,0
0.3949645158380012,0.9792642788445559,14,0.8073211177905673,0
0.1752669998100037,4.2203833559983535,15,0.7147802316284437,0
0.7389843803922301,0.09995883801380223,3,6.851173283215059,1
0.12419119564248822,1.5022134057461956,16,0.37850542915125757,0
0.12888943246887083,1.584986755970842,17,1.6966061295479749,0
0.2404690174930934,4.41610432001002,18,0.32919298061424357,0
0.42720488432318965,2.1087401718426357,14,1.3592792923370713,0
0.39296014280645913,4.016342241967601,21,0.34716416363594915,0
0.32209886763006046,4.319403313726186,21,1.24595260352271,0
0.26362347435453015,0.7325308222261273,20,1.140803919675552,0
0.09632855271520448,3.949051967360012,21,1.037891458880781,0
0.28886060921255474,3.7337435881335956,20,0.9594640887324025,0
0.10263368109875111,1.634312645271909,17,3.611441700412044,0
0.05455832496056729,2.637439383137061,18,0.3379995965051621,0
0.1970327268858269,1.3326849505252407,13,0.39942371212824523,0
0.18252003093371424,2.395903446244887,18,5.6585476966542565,0
0.7968294072948665,0.05988503608601698,0,3.1204987646073077,1
0.43174958171699745,1.7916628683458105,18,0.8582657685484435,0
0.2305237694866874,4.555313045071826,21,0.06137408561945944,0
0.09897731448193701,3.09200074921206,26,0.6718334382592367,0
0.7430780529754729,0.17477204582292288,4,6.814664957951644,1
0.20159609926207786,3.968568767347885,20,0.6771182560441832,0
0.19294229732010587,2.0364292287448507,20,0.8893195411873959,0
0.6404324787594952,2.8406150505558183,16,1.7630523430497986,0
0.8327965289637685,0.03800995384369076,3,16.09209527368519,1
0.22288810602389292,3.095031155683719,21,0.9447585327738762,0
0.2629365872590522,3.264124712966752,19,0.9272225913759613,0
0.19278325252597817,2.376948625001915,18,2.910415490807747,0
0.5393764644370131,0.9136209999509264,23,2.2302833559285817,0
0.07567689157146106,3.6817898801817783,11,0.33327878386680027,0
0.36882969534993415,2.897963983406898,15,1.0148357362491738,0
0.47260942143670076,2.7667633981263227,17,0.33253496375814656,0
0.10977498536453918,3.9006585012851422,16,0.5619603192524413,0
0.3239236203487986,4.634052999215347,22,0.47086722357162286,0
0.3495350302318691,1.4517927989212056,16,0.9560665888948218,0
0.16394217905296926,3.1641490989546233,20,0.16117012517182175,0
0.05158270947645426,3.9876856719285008,14,0.20582228109568124,0
0.10887045407367696,1.1868339277280295,17,0.5782546501286493,0
0.049097187436455525,1.8741310832476885,16,0.342992906192006,0
0.43770881931401956,4.4446062146507135,20,1.8484741624041214,0
0.2995938891684479,2.9566660184107407,12,0.6385144250887952,0
0.05467658435225683,1.0718206690709242,19,4.436947351074839,0
0.19863435316998232,3.288905365877113,22,2.0213459253852504,0
0.1570214356169422,2.563605024908992,22,1.0352658323453983,0
0.3622594204165745,2.3824939905011346,21,1.5932528333104237,0
0.6800562912497765,3.5759627447098996,22,0.9679011636851285,0
0.27668366502875297,2.1217964250662953,15,1.215330050528407,0
0.5684585198493067,3.578793168986527,19,0.419452548654747,0
0.8261936025941915,0.19145845893481533,0,8.7788369842135,1
0.38957486819063053,2.0504006247521556,11,0.1388808742368947,0
0.8522700139792846,0.13598589028106123,3,0.5884214879478218,1
0.2804676361606595,3.611858962849389,20,0.15697794135039744,0
0.7613559857743163,0.1933042383555718,1,6.901757580318496,1
0.17527085143755694,2.83212951725863,28,0.27160369057328115,0
0.26721032295612995,2.5324155002502615,18,1.0713814198929181,0
0.14165290243210107,2.046151943070419,21,1.7198479731434546,0
0.2912128861804965,4.132439740997452,15,0.6751600018964717,0
0.9210151739479165,0.04177082847406405,2,906.7148392034128,1
0.4341683223908474,4.9090863702791925,19,3.0931890773583555,0
0.46346857641267736,0.6096586300404656,23,1.0367205296991153,0
0.8172953688097611,0.034707072329214966,0,5.784687036955963,1
0.11250674598055173,3.903471559818099,16,0.5417711390977551,0
0.27688873855770196,1.5630152593478317,25,3.8986022805093783,0
0.1513356152128173,3.089354579517243,23,1.1663359251289502,0
0.7906623688576486,0.15801077754293538,6,4.389130319305198,1
0.2885032890414702,2.1342116055587597,20,2.8202267511278887,0
0.5478370607418245,4.032580669317314,22,1.9118081645528995,0
0.24743072582004783,0.7515693777770347,25,0.5294365643943411,0
0.11782692354284731,3.680046447060363,22,1.5322923675956435,0
0.2313716116403489,1.5790512833326544,21,6.166565667225299,0
0.8692725737155629,0.13857353497756653,3,118.28193326531725,1
0.7763391235031681,0.12273985147797507,2,71.50848579303948,1
0.049292327007161824,1.2577915511106623,19,1.5648036669094905,0
0.15782973817344553,2.7177025409595794,23,0.9687128875682599,0
0.021480872194949367,1.2185101824358342,13,0.23415105368131348,0
0.12874403922549937,2.4218952547201056,26,3.5540106116500487,0
0.6615808815448319,0.56131295372512,15,1.5970114729051355,0
0.8882025489104649,0.10533192295933105,2,2.8621852630766234,1
0.3169514373313648,1.2272908870894204,23,0.28615622964764464,0
0.5782621265725871,2.957528644864447,13,1.3229989686929424,0
0.2507187836782532,2.5850569641880936,15,1.883894919655142,0
0.2228661099433804,3.042215483228123,21,2.64616061916891,0
0.36971173414609,3.099810924742747,12,0.5224205755965763,0
0.1655158452574591,1.9502174218948265,21,3.727374763517775,0
0.28415978963600413,4.815662281340445,22,0.8959898476096229,0
0.820849559325568,0.18756028329058574,2,7.038856255627516,1
0.35482483062298653,1.6432151566893924,18,2.8076202106302373,0
0.20495023032030982,4.202035722192967,14,1.1849744593834137,0
0.33679352404970087,1.4508564527307215,23,1.0161839244336879,0
0.13389505844908198,4.916648902990394,21,2.0375142555718337,0
0.4904440321881191,2.4444231439074864,16,0.4063909302607381,0
0.0846372647847163,3.9770445367248395,12,0.8296870835416884,0
0.9484441130451512,0.02808859524601394,4,1.376855032319287,1
0.2866873716268066,3.3557825453541548,20,0.5735684232546675,0
0.2721117289120374,1.4905042029892572,29,0.28922212854890816,0
0.23403367734862773,4.180530857444877,21,2.5096290641455887,0
0.11627953964309953,0.5012511159877484,12,1.128106586073231,0
0.40461945657080717,1.1081112596874814,26,0.4446374524279552,0
0.046546726837828276,2.373094165884082,22,1.107283368112677,0
0.19586033355247898,4.195296173472017,21,0.885493284080736,0
0.6077830831338682,0.5911303146647513,17,0.6776351781024866,0
0.1268216711818468,1.5313945908553157,18,0.1081500484076246,0
0.1882045465981927,1.006264334540762,23,0.5907971348981901,0
0.2814325986436588,2.5369926875057787,11,1.5278764453677296,0
0.3030708012090101,1.6551744773909882,16,0.6263409734638425,0
0.7244977162697135,0.053436739059128296,1,64.58413308044447,1
0.167987453713649,2.5475357241520085,21,2.5641512632747303,0
0.07976020097183119,3.541260794468907,12,1.0797894018963294,0
0.023059256986841442,2.9662774266020584,19,3.1262842202482424,0
0.3669615313714869,4.597850282610609,22,3.9580540092575203,0
0.1281652362138729,1.6754740176355771,22,11.285754340464068,0
0.3956107206083971,3.6541339331085756,20,4.038270011697519,0
0.2791389349693312,1.4838783295392426,24,0.6655257496405473,0
0.2337200922393508,0.8962072958274149,21,0.9952531122417655,0
0.5496444154760238,3.346845264071364,17,0.5728005963253353,0
0.11175198339009015,4.344540552271897,17,1.6624282202703,0
0.3499639408595907,1.0274255446499896,24,4.335020219177549,0
0.23043669545497933,4.452851664985665,20,0.3058109800900366,0
0.26428950897305,2.0896438905771153,21,0.3525924362330307,0
0.2617421445425053,2.8773368025481316,16,3.038044346081504,0
0.17887227473233383,2.222328085817332,29,2.7845207667461485,0
0.12127693220772943,0.6039121361639914,20,1.1023679250088658,0
0.6257819715888427,4.7656868457074655,24,0.6664494724119443,0
0.11842786542073468,2.367512781888328,33,5.207724934354293,0
0.15281919326759139,1.3742698758872416,19,3.998067975540987,0
0.5786839258529426,2.794869183493354,18,0.6471413453781648,0
0.2013501627880315,1.465110712320603,18,1.9236291556280176,0
0.17342473558550492,0.6418024195284773,18,2.1771823332408347,0
0.436367462385048,1.5153333769724526,19,2.5605880801915855,0
0.21158003454712868,2.4392913736592257,21,0.3785647848354134,0
0.3393407151629513,4.460129587909111,23,2.8237056564687815,0
0.5238584394071686,4.774454479211425,11,0.5428331172614275,0
0.2958203593344996,1.5527893083595357,16,2.232679905898279,0
0.15749656876613213,4.631503160848271,23,2.658836230294429,0
0.08576579408292796,4.224829704522408,30,0.3878659268086934,0
0.317686427796521,1.8012588502176698,14,0.22201961603852072,0
0.13841436419027714,1.4332050697656498,21,2.3042151283874674,0
0.25977562837659357,0.733374873777809,21,0.7143206945020589,0
0.09820092688146598,1.6380950707757687,19,4.678165455496337,0
0.20400552486040344,0.5987200428860915,22,1.574089451296937,0
0.31070038035340125,2.4975826068582307,20,0.4255296843355826,0
0.9260521749467969,0.017063768117183964,2,109.08130673532477,1
0.01638600563159756,2.3608589987455524,16,0.8779385140802565,0
0.41172199870602033,4.617292765536728,16,1.9887914886155176,0
0.26523106544216607,2.125953401603794,18,6.769232652122576,0
0.39980275258451103,0.7863303642712675,19,1.561475140657226,0
0.0742163222411839,0.5955331773658592,23,1.1659719010154888,0
0.34866298087782066,1.575922845846647,13,0.42239848999401614,0
0.3931469043462778,1.1096758261500006,21,0.9213905092331384,0
0.13678942954176684,1.2703943017748158,24,0.9462918529497955,0
0.1538893231912419,1.5594481183345932,22,0.4848196608350276,0
0.45497295212682,3.0047844087677187,25,0.36523553737290115,0
0.254586374065464,0.5681966635606563,25,0.6468508523799522,0
0.14293714815355865,3.005181713551615,17,2.695521657520485,0
0.9389582904354669,0.19444787294657892,1,21.496305731700115,1
0.8937159449706671,0.02767618941588621,2,8.929002698586459,1
0.7350959480125344,2.953099480003194,13,2.075847429752891,0
0.27796402195020226,3.5254051227620145,27,1.8366358184579845,0
0.9649508332080825,0.1651860912941196,3,7.446069023309593,1
0.09118037763296756,4.42215819445215,24,2.818090589578798,0
0.25161060959355364,1.3236832722166805,16,0.2762608768703115,0
0.13545715614477413,3.840140812848452,20,0.41005261478414207,0
0.5791037572991568,0.5174847207066062,17,0.5007200362752842,0
0.3150198120720596,3.557502193744182,21,0.31340415548763,0
0.2587580790203466,1.4169565043295105,21,0.46564066056571307,0
0.050870913801541906,0.570333591634947,25,2.5747509935365818,0
0.26726876701321595,1.889614187921455,21,0.1552245804147189,0
0.39936893454137673,0.6010207507021508,19,0.20145691050061443,0
0.08585621137798927,1.3511078660479428,26,1.1618370923072558,0
0.46798128262612915,2.818910858006594,22,0.42828136575775366,0
0.050259380891759,1.0144285138407028,17,1.147188925253691,0
0.43325015642403714,1.468811351328983,20,0.08924010344949303,0
0.14211153184403008,2.410450531984438,23,0.5269668080971764,0
0.8147960915748796,1.4113198720927778,14,0.5617979879460264,0
0.12726295722258715,4.320550518905091,15,1.3070546370964935,0
0.5006003581676147,2.726965569473277,16,2.3951707541448375,0
0.4242538362196194,2.89311784550575,11,0.1813474361024554,0
0.46055843228406484,2.454013261485615,26,0.7653301881553768,0
0.24056550910182922,1.5308828824512681,18,2.0904527234064214,0
0.16971796159965535,0.9918707033912192,15,0.6097099835244407,0
0.15703791646296314,0.6320482643459888,28,1.6543999650659784,0
0.3490657591898646,3.6056880486922047,20,2.0034874089082737,0
0.36845347840913517,1.8197458871316174,16,0.4803944999943647,0
0.12368780059310734,0.5376158282042613,10,0.2750937092542684,0
0.10689606103573959,0.9674266894583494,14,0.5404983127466241,0
0.7151388028586554,0.06872617897083952,3,0.2693645063965797,1
0.10594506146452917,2.612923147669433,20,5.184799825119603,0
0.14222359874550086,3.999207103731313,22,4.348488128887075,0
0.2801636927020991,4.437898932412633,19,0.24980533951226977,0
0.3399643027084768,4.35668365800451,14,7.971723417134015,0
0.7702568177977537,3.831177819794614,18,5.7129991507928,0
0.2535494615761354,0.9577841194280476,16,0.4215949225821943,0
0.16429896661064433,1.834013762554286,12,0.2642472873784202,0
0.3117872365033848,4.336293499112983,20,0.8038522990546502,0
0.4039057339320513,1.0643717189037616,24,1.0162216782211844,0
0.10970682126152816,2.4879403486505742,30,0.8426076472330278,0
0.29043637428259134,3.5758085674714617,19,0.8652812327856401,0
0.9037571069823958,0.11757212371677943,2,2.9161880331534453,1
0.10706351451816157,4.6080271448736205,19,0.661651511662399,0
0.34248598148564546,2.3590051355467736,17,0.7668304548417225,0
0.2852595707590541,4.5024403015312995,21,0.8271908275908146,0
0.22220016353858282,2.3300815256326572,18,0.8213997600874015,0
0.26134663809998543,1.1779469115010088,23,1.478456001681072,0
0.2515245611646104,3.2648886650593805,21,1.2363291901466134,0
0.02088930667477361,2.420578511246083,26,0.8919275465124011,0
0.8567484623246353,0.1336642041186645,0,803.4338584171629,1
0.14507206178745105,4.5393992303258734,22,3.6319811231392425,0
0.2322509318248651,4.608246227790025,11,0.7200165578783541,0
0.35547004638016155,1.028962333555452,14,0.49751483509300076,0
0.36957018933814495,1.167512152224029,25,0.2969975806613401,0
0.48296539740699757,1.6132407193284748,15,0.5541085572224148,0
0.08545590776895666,2.1787236974045174,17,0.18466929540071192,0
0.28289534598177873,2.2579607115840004,17,0.29542902956521505,0
0.093389450575907,1.8752771470399558,24,0.16725290397950804,0
0.2377214664820493,0.9131295383584521,22,5.035705442997444,0
0.13960830021202883,1.4954246377059082,20,0.43657620233735134,0
0.12272945081515468,3.4409088876641736,17,0.14659502321453366,0
0.4688658079442673,3.931611350623287,12,0.9806826709950446,0
0.2207691869192524,3.4664317792656205,15,1.8183884251657279,0
0.283955709247916,1.3529604002442717,22,1.4938043097217995,0
0.016651520037351,3.187417531812528,24,3.8424914330477584,0
0.35200089973286947,0.500433667993754,25,0.23190818475787944,0
0.17242311060254398,0.5507324975570997,24,0.5833174576399742,0
0.7677333939336984,4.418505564828632,17,0.2904154434339658,0
0.14016943844761476,4.631888681469439,21,2.336638595411191,0
0.19328354717695306,1.062277139632192,16,3.053459929083455,0
0.1666268614989377,1.2811232513642328,15,2.7214692067519053,0
0.26061811914165106,3.356984167194647,20,1.8847481728064654,0
0.18231580406433767,4.877283066091274,18,0.8129492659394412,0
0.11494964271608085,3.92064334680594,22,1.175546694200259,0
0.3462529614691143,1.8329730364709853,21,1.1276304580231442,0
0.7918737422020904,3.167583121707574,22,1.052101722581596,0
0.23846409498759127,4.313471702348033,18,3.0613836571609743,0
0.2442529088754972,1.1067113104156994,21,0.7574853229263784,0
0.13649952149879668,3.135035660736741,23,0.6647894485092375,0
0.08736098507266317,3.806859540631794,20,4.954675484140626,0
0.28420862235633326,3.106364279066204,24,1.4500156009159537,0
0.22108447909905402,1.4598134981990338,18,1.414758494760227,0
0.22806539208949395,0.7793466410218255,19,1.2514312242637209,0
0.18212720856691575,0.599148074378782,16,0.4716252450596493,0
0.4378043638172993,1.4699687065838178,15,0.6378973715150508,0
0.2891988094048328,3.471189698613682,16,0.3603961126244645,0
0.30567777576403277,4.551586877448346,22,1.24900473624103,0
0.5002384208954007,1.2102095418054406,24,0.786891547945806,0
0.368439570202819,2.24081573496617,15,0.9370685569038625,0
0.289739164229408,3.0043705417617943,17,0.3418433047374751,0
0.9055364758883926,0.07869383581578482,7,39.35838874069471,1
0.43277426888551856,4.575321793172407,37,0.694805862673954,0
0.312216008733352,2.5510856421537165,28,1.7062646120721074,0
0.10348482355497156,2.8979296244392967,17,0.15636451764699844,0
0.566643101138718,0.16051261725994684,2,22.15647437554135,1
0.8924216994597615,0.10571614367375523,3,5.455512782020718,1
0.21744335724171807,4.402339726052801,14,0.5343212056384515,0
0.17806734275606517,4.909663952620187,14,3.132532902492344,0
0.05865153762423674,4.053563532223317,18,2.892645967565132,0
0.2754984861561375,1.1221993611944026,20,0.9654029464890244,0
0.04974216914551297,2.5502583262661216,13,0.16787309610088663,0
0.5958104576055705,3.6898065833219,21,3.3792671734811637,0
0.3648942623952559,2.9958061615100653,23,1.7605407148243688,0
0.17320428642338245,3.0770641244780044,25,0.21993822199455643,0
0.1339021190117145,3.6697434184707376,20,0.11252942496158512,0
0.4054817211296889,0.9286570879686888,20,2.374515301660666,0
0.1835825366067005,2.2700198763545743,18,3.6337777589843645,0
0.13849729303545527,1.2521819988055072,19,1.4349442123135603,0
0.19030772229640697,4.281691139696708,22,1.8723621469382623,0
0.11613772304696823,1.968078432356257,15,0.554664284506199,0
0.09702851341422468,3.8116960622300997,17,2.4368090184916986,0
0.2915246137558293,4.173332579460187,22,0.8727386497977206,0
0.22458245324221138,3.643299808271689,17,0.5585746952100877,0
0.4007351373170208,2.507510130101286,26,0.7343367303450404,0
0.26090589060746544,3.9420720790248795,21,3.6687048677808463,0
0.5903803300309108,3.2800394017349848,19,1.56827789779775,0
0.4474581486976725,1.6228899732857363,22,1.602394288060275,0
0.23709036188206897,4.176311257715167,18,2.893933994861425,0
0.14164966338964255,4.7903028380538615,24,0.4642229830756071,0
0.26276786269459,1.6309039435720112,19,0.16766812383325114,0
0.24796002375162512,2.590682496616872,17,1.456905026013948,0
0.19333769314637594,2.125381962496416,25,0.2525323854427129,0
0.3479574208149014,4.141087020231874,20,0.22563791358181273,0
0.47357388845326975,1.3301960353256388,14,0.5944939328732565,0
0.9272174257913435,0.10584620398451962,0,4.479979613024545,1
0.38938244043684694,4.628783798199604,16,0.37561412941366373,0
0.3226135057237787,2.4688020973387053,15,0.44334785392427867,0
0.10867917216821282,0.5048408929978444,26,1.26826194041411,0
0.8629726136465066,0.04696846886097328,0,21.108851813874555,1
0.3926503900850464,2.152873369489168,17,1.57218135103403,0
0.46165255454984844,4.256134770505,18,0.09605531959052636,0
0.2535744818436884,2.033487489933817,25,1.068530709573025,0
0.22001434734193506,0.8244317084906451,22,0.9041028421925141,0
0.21833932788974655,2.1182835500580595,27,0.10131150506702977,0
0.6311823311061152,0.528452338129549,29,1.0986965312079529,0
0.17265335738879936,3.1618277574900118,18,0.4014395252545964,0
0.192033736884828,3.8655627419412073,21,0.45300492922158525,0
0.6432419423735379,1.3745684381817074,22,0.7856039348966306,0
0.19739386102130663,1.7217064326514127,24,6.896341887455979,0
0.18675299141600257,3.270342443703875,28,1.1053563611135981,0
0.40712096408742254,1.4635278624357286,11,2.3703307855203577,0
0.07762997657860055,2.2797785540487885,20,3.714920646439001,0
0.214664143899123,3.479959639665702,23,0.4563134490997867,0
0.38231653272828303,0.5762370953900597,22,1.8231824740478402,0
0.23747004005596845,1.313965867001266,14,0.40376836620560247,0
0.2143194681173112,0.729167270403154,15,0.20225872011570448,0
0.23513286558141344,4.529298590295412,22,0.37422646690298206,0
0.156272506590026,4.963399856259439,25,1.8171930844501205,0
0.22642469430807058,1.4780590815608359,19,2.534609356747368,0
0.2825743662751689,1.0573607405218237,21,0.9876946890601046,0
0.8670413015051535,0.10919499411225522,1,65.63312442900134,1
0.17042075820977481,4.063984875128272,15,6.734875475492769,0
0.20212744715051806,4.4238728262011096,23,0.6530523669020195,0
0.34627000347387554,4.948770596951605,19,1.0843485918386364,0
0.2439130461212782,0.8364902172899207,28,2.2817024416912512,0
0.4380801924897793,1.9265504783843328,24,0.8436300467140904,0
0.09760577190738788,3.2424379459935504,20,5.186910208232533,0
0.45569298173274797,1.459303878857178,24,0.7850645721235139,0
0.48676030917962976,2.5972184461579033,14,5.159805156452141,0
0.3479930648909751,2.460102561464651,21,0.4198094389907005,0
0.43322190955450673,4.07550910976347,17,0.6411955753946958,0
0.4533271220794709,1.9933206797125362,16,0.7826532322843108,0
0.18467005469172493,1.7681152174452301,21,0.24872892578081482,0
0.15012807825412627,1.8347124409489295,22,1.5460500801470234,0
0.17345400330370161,4.881007696629651,20,0.22163277346731428,0
0.4631559903524806,2.47823996395148,25,2.0379514721976926,0
0.12640805652757392,0.9147277856103365,22,2.985991743228406,0
0.20023032771370539,3.7163393931359514,24,0.30367176572284604,0
0.0840273458501874,3.090372505364883,14,0.2997303979924228,0
0.6959194327807816,0.1356510615281715,0,79.9411787098609,1
0.7587901805509643,0.18385384987560754,3,3.394187168443143,1
0.8598108988063616,0.0655935499912156,2,0.5725104347173807,1
0.3367401701243727,2.319978276211765,20,11.931403565087265,0
0.14186244072199777,4.3306409942015,25,1.603145536904826,0
0.27890237281559876,0.9129728833541271,24,0.947719337124698,0
0.4305640263122661,1.4720652485848864,19,3.591474933167006,0
0.12475833088228264,3.8394343911359856,16,4.817649890354752,0
0.34983216002915957,1.0471175431850397,16,2.117642467619272,0
0.7760094912824954,0.12624808644547958,2,14.332896700128696,1
0.13768515889895488,1.8610792065110453,24,0.12858295519177187,0
0.8340683893102724,0.15340062221667264,1,2.5311487722151953,1
0.06971465205474901,4.808291493275007,24,0.3671725120899665,0
0.3517298278457827,1.0819840894627217,15,1.4491428148060765,0
0.35331816345216754,1.7692326719655265,17,0.4543427719460959,0
0.36155282425808283,1.3630916434244889,19,1.1696072387748433,0
0.2781008982035504,3.013912589123383,20,0.16083227090126795,0
0.08613559948940373,0.7559312280662722,20,1.488463511877706,0
0.42569891827008544,4.925251399528323,15,1.848111000938172,0
0.3034251581380044,1.6605684786234969,18,0.5977699534747432,0
0.07158235182052892,3.946655165622621,27,0.6280480927191722,0
0.4143436274373239,4.379605504293762,20,1.6866936803464163,0
0.2232064473517062,2.442418816545937,30,1.0191927838463612,0
0.19510472643853252,0.5279136300917562,19,1.5299923499121841,0
0.2724477371652354,4.542838173603952,17,3.088850424932833,0
0.44859683400259787,1.7217345614407882,21,0.8683923532391208,0
0.13608846165021674,3.930298121723427,12,2.167938891259336,0
0.23494813803933529,2.0180784132410965,21,0.46519459627762433,0
0.1174639989810014,3.8912312249678784,17,1.437434532177565,0
0.3577665536522781,1.1579763318533296,17,0.17149702986072704,0
0.5637325354977238,2.805663827151414,31,0.20550180499303983,0
0.35243928755692566,4.107454475727996,17,1.3415831821780912,0
0.2340959123811036,3.0230455853257885,33,0.1688957214133965,0
0.8647321783647877,0.14705097988702795,3,3.3529745618868327,1
0.22187717144996125,2.1785503519450806,13,0.5819008621132532,0
0.2249127572298762,3.0840303152902924,21,1.4379059171618613,0
0.36403580211880465,2.131144333703151,12,2.4904045924152087,0
0.5054900934068541,3.050341349470096,17,0.23097496967391432,0
0.7135596409573749,0.11249116545912269,3,57.53765414196434,1
0.3605221990959175,0.8944832016495269,21,0.22117020566317228,0
0.3216295786702526,1.771823618129659,20,1.324617197970389,0
0.32987057354680777,0.6505419128211465,24,0.34891620446173915,0
0.26279607305696356,2.394637292224412,25,1.2972806110229316,0
0.5262567104564313,1.5811685277197678,20,0.845924768159001,0
0.33598642376844623,2.6859278792677173,14,0.966152870030826,0
0.11148224945070262,3.627069742320753,15,0.8516819735131328,0
0.20826007472893254,1.2707843415815487,16,2.5114404003638833,0
0.24679508129892877,3.2004997427619397,17,0.26221421016513596,0
0.15630135721937657,2.546527176147243,25,1.429586189751879,0
0.1603270347791281,3.403163947516613,23,0.20562918573515718,0
0.3150325198962183,0.6650541739927971,20,2.3455249693471663,0
0.05684760218480487,4.6165298747688,18,1.1143256821206668,0
0.17564425129182037,2.6370265332320537,19,0.6811112133352912,0
0.17599894207757982,0.6582524408160764,21,0.6744479792553176,0
0.22385680947965134,2.283359860758017,12,0.25247286575715866,0
0.29558793397567584,2.0965504660007945,24,0.850155569477595,0
0.24864764462266095,0.6082941712207548,21,1.283941893180536,0
0.5975376764424906,0.03820171601318501,2,0.41953851987131824,1
0.5609246410594244,4.168642790901339,34,0.5542714434267706,0
0.22708435968284663,3.2362028287165967,20,1.2866611491747957,0
0.2684422519379907,2.8938359263018567,19,1.6963074492582415,0
0.49859889877006663,3.4026000934090788,18,1.2944140272227702,0
0.11980262755969293,0.5079358184988971,22,2.218946666466752,0
0.7708559852466703,0.07191944669166199,0,13.845044369855891,1
0.7938174881311972,0.17371850153297858,0,19.788890284126445,1
0.15441663702872946,3.5276076426797824,19,1.6567073172422302,0
0.9926181414923949,0.06639817008199733,4,10.392438022710333,1
0.25164985751633867,3.2564777219028547,26,0.38791453031809897,0
0.21969480520924697,2.9810623017748132,19,0.3797337736330497,0
0.039001464646081604,2.2304663384457504,23,1.5231159467400766,0
0.05361599176207525,3.2741718843197027,17,1.0431360713503837,0
0.5679688990708307,3.3583895014642513,19,0.13197807145371984,0
0.5953638838738472,1.097274110582231,22,0.3772830430671556,0
0.23064621536653884,1.6864463777243746,20,1.3518549091377936,0
0.5277470242665967,3.3947124924147936,22,0.14707451943164937,0
0.22573226962521042,2.8079849434486057,15,0.1304146425779087,0
0.33103582796697406,0.9882748903642299,16,4.215388365211252,0
0.2937241301249373,0.7660039086035778,18,0.9657407311516097,0
0.17268248385845886,2.7151955029188195,21,0.11401409837552925,0
0.31445224361830243,4.376203550754406,26,3.3104776359164028,0
0.1671596389970878,3.8130622951486606,17,2.3510396572791015,0
0.045150477557741896,1.0609861735831867,28,1.5134195744088796,0
0.33829397878110884,3.1135056953796547,20,7.785415960178314,0
0.02531076080575272,4.041024965788935,18,0.6954847460686376,0
0.6313954554458695,0.11168679240741508,1,357.1982841355088,1
0.5585295142192385,2.243902743287326,18,1.6134752161218546,0
0.9582589756307788,0.15776050626519475,2,0.0787255664954169,1
0.2938096211731379,3.704368898285671,24,0.4632629024261621,0
0.34132544077359245,3.5036338369915807,32,1.4171441585538957,0
0.29006592955450733,0.8916904204363822,20,1.7426146753864733,0
0.4849626174487803,0.825633621517893,17,1.005654740285759,0
0.37611882513804495,0.5878492268660321,13,4.160324218890334,0
0.2545819052593196,3.8725222114560793,16,0.7088646117706289,0
0.08313483106875993,2.6022603715816035,23,0.4830427444187589,0
0.4263765526554719,3.3898400921200875,20,6.209250172691198,0
0.08327094200521759,1.4751471344232001,25,3.567539726999282,0
0.30619112252776876,2.161533712735693,19,0.9870641374457342,0
0.34706136199166054,3.51736366756065,13,0.5142591206461117,0
0.011687461485386024,3.6787003250394723,21,1.0583735404887422,0
0.2026048977593205,4.490101741055411,18,0.8753636483474314,0
0.3927325161147109,2.121085653309172,15,0.5603303424558396,0
0.37934742144388045,3.737372315369933,21,3.468350975554214,0
0.12988408710917823,4.657793952669603,13,1.1534706281527942,0
0.27918476408141063,1.7020361858681876,18,0.2113184946010341,0
0.3802860659336825,1.6242817230715616,29,0.07950699088703866,0
0.3603325401566329,4.203293047918778,16,0.22374060794787032,0
0.1253127661921836,4.700897611967036,28,5.445137273123219,0
0.35778119835544403,4.53436687915046,14,1.0853143819308133,0
0.13171668040446416,3.4667399326409853,20,3.301839735152451,0
0.19288806397297228,1.1003626501813155,15,3.5390394840066706,0
0.10093693436954988,1.7187973922021773,17,0.42965462408718563,0
0.2820133469925252,2.0484570497314465,20,0.07731740303229516,0
0.38691271248396536,3.411955047892631,10,0.13515982411154434,0
0.3158566037711966,1.1125555847627568,20,0.25862649394222387,0
0.5425760153812748,3.38032119734533,25,7.1402219845284955,0
0.31869095568013894,3.2983840939386675,26,0.7193091756924316,0
0.2316120889763273,3.5009619001653007,18,9.034578662389094,0
0.18581946128131724,2.5007841918888727,17,0.45977410340486674,0
0.4689665975411878,3.3565752594869016,15,0.4742480386291372,0
0.831558356875447,0.15364415445095228,2,56.083889355915396,1
0.390186789048847,1.2540946781736546,14,0.28023861340187345,0
0.5167382408292973,3.8404904764222842,20,0.24853511404197204,0
0.2002747948632431,3.3627599355351894,15,0.7927627395658517,0
0.23103637964511864,4.043912753952047,17,0.6099908468997657,0
0.12019729815945832,0.8989127729571543,19,0.10259172405191974,0
0.16010840178148883,3.8776883167723057,18,1.2838170822461386,0
0.30726791784548685,4.398954184935203,20,0.3977909532946965,0
0.20171740430316687,2.134297874317984,15,0.28286777489352033,0
0.4219166569622195,4.16818314969832,20,3.98250197478897,0
0.29346126486417884,1.457403503181396,23,0.3839942833994167,0
0.37166533412787683,2.263396554549959,16,1.6876183778945837,0
0.3633628986719165,1.9763485539228811,27,0.10090730492030169,0
0.2710823678361173,2.355653892516196,22,0.5623141807241914,0
0.3516973872716954,2.96070638129307,16,0.8127261947246474,0
0.23592851806255155,4.5761756999027865,20,2.932266240253022,0
0.6069027916503397,0.9966127972310632,27,1.0047634452906833,0
0.5322295425561046,1.9728289727428021,21,0.3171728772425693,0
0.3413941133222736,0.5171095542350053,19,1.80308516495807,0
0.13959039861960978,0.5524683717198589,14,0.060363356803981756,0
0.4113377157250768,2.27363281664891,23,1.7754868253993819,0
0.29905893145616613,4.128459116643065,27,1.2364960598500663,0
0.21203034593235628,2.5280110921835757,19,1.0964334825888737,0
0.24097219524155838,3.9205051522121614,15,1.340115972033082,0
0.2363663422183807,0.5857532696522951,22,0.4138624776711117,0
0.19985398504087817,3.2499005294337553,10,0.08159711272946332,0
0.12425973223536009,2.011856598415067,21,0.7626679997344296,0
0.5930848513879997,2.351699706739652,18,1.3091843827550849,0
0.8757679988231089,0.11402113390241336,1,12.104493963199976,1
0.08564536377377907,1.6566136206835758,20,0.7607732429903854,0
0.9148673238636427,0.03847112330458253,0,16.526755914932313,1
0.27434297168969857,4.295628715134633,29,21.6641919169113,0
0.28632933658489157,3.588188894735649,23,1.6030312245033873,0
0.9344857293119434,0.1068176579456287,1,95.4012463934089,1
0.23366312510657908,1.6051073231109192,18,1.2899555968615115,0
0.19678839605269835,1.8208634149081628,23,0.34363602974353863,0
0.021035142484745684,1.8014657066326505,24,0.9738186294719399,0
0.2718115043004374,0.9196836555391115,22,1.1364133483357766,0
0.17453196929127027,2.1006929436226027,17,0.17067453082324918,0
0.26973196868995547,4.041615221405454,20,0.41757258539907877,0
0.08623512144654874,0.9155840729986207,24,1.333934544419073,0
0.5892474412175109,4.206879228713959,23,2.4196059329401884,0
0.06813752518459164,0.6625717622816869,23,3.0489829012692633,0
0.30565148633794176,0.8051206392510242,16,0.5272381051184785,0
0.2512508650125225,4.440721442943609,20,0.9122855828730938,0
0.4373663313583023,1.9154393543909736,19,0.1941588599706674,0
0.36385291845326023,1.4853842219734814,14,1.051979267492968,0
0.31650044769679314,2.344766898665317,14,0.7893861685002573,0
0.12561798637983643,2.881951342227955,19,4.204345839555143,0
0.08558168009211854,4.850813378009022,21,1.0654024799076274,0
0.3392220746156289,1.112637710345287,19,1.715755145520502,0
0.2583497941771388,1.1955350398860627,12,1.0678078363644758,0
0.9126185489036903,0.1265539534692296,0,69.17185775674834,1
0.14641886457873995,2.333153778765475,26,3.867940154195171,0
0.3177652480958894,3.293647474228192,16,1.3086801759593794,0
0.20023078403816863,3.231575384769681,17,3.6520348598295977,0
0.12054663103789992,3.8972657914560296,19,4.070255437665687,0
0.511863873561663,0.9573585201466233,16,0.4966026794622215,0
0.127105088083916,4.814115750235056,19,0.9416642047014706,0
0.22585987645327674,1.9019528972466784,15,1.5525993540819487,0
0.28780904452179323,1.8979575640833877,23,3.2139868007035366,0
0.24158978466988815,1.486172097178148,20,1.8423909558473073,0
0.1972481480804691,2.637611603273349,27,0.5038475088898593,0
0.12893867457726121,2.754607162275112,29,1.3230523737119242,0
0.02907732032008618,2.3887063074038912,20,1.164865171118248,0
0.20608814021534644,3.41167131984099,18,0.5566412944473997,0
0.06890709550022743,1.0070344881631295,21,0.40564894802186985,0
0.5959800976879693,3.636134567442586,21,0.6236646375839177,0
0.2349064979869195,4.82006379904469,24,1.1508242208056536,0
0.6718532158898358,2.464697454386819,22,1.5587050489535639,0
0.3540660671531089,3.2965647965245215,12,1.7520293397040583,0
0.21122850582596284,4.071099460496098,21,0.7512122011500754,0
0.662736359538114,0.08258063201704648,3,4.859106536493319,1
0.3275605126250616,3.499631321593764,19,1.4715637130278458,0
0.5369118465075942,2.6440902014201724,20,0.6357484852864481,0
0.3297174075930152,0.7939871701785199,14,0.7652490987262385,0
0.07569905948269082,3.022640493520633,13,0.5272285633677796,0
0.0664560025737225,0.553205869973661,17,1.6702304580076126,0
0.258611544561498,4.852610751931043,23,0.3975464312019984,0
0.337334409915009,3.7629671475260795,20,0.14843438991766214,0
0.23825630999601463,4.563597506325921,12,1.0147099708990477,0
0.25429099901637836,1.0299602352169421,28,1.4145002018508108,0
0.22927818672000402,2.422792657519351,13,0.27838514250298274,0
0.20202675110434848,4.4626802245889845,18,0.4480304713366943,0
0.3494459336455072,4.389209237024398,22,0.6939730950479813,0
0.19225272411362002,2.7928383665247667,21,0.9396424244693516,0
0.12743893304306755,3.2888202269670233,19,0.15676923650639288,0
0.4290050196296611,2.528968017670499,16,0.9227456121362569,0
0.15381397122326668,3.09826340383833,13,2.3698309587430657,0
0.31190186633901473,2.2759633419594603,24,4.810724862558349,0
0.03265273021690154,4.2788505424491365,17,0.5349953867572531,0
0.6624455627914085,3.3559754466587166,16,0.20653896446835113,0
0.6689698900137678,0.1249732653750156,5,1.0005484975744372,1
0.5462651289169821,4.506888079428796,16,3.3100448566432945,0
0.39235412153349053,2.9695038151833137,20,0.48603274435484806,0
0.6039991971133817,3.197296499187952,16,0.28548834210534557,0
0.04367121399338764,4.377562618432766,17,1.0615122525432434,0
0.6928612386689956,4.31593750064896,19,0.7657315880040647,0
0.5192955418273042,0.5034217858927776,18,0.2663209193814828,0
0.1191339128196912,1.2092828306364107,21,8.22944532825586,0
0.17106456981722648,3.015840758160442,14,5.56676410653671,0
0.28748811291623144,4.716186634196967,23,2.772017820916098,0
0.6890272238331461,2.4293073566471004,18,1.0637524729238392,0
0.45495072467927655,4.722721117630441,19,15.120343410273478,0
0.3508981566733336,1.334456572624921,31,3.3217357728448813,0
0.1974936145600041,4.501476856760599,24,2.6619491856198714,0
0.9347973857553854,0.10237102130671885,5,0.968025813720081,1
0.03325309075695524,0.9656187119286103,13,3.302090839025411,0
0.18638684030301558,0.9076118019235753,19,3.3635830160017517,0
0.21914949090089691,1.039825601380266,20,0.646796733493633,0
0.5070475914611337,1.6324760259962,16,1.3689970241756555,0
0.1915549593519886,4.6848001178555645,18,0.9072380351416366,0
0.1937560305974859,4.5109042927671945,13,0.7223004213350049,0
0.43000303689696967,1.992109060495117,21,0.7341454757688639,0
0.4643599205774936,1.4118222067597996,18,2.07044308374286,0
0.049096357147532396,3.3443741360804418,25,1.407731604898024,0
0.3613953995827384,1.5826982573762125,20,3.8527654731713437,0
0.38083787712369827,4.078915572610252,18,0.5867764256946958,0
0.13497514571819144,3.01597234250882,25,0.20940667586455478,0
0.2573947539682611,2.1112571051121836,23,0.6417840417314556,0
0.5075285122526302,0.7557183087693481,25,0.13309814013332846,0
0.40205196053584874,4.806472936790355,25,1.3736676308007318,0
0.170347848153768,4.652388150108193,21,6.127959171551556,0
0.2801969341472404,4.687182556647597,21,6.577261201498253,0
0.2972380436790579,3.853995656416073,12,1.1813965940173599,0
0.3594148275371532,4.678225854239621,16,0.12941275770762012,0
0.5334874907499774,3.7592108060222205,20,0.38409220137486966,0
0.5377701978173138,1.6190896751255623,22,0.7706868198133101,0
0.25494390605787687,4.222498062059817,20,1.5986125760701793,0
0.2641486767596368,2.796816737219803,29,3.462820847410284,0
0.1824003870739717,2.851164785497733,24,2.709695378019514,0
0.32439006193279096,4.508735394719416,20,0.2651170619525696,0
0.40116785566541663,4.617673360932242,19,2.7432135985880217,0
0.264443962452008,2.6100576585169986,16,3.0034782922023004,0
0.3027775401587396,3.044567422951447,23,0.368062478219928,0
0.20055305522030492,1.4597915014573972,20,0.4432671026812008,0
0.4200946016013736,4.622613133232145,23,0.5069910001405857,0
0.26115756139496815,3.247768266116803,20,4.002897909724135,0
0.19777353959547567,1.4380940666978765,21,1.205331739867946,0
0.1602855935674447,2.8774172953064836,12,0.7523310375720336,0
0.23640504505006893,1.4603708031301106,15,0.2272488538621495,0
0.8168880382006173,0.10769030381576668,3,1.2024808851063595,1
0.4144878243042203,4.263269144577624,18,0.28418367596248856,0
0.00777026259743942,1.3659264442052688,21,0.9001006176165132,0
0.1423057531309467,4.483486061129789,26,1.3288616274364442,0
0.48838982791392105,1.3767299034389815,13,1.9425490951597855,0
0.1666299042291407,3.753580985985163,27,0.6938406976301048,0
0.13710661485912953,3.061892844933041,17,0.35919475230653564,0
0.1678282566403605,2.545046201125018,21,0.5159060091240474,0
0.2573320560874598,0.7397349814732936,22,0.9600289225592165,0
0.029922112310094326,1.9078233889847787,14,0.3181835267176988,0
0.4404007787126272,4.371656003965814,21,0.6049826283644475,0
0.07608692273817412,3.5902070691890695,19,0.8928923324279229,0
0.2772138219483544,2.5794188070570017,25,1.5247036070003106,0
0.05630534326588795,0.5497168371072407,27,0.13188697125880594,0
0.2559058577178104,3.744375129417134,30,0.6259209304134873,0
0.1181559492648673,2.206792451396048,29,0.27611647678938545,0
0.27748637438902063,0.8449966741485662,10,0.23217602267270532,0
0.46094660400166854,4.966986037248374,19,1.4242142542061231,0
0.5466289420603119,4.789331932010029,16,1.1998536187411155,0
0.33100849055447484,1.2278821491479583,31,3.1507501123683244,0
0.5214065599575367,1.7971383115578745,29,0.34563118685533556,0
0.5325162833784217,1.4993692317961462,17,1.8589657928017578,0
0.15367907905465789,2.230809989421328,23,0.3555812596938007,0
0.09743982864742613,1.2134551018493203,11,3.1259873078815845,0
0.8734138027848212,0.1040910721900965,2,0.4407241849902794,1
0.17002259033330183,3.4014933609572244,15,0.12730571959327255,0
0.03893693614507106,4.437096979843381,21,1.9389550631589973,0
0.34394461627586953,0.7428157294481879,22,0.715622118743233,0
0.37484690149747185,0.888647963095606,19,2.8734179888201927,0
0.2884378469309097,0.603907319219869,19,1.2692725578323363,0
0.4476556391240572,3.726062354307565,14,1.1742166154723568,0
0.3168942757526075,3.874569341522697,13,0.8149539281781528,0
0.8855882229974527,0.11101253271861312,1,1.3478562908303395,1
0.29379695624481966,1.9441256684521044,26,1.419193128337005,0
0.11823236854286856,2.4565138469553602,17,0.40031088378322116,0
0.9788550490908827,0.06876119464515311,1,1.9862501652732583,1
0.16518294110493217,0.9911604405543968,13,2.5164343966547498,0
0.8929624881904293,0.10739258975797421,2,1.0255975110018447,1
0.6652447815912448,0.1633865067950517,3,8.349051602831024,1
0.19612739587906605,1.5162701844187094,17,0.09602183234264629,0
0.5896621456172211,4.0989598548755755,19,0.08598798098013832,0
0.2815523791505689,3.6883789228511343,20,2.459817618006655,0
0.41587237163371765,4.450339854019739,20,0.19693242916639606,0
0.6905316863091867,0.16235728273696,4,5.341869414535954,1
0.04164738679410529,2.1415928336916386,20,0.4701487431192553,0
0.35086915514849903,3.0977804215185354,20,0.610818783699337,0
0.22792527468949747,1.7325116757912356,27,5.704012696366509,0
0.2657057486906227,2.3153186306363978,17,0.8621575026354528,0
0.13083092519879486,1.9753628605757119,17,0.6459842644125764,0
0.2454431789251269,0.8166733540657818,26,0.8092080317300892,0
0.09529479221182534,4.851784679074562,22,9.51982870388694,0
0.0610401659339671,2.5093494496790756,14,0.04607367865151158,0
0.7857072019830273,0.12604239391142674,1,5.600749394712819,1
0.5203656816947939,4.017401651938014,15,0.6993434528849067,0
0.12110615380088241,3.878300226999397,11,0.4080287827105171,0
0.1781610212823597,0.7421316364655741,23,8.505416826808641,0
0.3925616389400561,4.3739467499417515,25,3.1142774574141185,0
0.5900700206229722,3.1793835797747985,22,1.711249397427761,0
0.9918372788888359,0.10181769452530134,1,8.056211823911026,1
0.16711149826202415,4.598402843588192,25,0.29382765614539635,0
0.3797589054787233,1.5992588058457362,16,0.5365210917112084,0
0.04291923369035892,3.665645150043695,20,1.4084320958619174,0
0.3779796003208809,2.6595982828607734,20,0.6640280917815872,0
0.4835177949154594,1.7764646445237846,16,25.241298998819612,0
0.6105705737551577,2.78157907471625,24,0.5929370976077273,0
0.1367443871992284,0.9640789832783154,18,0.481897661451541,0
0.1235243433560403,1.1469650650274177,19,1.1555962664025217,0
0.2157026222494508,4.0037902692974345,15,2.0441151380103544,0
0.11344675778309353,1.716941072479606,18,0.38319238197517935,0
0.2520703225090959,4.966828649513247,20,1.5323024153242213,0
0.2845315661517862,2.2620996225607026,18,0.7695294657787336,0
0.7550290963839922,0.1274540067770858,1,27.467373697160646,1
0.585439304678658,3.0792849596522096,21,0.19982683002141505,0
0.22203873121033818,0.6511052224988485,23,9.919489002358292,0
0.963480537455403,0.17903270004361643,3,0.16386658581206195,1
0.2980256616325569,2.864381206952543,23,1.6649094901288273,0
0.16272358209439985,0.684264893212122,16,1.01726788494809,0
0.22751324302206033,1.544991190183693,20,0.945484484844267,0
0.3690311495911107,2.815176908667174,19,2.1688280147829637,0
0.22463563659199515,3.8257286520702,17,0.517877761513529,0
0.318188889034477,3.7313400938831096,24,1.602576775138542,0
0.1013447297229741,1.7153383378278755,19,1.5760671567301345,0
0.0065446620532036105,1.7081215765942486,22,0.607722510847104,0
0.9912727219140678,0.07764960054679254,4,148.2914536663049,1
0.3780149611596212,3.81832795555063,20,0.7440843050816465,0
0.333587717017896,3.7834260337028254,11,0.5440562213478802,0
0.2682617476442408,2.4720690133377605,29,0.3548270185184042,0
0.2180819451573629,4.963762851447625,22,0.7116722585483124,0
0.6108588399017597,4.786807628211611,8,0.25187696838120155,0
0.8013709833037468,0.18420192584417613,3,5.472546942840439,1
0.6033685184152585,1.4545122241189201,19,1.5450021904915736,0
0.3219858022669717,4.344540219740188,23,1.332281117537918,0
0.3862984005221247,2.6276995800126213,22,7.4848563248963185,0
0.16412523775900348,2.6094671775227685,9,0.567998738727809,0
0.16290421479292475,2.4369794436394274,16,0.7395365891370778,0
0.3528040119235707,2.8880762345125053,18,3.3398251622574873,0
0.6050824166794847,2.087682339503685,17,0.9947605098070275,0
0.38281569894418466,1.170212397956561,16,0.22292325526877346,0
0.2347812657747211,4.798826598152806,21,0.6065183582241982,0
0.2939439195347789,3.1866911033252276,25,0.5080141919770538,0
0.17557236589725717,0.7055107287818893,20,0.6117493505505952,0
0.3913818202736198,4.917768680417808,24,1.015409075115485,0
0.5657991231097063,2.8343513315644113,32,4.648317040623843,0
0.08925324545106537,4.196395708871735,17,1.9477408933438134,0
0.8719961491254529,1.772498872084608,20,0.40554768983517714,0
0.12382465960737382,2.9102721918030774,21,1.1430365655968016,0
0.2073962309297082,3.3803334643377667,22,0.3157954686834049,0
0.2961661405666229,1.5278250343687212,19,0.30904204911314714,0
0.8069715135089204,0.026596460138306945,1,13.470405114991047,1
0.07846108190875639,2.4341125448109833,21,1.7156515603874847,0
0.0912634177329973,3.989186130744734,19,4.624082886338628,0
0.20293013230446325,3.246212980324524,15,5.027451599879696,0
0.40804294213833114,3.0445669105166395,26,3.467118277778069,0
0.4950347269506153,1.5652467210116898,26,0.36959701730294625,0
0.15538256125180083,3.526304903052407,19,2.3126066055452617,0
0.32055398414997405,3.1541858787583696,20,2.67328406541738,0
0.9080630573314968,0.07233066134750474,0,1.0906438233513176,1
0.03966300884475483,2.5374582935646606,22,2.156796508869355,0
0.12542490683406102,1.718630792371334,23,4.623384408841341,0
0.4371181602775236,1.5584284967311206,15,1.3663734871148856,0
0.7920673619250755,4.721721043615325,24,0.6377091950399333,0
0.22206753172669805,3.1928569010311545,20,0.21445172984853283,0
0.041923970281866646,2.3681532008920962,17,0.714018981560362,0
0.30344593897710526,1.8955767007489057,24,0.1413145731414986,0
0.15695305293844203,1.2983646077692081,18,0.31064071148164624,0
0.14257439809914907,1.9223113094756532,17,0.221384100174669,0
0.7652571486272228,0.12189689801168335,4,11.546638842160817,1
0.16786693198128713,2.723964169160719,20,3.3745310348676303,0
0.1765376279580678,1.6030397261018048,20,10.856326053095824,0
0.16961118534418831,4.544344035543571,28,0.588414708317411,0
0.1098893120148298,3.753998106801559,18,0.43603736793384945,0
0.39907147799716397,2.3819185291596576,23,7.119715804253955,0
0.4622690427393321,1.1693038998769247,23,0.939716231175439,0
0.38976346396763895,2.8075323193391974,15,0.20712360857527412,0
0.4040707425004057,3.618336379467742,18,0.3559641506606894,0
0.1196730445799673,3.642864685316356,18,1.8961418970487165,0
0.3236623302313928,3.1029519048499603,16,1.0838913332556346,0
0.8980771685910963,0.12164226687162154,5,18.115374583780493,1
0.11203891604244376,2.183595148360124,27,0.48274413494164187,0
0.23625992504554658,2.7248112709671437,19,18.515083778461616,0
0.19389614049222642,3.875031591523762,20,0.6002387259354707,0
0.37119295054547,3.5899798002278382,23,2.020970503717727,0
0.263826381708442,0.8879892086461159,26,1.207083674109416,0
0.8000947996245256,0.03671418276276011,2,0.0044838068268419655,1
0.39271603148424655,3.385485018330222,25,0.21710528748351823,0
0.21229366729407909,2.982696799526585,14,3.3429281376151736,0
0.41824942602362547,4.277241011861187,13,1.1282163045518514,0
0.10925352087735925,1.8840102995596988,20,3.533053777075452,0
0.5549221296253126,2.168883221621848,26,0.6742221045751344,0
0.27475659343325465,3.592233700841825,28,2.81896191428838,0
0.4545061206037694,1.6427482807266347,22,1.0680994819044014,0
0.19484978187393917,4.529758600316556,22,2.538540328521598,0
0.6000282052475259,3.7692606660629266,22,1.0059319367246282,0
0.13258455296695126,1.1218257565207619,20,0.11006094884705057,0
0.04520840391207568,1.7910809141076849,22,1.4918831352542778,0
0.20158871935206182,0.6568407519905497,26,0.40349963454746324,0
0.30205497493302635,1.9409977092260444,16,0.19175041853561275,0
0.08703259604421401,4.016594124604654,22,0.7278523436939095,0
0.8135455198004873,0.13220085213840538,3,6.050143140916709,1
0.09547759927633558,4.395672484912346,16,7.24582946552913,0
0.08325538006072494,4.9334923207781785,16,0.699448015284422,0
0.43689684963090986,1.8448810661918045,13,0.23262166046274102,0
0.2578898133251406,4.457341312325223,20,0.5025109467798284,0
0.3584504738699392,3.6000990531788055,20,0.4182993381162755,0
0.4126009967354304,1.523453448601471,17,3.671711384871702,0
0.34752203536647897,0.822261269323768,21,3.5444278331527164,0
0.4568187500688419,0.7730111085087124,24,0.10626015057872473,0
0.1406640108320327,0.5181787285098165,22,0.42101433573660274,0
0.6014945311235568,3.6038273750381373,30,1.947821856121743,0
0.09772670962554864,3.2866371193738835,18,0.620635970630927,0
0.19757672545830163,0.9348525589578252,18,2.641207588589984,0
0.22963410724084393,1.0269015417491998,17,0.8065864114172583,0
0.5246529603952069,2.9599952437682715,30,2.8734448457281236,0
0.40251006260235556,1.5539685386879964,20,9.63421204386569,0
0.4184745459422385,3.1279650477673053,25,3.2441038659867636,0
0.2049692749609849,3.180615420272991,16,0.7648075468740874,0
0.11926169402531898,3.0800746619360866,25,0.6227161120880983,0
0.24148393908823496,4.546642298026241,12,0.23549745160711544,0
0.5714231229500135,3.613019626220032,11,4.3355791821394885,0
0.6752081961311817,0.14205212498121209,2,3.3396909324684163,1
0.10377026953590446,1.4927118159751325,19,7.373455123765074,0
0.13951879546475984,3.075950007118095,15,0.32245466822081853,0
0.22844234224710014,1.182017575580446,18,8.896453700696624,0
0.3482709498479613,3.32903304295254,21,2.829102046035538,0
0.24193831554826184,4.82717402275648,10,1.1468015579500341,0
0.4484998382066926,1.7406438882369846,17,1.7429490686157998,0
0.4672268322984404,0.1733101599481544,0,24.447158252242954,1
0.3173564739747821,3.002873794926782,22,2.623222626663067,0
0.08349596738329011,1.4585858418487145,27,1.7835222417498273,0
0.18290278391575696,0.7171902825128411,18,1.774283147232617,0
0.8470184303550775,0.19325993827370638,1,11.447035471480644,1
0.4732211875031758,1.2533856158421373,19,0.9125283686799516,0
0.38776890242647855,2.420501850419977,23,0.33116561466585887,0
0.14928457852279747,3.425000382383044,26,0.6543615766540098,0
0.2473722100252206,4.602947417168277,20,0.4690696239546253,0
0.17467971690287518,3.2601962913372033,22,0.6200028345093931,0
0.4600549853040866,2.1282523982617914,17,3.4728225365946415,0
0.40536559835718966,3.898481548405829,23,1.3093687183428793,0
0.2523320607403288,1.1994852534303173,16,7.130813898290719,0
0.6638779804668082,3.127326371581764,14,0.35536210075419894,0
0.1925490316499719,4.67899437161275,22,1.0192337365340025,0
0.18801946894649646,1.0036280664544384,27,4.118042938316029,0
0.8704547362597298,0.19708648114161373,2,1.124388808770359,1
0.08441201857922051,4.5200931519906025,28,2.0260930239219186,0
0.3343848331447096,1.6666873112011942,13,0.14696385800603523,0
0.5452120869883833,4.83158100703845,25,0.4271268078563116,0
0.27891713780595684,2.817076039639496,21,0.41087709932572103,0
0.174955701919565,2.8457528414487885,18,1.8853839718626355,0
0.08679933626034003,1.225078630286837,18,1.2702630214382344,0
0.092096902610949,4.478664888677409,15,0.36666972919733465,0
0.6156284878375742,3.2812809809298145,19,0.2149698607967076,0
0.19241555036324143,1.4854760597483772,16,0.36374229402267116,0
0.40945031071037713,4.415856662332823,15,2.9283835629402937,0
0.24919699956110797,1.4535694553971077,16,12.670975998149991,0
0.1283648051028807,0.6630122185227267,25,0.37460287512439194,0
0.887269062715623,0.0767691497086039,1,3.1967565850042488,1
0.18368736586842502,3.4403660901959796,15,0.537108513668625,0
0.16859610317829998,3.1320689113194864,19,0.42285708284054657,0
0.18674549589658868,4.535176527389396,23,0.546580187676213,0
0.30725774159260194,1.7424918991604437,19,4.156555627345803,0
0.3534129310943455,2.581389309155987,15,1.175519631403812,0
0.4476668460254581,2.2643049273137246,25,0.37770755604264517,0
0.09054045983067524,1.0752006407093178,24,0.11087774957949885,0
0.5987645555886085,3.645538882537012,24,0.5922310541292913,0
0.33176284597139966,1.5770198471543169,19,0.3909874770333116,0
0.09545714334133958,2.32895410114664,17,0.49107245263470534,0
0.3111821732230729,4.168133525652545,23,0.9428380299428007,0
0.04443479823552546,1.5218981191040954,23,0.4180654894619179,0
0.5229582255256019,2.0415847209043143,19,0.12001956114630985,0
0.2251854662522571,3.2402465312225344,20,0.617728818483737,0
0.2673616445892566,0.5924001586242286,27,0.6729081263770909,0
0.5324984873909795,4.791499242342276,22,0.7933045340158387,0
0.07902169287700592,4.997997734563415,21,0.5578912741269532,0
0.044291187847648225,3.7899369579526287,18,2.1752514427963394,0
0.24638523661621908,4.91269320913269,21,1.5503016231340836,0
0.2361883830557668,3.5598046882716274,17,0.2747930796845636,0
0.25396223120881906,3.848691061932435,21,0.8113443476708717,0
0.25334017266031783,2.6751697568333794,19,7.302174340961811,0
0.05899500087856511,1.4516051221224542,21,1.4284413422306002,0
0.16156262194944046,0.6646797207255937,25,0.2843386512117591,0
0.45340158414746484,4.404331414299166,16,0.10914362832650706,0
0.2179056682020848,4.092490064408485,17,0.2914622752565056,0
0.05523525553938471,4.796977685990222,21,0.3464114447920746,0
0.17155748744057936,1.5980206125182836,15,1.6166524997383347,0
0.3904327935266181,1.4711480478854608,19,5.841397081182886,0
0.16764525601843713,4.437782205981687,24,0.7422300040808852,0
0.6744303155288206,0.10379139103452044,1,13.285702937521474,1
0.9327519638459337,0.162983687791465,3,0.43184599470773755,1
0.48648113619475286,2.242680325839334,29,2.355902352553681,0
0.22693122992477463,1.5002372614783877,22,1.7177355497324547,0
0.2278895191619665,1.7626709690499425,21,3.3169195703747643,0
0.34481573864225545,2.9604995532405893,24,2.2552408714096095,0
0.1993448624749036,0.6970464198903736,22,2.603220923365423,0
0.5486493744159588,0.06293288600314818,1,19.245059185722724,1
0.31981691788517763,4.281666827395169,33,0.26826237944854275,0
0.291323789480824,2.1820930690986353,21,0.45125271521975374,0
0.5250549450354709,2.377353505661542,17,0.5636020756341286,0
0.63308941017756,2.9879655856774314,13,0.8491990912798629,0
0.7306935894101901,0.04913447939507859,3,4.229356694996899,1
0.22346856790716604,4.989143588420197,15,0.21993081517144772,0
0.044205499679241575,2.8849898082272896,32,1.0186591151635362,0
0.21359367758182024,2.144733840093912,25,2.3643670145862137,0
0.1517949397251281,2.114107988173622,23,0.37709907692546996,0
0.07863583203637378,4.067566224631895,21,3.46186471557402,0
0.2218669814442749,1.9667860928136265,24,1.0959783341029028,0
0.2473282454239654,2.0734996641245163,20,0.726899908209401,0
0.19606449750965943,3.225996360030754,22,0.6235495568880797,0
0.17713655887565471,1.8250190096041565,24,1.4498353872374468,0
0.30361657646828805,0.7270051226057195,19,0.4579988259929622,0
0.07108248322918401,0.7870076948435885,18,0.504488894055911,0
0.1314123238995613,4.672291260558835,15,1.800411810255501,0
0.28930271548056846,4.198279356685207,23,5.404563320027603,0
0.7945598066069253,0.09004381307109245,1,19.271886753979494,1
0.6354746462433651,1.2573147036821475,27,0.9856992802999502,0
0.32724327498946515,1.3690535626689642,18,1.6465918025902888,0
